panel,vector_set,vector_pattern,offset_samples,offset_percent_of_symbol,noise_std,method,pass_rule,frames,frames_passing,frame_pass_share,wilson95_lower,wilson95_upper,failure_share,failure_wilson95_lower,failure_wilson95_upper,timing_acquired_frames,timing_acquisition_share,acquisition_wilson95_lower,acquisition_wilson95_upper,theory_frame_pass_probability,empirical_mae,empirical_rmse,empirical_mean_bias,uncertainty_kind,evidence_label
integer_offsets,fixed_six_v2_vectors,mixed_signs,-8.0,-12.5,0.0,existing_nominal_decoder,abs_error_le_0.25,1,0,0.0,,,1.0,,,,,,,0.0,2.1220703125,2.434449463318786,0.0048828125,deterministic; no sampling interval,SYNTHETIC
integer_offsets,fixed_six_v2_vectors,mixed_signs,-8.0,-12.5,0.0,oracle_exact_timing,abs_error_le_0.25,1,1,1.0,,,0.0,,,,,,,1.0,3.469446951953614e-17,8.326672684688674e-17,-6.938893903907228e-18,deterministic; no sampling interval,SYNTHETIC
integer_offsets,fixed_six_v2_vectors,mixed_signs,-8.0,-12.5,0.0,blind_matched_filter_energy_search,abs_error_le_0.25,1,1,1.0,,,0.0,,,1,1.0,,,,3.469446951953614e-17,8.326672684688674e-17,-6.938893903907228e-18,deterministic; no sampling interval,SYNTHETIC
integer_offsets,fixed_six_v2_vectors,mixed_signs,-8.0,-12.5,0.0,blind_raw_frame_energy_search,abs_error_le_0.25,1,1,1.0,,,0.0,,,1,1.0,,,,3.469446951953614e-17,8.326672684688674e-17,-6.938893903907228e-18,deterministic; no sampling interval,SYNTHETIC
integer_offsets,fixed_six_v2_vectors,sparse_and_zeros,-8.0,-12.5,0.0,existing_nominal_decoder,abs_error_le_0.25,1,0,0.0,,,1.0,,,,,,,0.0,0.416015625,1.1168050044518738,0.041015625,deterministic; no sampling interval,SYNTHETIC
integer_offsets,fixed_six_v2_vectors,sparse_and_zeros,-8.0,-12.5,0.0,oracle_exact_timing,abs_error_le_0.25,1,1,1.0,,,0.0,,,,,,,1.0,0.0,0.0,0.0,deterministic; no sampling interval,SYNTHETIC
integer_offsets,fixed_six_v2_vectors,sparse_and_zeros,-8.0,-12.5,0.0,blind_matched_filter_energy_search,abs_error_le_0.25,1,1,1.0,,,0.0,,,1,1.0,,,,0.0,0.0,0.0,deterministic; no sampling interval,SYNTHETIC
integer_offsets,fixed_six_v2_vectors,sparse_and_zeros,-8.0,-12.5,0.0,blind_raw_frame_energy_search,abs_error_le_0.25,1,1,1.0,,,0.0,,,1,1.0,,,,0.0,0.0,0.0,deterministic; no sampling interval,SYNTHETIC
integer_offsets,fixed_six_v2_vectors,boundary_values,-8.0,-12.5,0.0,existing_nominal_decoder,abs_error_le_0.25,1,0,0.0,,,1.0,,,,,,,0.0,2.1328125,2.663088239009365,0.007812499999999972,deterministic; no sampling interval,SYNTHETIC
integer_offsets,fixed_six_v2_vectors,boundary_values,-8.0,-12.5,0.0,oracle_exact_timing,abs_error_le_0.25,1,1,1.0,,,0.0,,,,,,,1.0,1.3877787807814457e-17,5.551115123125783e-17,-1.3877787807814457e-17,deterministic; no sampling interval,SYNTHETIC
integer_offsets,fixed_six_v2_vectors,boundary_values,-8.0,-12.5,0.0,blind_matched_filter_energy_search,abs_error_le_0.25,1,1,1.0,,,0.0,,,1,1.0,,,,1.3877787807814457e-17,5.551115123125783e-17,-1.3877787807814457e-17,deterministic; no sampling interval,SYNTHETIC
integer_offsets,fixed_six_v2_vectors,boundary_values,-8.0,-12.5,0.0,blind_raw_frame_energy_search,abs_error_le_0.25,1,1,1.0,,,0.0,,,1,1.0,,,,1.3877787807814457e-17,5.551115123125783e-17,-1.3877787807814457e-17,deterministic; no sampling interval,SYNTHETIC
integer_offsets,fixed_six_v2_vectors,randomized_1,-8.0,-12.5,0.0,existing_nominal_decoder,abs_error_le_0.25,1,0,0.0,,,1.0,,,,,,,0.0,2.4275161058988406,2.6160222686131704,-0.33743701323846187,deterministic; no sampling interval,SYNTHETIC
integer_offsets,fixed_six_v2_vectors,randomized_1,-8.0,-12.5,0.0,oracle_exact_timing,abs_error_le_0.25,1,1,1.0,,,0.0,,,,,,,1.0,5.377642775528102e-17,1.0614466625631893e-16,-1.734723475976807e-18,deterministic; no sampling interval,SYNTHETIC
integer_offsets,fixed_six_v2_vectors,randomized_1,-8.0,-12.5,0.0,blind_matched_filter_energy_search,abs_error_le_0.25,1,1,1.0,,,0.0,,,1,1.0,,,,5.377642775528102e-17,1.0614466625631893e-16,-1.734723475976807e-18,deterministic; no sampling interval,SYNTHETIC
integer_offsets,fixed_six_v2_vectors,randomized_1,-8.0,-12.5,0.0,blind_raw_frame_energy_search,abs_error_le_0.25,1,1,1.0,,,0.0,,,1,1.0,,,,5.377642775528102e-17,1.0614466625631893e-16,-1.734723475976807e-18,deterministic; no sampling interval,SYNTHETIC
integer_offsets,fixed_six_v2_vectors,randomized_2,-8.0,-12.5,0.0,existing_nominal_decoder,abs_error_le_0.25,1,0,0.0,,,1.0,,,,,,,0.0,2.369765843989972,2.584399182917589,0.2790154917706465,deterministic; no sampling interval,SYNTHETIC
integer_offsets,fixed_six_v2_vectors,randomized_2,-8.0,-12.5,0.0,oracle_exact_timing,abs_error_le_0.25,1,1,1.0,,,0.0,,,,,,,1.0,3.122502256758253e-17,8.092071311423672e-17,-1.734723475976807e-17,deterministic; no sampling interval,SYNTHETIC
integer_offsets,fixed_six_v2_vectors,randomized_2,-8.0,-12.5,0.0,blind_matched_filter_energy_search,abs_error_le_0.25,1,1,1.0,,,0.0,,,1,1.0,,,,3.122502256758253e-17,8.092071311423672e-17,-1.734723475976807e-17,deterministic; no sampling interval,SYNTHETIC
integer_offsets,fixed_six_v2_vectors,randomized_2,-8.0,-12.5,0.0,blind_raw_frame_energy_search,abs_error_le_0.25,1,1,1.0,,,0.0,,,1,1.0,,,,3.122502256758253e-17,8.092071311423672e-17,-1.734723475976807e-17,deterministic; no sampling interval,SYNTHETIC
integer_offsets,fixed_six_v2_vectors,randomized_3,-8.0,-12.5,0.0,existing_nominal_decoder,abs_error_le_0.25,1,0,0.0,,,1.0,,,,,,,0.0,1.7420879148795807,1.990337515523803,0.12914742801197576,deterministic; no sampling interval,SYNTHETIC
integer_offsets,fixed_six_v2_vectors,randomized_3,-8.0,-12.5,0.0,oracle_exact_timing,abs_error_le_0.25,1,1,1.0,,,0.0,,,,,,,1.0,3.165870343657673e-17,9.816143974602446e-17,-2.3852447794681098e-17,deterministic; no sampling interval,SYNTHETIC
integer_offsets,fixed_six_v2_vectors,randomized_3,-8.0,-12.5,0.0,blind_matched_filter_energy_search,abs_error_le_0.25,1,1,1.0,,,0.0,,,1,1.0,,,,3.165870343657673e-17,9.816143974602446e-17,-2.3852447794681098e-17,deterministic; no sampling interval,SYNTHETIC
integer_offsets,fixed_six_v2_vectors,randomized_3,-8.0,-12.5,0.0,blind_raw_frame_energy_search,abs_error_le_0.25,1,1,1.0,,,0.0,,,1,1.0,,,,3.165870343657673e-17,9.816143974602446e-17,-2.3852447794681098e-17,deterministic; no sampling interval,SYNTHETIC
integer_offsets,fixed_six_v2_vectors,POOLED_ALL_VECTORS,-8.0,-12.5,0.0,existing_nominal_decoder,abs_error_le_0.25,6,0,0.0,,,1.0,,,,,,,0.0,1.8683780503780654,2.3003612632373795,0.020739474007360054,deterministic; no sampling interval,SYNTHETIC
integer_offsets,fixed_six_v2_vectors,POOLED_ALL_VECTORS,-8.0,-12.5,0.0,oracle_exact_timing,abs_error_le_0.25,6,6,1.0,,,0.0,,,,,,,1.0,2.7538735181131813e-17,7.902041503034511e-17,-1.0625181290357943e-17,deterministic; no sampling interval,SYNTHETIC
integer_offsets,fixed_six_v2_vectors,POOLED_ALL_VECTORS,-8.0,-12.5,0.0,blind_matched_filter_energy_search,abs_error_le_0.25,6,6,1.0,,,0.0,,,6,1.0,,,,2.7538735181131813e-17,7.902041503034511e-17,-1.0625181290357943e-17,deterministic; no sampling interval,SYNTHETIC
integer_offsets,fixed_six_v2_vectors,POOLED_ALL_VECTORS,-8.0,-12.5,0.0,blind_raw_frame_energy_search,abs_error_le_0.25,6,6,1.0,,,0.0,,,6,1.0,,,,2.7538735181131813e-17,7.902041503034511e-17,-1.0625181290357943e-17,deterministic; no sampling interval,SYNTHETIC
integer_offsets,fixed_six_v2_vectors,mixed_signs,-8.0,-12.5,0.45,existing_nominal_decoder,abs_error_le_0.25,2000,0,0.0,1.0842021724855044e-19,0.001917047281252934,1.0,0.998082952718747,1.0,,,,,0.0,2.122073618764489,2.4358285345891892,0.005085805138457116,two-sided 95% Wilson interval; conditional on the vector panel and synthetic IID draws,SYNTHETIC
integer_offsets,fixed_six_v2_vectors,mixed_signs,-8.0,-12.5,0.45,oracle_exact_timing,abs_error_le_0.25,2000,1889,0.9445,0.9335871935538151,0.9537085514131509,0.0555,0.04629144858684908,0.06641280644618486,,,,,0.9477992034686994,0.06366629525543525,0.07978848273307221,-0.0002451183981388509,two-sided 95% Wilson interval; conditional on the vector panel and synthetic IID draws,SYNTHETIC
integer_offsets,fixed_six_v2_vectors,mixed_signs,-8.0,-12.5,0.45,blind_matched_filter_energy_search,abs_error_le_0.25,2000,1889,0.9445,0.9335871935538151,0.9537085514131509,0.0555,0.04629144858684908,0.06641280644618486,2000,1.0,0.9980829527187469,0.9999999999999998,,0.06366629525543525,0.07978848273307221,-0.0002451183981388509,two-sided 95% Wilson interval; conditional on the vector panel and synthetic IID draws,SYNTHETIC
integer_offsets,fixed_six_v2_vectors,mixed_signs,-8.0,-12.5,0.45,blind_raw_frame_energy_search,abs_error_le_0.25,2000,954,0.477,0.4551751724430595,0.49891301173187796,0.523,0.501086988268122,0.5448248275569405,927,0.4635,0.4417362201390271,0.4854037243125043,,0.2717430835983628,0.48465038792562426,-0.0007030631719132312,two-sided 95% Wilson interval; conditional on the vector panel and synthetic IID draws,SYNTHETIC
integer_offsets,fixed_six_v2_vectors,sparse_and_zeros,-8.0,-12.5,0.45,existing_nominal_decoder,abs_error_le_0.25,2000,0,0.0,1.0842021724855044e-19,0.001917047281252934,1.0,0.998082952718747,1.0,,,,,0.0,0.4623805571807735,1.1195235422730871,0.04109334337102222,two-sided 95% Wilson interval; conditional on the vector panel and synthetic IID draws,SYNTHETIC
integer_offsets,fixed_six_v2_vectors,sparse_and_zeros,-8.0,-12.5,0.45,oracle_exact_timing,abs_error_le_0.25,2000,1915,0.9575,0.9477470814477515,0.965498820289902,0.0425,0.03450117971009803,0.05225291855224845,,,,,0.9477992034686994,0.06297589830128299,0.07896688287465045,-7.802593714659378e-05,two-sided 95% Wilson interval; conditional on the vector panel and synthetic IID draws,SYNTHETIC
integer_offsets,fixed_six_v2_vectors,sparse_and_zeros,-8.0,-12.5,0.45,blind_matched_filter_energy_search,abs_error_le_0.25,2000,1915,0.9575,0.9477470814477515,0.965498820289902,0.0425,0.03450117971009803,0.05225291855224845,2000,1.0,0.9980829527187469,0.9999999999999998,,0.06297589830128299,0.07896688287465045,-7.802593714659378e-05,two-sided 95% Wilson interval; conditional on the vector panel and synthetic IID draws,SYNTHETIC
integer_offsets,fixed_six_v2_vectors,sparse_and_zeros,-8.0,-12.5,0.45,blind_raw_frame_energy_search,abs_error_le_0.25,2000,1233,0.6165,0.5949859840044054,0.6375673439790628,0.3835,0.3624326560209372,0.4050140159955946,1081,0.5405,0.5186021072597079,0.5622426119105105,,0.09434571446561185,0.1983143712223476,0.0036935722528471777,two-sided 95% Wilson interval; conditional on the vector panel and synthetic IID draws,SYNTHETIC
integer_offsets,fixed_six_v2_vectors,boundary_values,-8.0,-12.5,0.45,existing_nominal_decoder,abs_error_le_0.25,2000,0,0.0,1.0842021724855044e-19,0.001917047281252934,1.0,0.998082952718747,1.0,,,,,0.0,2.1431941815872104,2.664373119180513,0.007475237477839739,two-sided 95% Wilson interval; conditional on the vector panel and synthetic IID draws,SYNTHETIC
integer_offsets,fixed_six_v2_vectors,boundary_values,-8.0,-12.5,0.45,oracle_exact_timing,abs_error_le_0.25,2000,1904,0.952,0.9417339082484883,0.9605330810092589,0.048,0.03946691899074106,0.05826609175151165,,,,,0.9477992034686994,0.06342128074231496,0.07948103948205189,0.00032744255704292063,two-sided 95% Wilson interval; conditional on the vector panel and synthetic IID draws,SYNTHETIC
integer_offsets,fixed_six_v2_vectors,boundary_values,-8.0,-12.5,0.45,blind_matched_filter_energy_search,abs_error_le_0.25,2000,1904,0.952,0.9417339082484883,0.9605330810092589,0.048,0.03946691899074106,0.05826609175151165,2000,1.0,0.9980829527187469,0.9999999999999998,,0.06342128074231496,0.07948103948205189,0.00032744255704292063,two-sided 95% Wilson interval; conditional on the vector panel and synthetic IID draws,SYNTHETIC
integer_offsets,fixed_six_v2_vectors,boundary_values,-8.0,-12.5,0.45,blind_raw_frame_energy_search,abs_error_le_0.25,2000,1283,0.6415,0.6202298853752944,0.6622275902441109,0.3585,0.33777240975588907,0.37977011462470556,1337,0.6685,0.647562980391453,0.6887909746747648,,0.15784323358742977,0.3038665091930985,0.0003328871556454901,two-sided 95% Wilson interval; conditional on the vector panel and synthetic IID draws,SYNTHETIC
integer_offsets,fixed_six_v2_vectors,randomized_1,-8.0,-12.5,0.45,existing_nominal_decoder,abs_error_le_0.25,2000,0,0.0,1.0842021724855044e-19,0.001917047281252934,1.0,0.998082952718747,1.0,,,,,0.0,2.4271216288032518,2.616768055521607,-0.33764575238410066,two-sided 95% Wilson interval; conditional on the vector panel and synthetic IID draws,SYNTHETIC
integer_offsets,fixed_six_v2_vectors,randomized_1,-8.0,-12.5,0.45,oracle_exact_timing,abs_error_le_0.25,2000,1919,0.9595,0.9499431768629318,0.9672950566855967,0.0405,0.03270494331440332,0.05005682313706816,,,,,0.9477992034686994,0.06335742873439255,0.07922893285380793,0.00022464680778142105,two-sided 95% Wilson interval; conditional on the vector panel and synthetic IID draws,SYNTHETIC
integer_offsets,fixed_six_v2_vectors,randomized_1,-8.0,-12.5,0.45,blind_matched_filter_energy_search,abs_error_le_0.25,2000,1919,0.9595,0.9499431768629318,0.9672950566855967,0.0405,0.03270494331440332,0.05005682313706816,2000,1.0,0.9980829527187469,0.9999999999999998,,0.06335742873439255,0.07922893285380793,0.00022464680778142105,two-sided 95% Wilson interval; conditional on the vector panel and synthetic IID draws,SYNTHETIC
integer_offsets,fixed_six_v2_vectors,randomized_1,-8.0,-12.5,0.45,blind_raw_frame_energy_search,abs_error_le_0.25,2000,1247,0.6235,0.6020481889453447,0.6444783003761859,0.3765,0.3555216996238141,0.39795181105465527,1263,0.6315,0.6101250460309638,0.6523707705340666,,0.18059342632805706,0.31275416931247413,-0.018089140379250416,two-sided 95% Wilson interval; conditional on the vector panel and synthetic IID draws,SYNTHETIC
integer_offsets,fixed_six_v2_vectors,randomized_2,-8.0,-12.5,0.45,existing_nominal_decoder,abs_error_le_0.25,2000,0,0.0,1.0842021724855044e-19,0.001917047281252934,1.0,0.998082952718747,1.0,,,,,0.0,2.3701767128584197,2.5859753016376117,0.2792824497132095,two-sided 95% Wilson interval; conditional on the vector panel and synthetic IID draws,SYNTHETIC
integer_offsets,fixed_six_v2_vectors,randomized_2,-8.0,-12.5,0.45,oracle_exact_timing,abs_error_le_0.25,2000,1885,0.9425,0.9314237261895166,0.9518796869665744,0.0575,0.048120313033425566,0.06857627381048337,,,,,0.9477992034686994,0.06358647492385183,0.07970554733972253,-0.00024110170125797613,two-sided 95% Wilson interval; conditional on the vector panel and synthetic IID draws,SYNTHETIC
integer_offsets,fixed_six_v2_vectors,randomized_2,-8.0,-12.5,0.45,blind_matched_filter_energy_search,abs_error_le_0.25,2000,1885,0.9425,0.9314237261895166,0.9518796869665744,0.0575,0.048120313033425566,0.06857627381048337,2000,1.0,0.9980829527187469,0.9999999999999998,,0.06358647492385183,0.07970554733972253,-0.00024110170125797613,two-sided 95% Wilson interval; conditional on the vector panel and synthetic IID draws,SYNTHETIC
integer_offsets,fixed_six_v2_vectors,randomized_2,-8.0,-12.5,0.45,blind_raw_frame_energy_search,abs_error_le_0.25,2000,317,0.1585,0.14315092058681417,0.17515842270628157,0.8415,0.8248415772937184,0.8568490794131858,300,0.15,0.1350225249497082,0.1663194081471688,,1.0214970562269203,1.4215196911860462,0.11483914257211222,two-sided 95% Wilson interval; conditional on the vector panel and synthetic IID draws,SYNTHETIC
integer_offsets,fixed_six_v2_vectors,randomized_3,-8.0,-12.5,0.45,existing_nominal_decoder,abs_error_le_0.25,2000,0,0.0,1.0842021724855044e-19,0.001917047281252934,1.0,0.998082952718747,1.0,,,,,0.0,1.7444782213470098,1.9921422981449994,0.12943471554941366,two-sided 95% Wilson interval; conditional on the vector panel and synthetic IID draws,SYNTHETIC
integer_offsets,fixed_six_v2_vectors,randomized_3,-8.0,-12.5,0.45,oracle_exact_timing,abs_error_le_0.25,2000,1893,0.9465,0.935754264314357,0.955533812463484,0.0535,0.04446618753651599,0.06424573568564296,,,,,0.9477992034686994,0.06339609825051386,0.0793696316713609,-0.00028214470372851466,two-sided 95% Wilson interval; conditional on the vector panel and synthetic IID draws,SYNTHETIC
integer_offsets,fixed_six_v2_vectors,randomized_3,-8.0,-12.5,0.45,blind_matched_filter_energy_search,abs_error_le_0.25,2000,1893,0.9465,0.935754264314357,0.955533812463484,0.0535,0.04446618753651599,0.06424573568564296,2000,1.0,0.9980829527187469,0.9999999999999998,,0.06339609825051386,0.0793696316713609,-0.00028214470372851466,two-sided 95% Wilson interval; conditional on the vector panel and synthetic IID draws,SYNTHETIC
integer_offsets,fixed_six_v2_vectors,randomized_3,-8.0,-12.5,0.45,blind_raw_frame_energy_search,abs_error_le_0.25,2000,354,0.177,0.16089671809231565,0.19434169445137367,0.823,0.8056583055486264,0.8391032819076844,242,0.121,0.10742889948295903,0.13602422235623068,,0.7256044023761508,1.1024081148520368,0.05342616095404613,two-sided 95% Wilson interval; conditional on the vector panel and synthetic IID draws,SYNTHETIC
integer_offsets,fixed_six_v2_vectors,POOLED_ALL_VECTORS,-8.0,-12.5,0.45,existing_nominal_decoder,abs_error_le_0.25,12000,0,0.0,0.0,0.0003200191233674895,1.0,0.9996799808766325,1.0,,,,,0.0,1.878237486756859,2.3017693188418775,0.020787633144306927,two-sided 95% Wilson interval; conditional on the vector panel and synthetic IID draws,SYNTHETIC
integer_offsets,fixed_six_v2_vectors,POOLED_ALL_VECTORS,-8.0,-12.5,0.45,oracle_exact_timing,abs_error_le_0.25,12000,11405,0.9504166666666667,0.9463864441068608,0.954158605332839,0.04958333333333333,0.04584139466716097,0.05361355589313921,,,,,0.9477992034686994,0.06340057936796524,0.07942390772982807,-4.905022924126559e-05,two-sided 95% Wilson interval; conditional on the vector panel and synthetic IID draws,SYNTHETIC
integer_offsets,fixed_six_v2_vectors,POOLED_ALL_VECTORS,-8.0,-12.5,0.45,blind_matched_filter_energy_search,abs_error_le_0.25,12000,11405,0.9504166666666667,0.9463864441068608,0.954158605332839,0.04958333333333333,0.04584139466716097,0.05361355589313921,12000,1.0,0.9996799808766326,1.0,,0.06340057936796524,0.07942390772982807,-4.905022924126559e-05,two-sided 95% Wilson interval; conditional on the vector panel and synthetic IID draws,SYNTHETIC
integer_offsets,fixed_six_v2_vectors,POOLED_ALL_VECTORS,-8.0,-12.5,0.45,blind_raw_frame_energy_search,abs_error_le_0.25,12000,5388,0.449,0.4401184179933399,0.4579142239572436,0.551,0.5420857760427564,0.55988158200666,5150,0.42916666666666664,0.42033497738900066,0.43804369198680965,,0.4086044860970887,0.7853222797364364,0.025583259897247895,two-sided 95% Wilson interval; conditional on the vector panel and synthetic IID draws,SYNTHETIC
integer_offsets,fixed_six_v2_vectors,mixed_signs,-4.0,-6.25,0.0,existing_nominal_decoder,abs_error_le_0.25,1,0,0.0,,,1.0,,,,,,,0.0,1.0738525390625,1.242075597173142,0.0006103515625000815,deterministic; no sampling interval,SYNTHETIC
integer_offsets,fixed_six_v2_vectors,mixed_signs,-4.0,-6.25,0.0,oracle_exact_timing,abs_error_le_0.25,1,1,1.0,,,0.0,,,,,,,1.0,3.469446951953614e-17,8.326672684688674e-17,-6.938893903907228e-18,deterministic; no sampling interval,SYNTHETIC
integer_offsets,fixed_six_v2_vectors,mixed_signs,-4.0,-6.25,0.0,blind_matched_filter_energy_search,abs_error_le_0.25,1,1,1.0,,,0.0,,,1,1.0,,,,3.469446951953614e-17,8.326672684688674e-17,-6.938893903907228e-18,deterministic; no sampling interval,SYNTHETIC
integer_offsets,fixed_six_v2_vectors,mixed_signs,-4.0,-6.25,0.0,blind_raw_frame_energy_search,abs_error_le_0.25,1,1,1.0,,,0.0,,,1,1.0,,,,3.469446951953614e-17,8.326672684688674e-17,-6.938893903907228e-18,deterministic; no sampling interval,SYNTHETIC
integer_offsets,fixed_six_v2_vectors,sparse_and_zeros,-4.0,-6.25,0.0,existing_nominal_decoder,abs_error_le_0.25,1,0,0.0,,,1.0,,,,,,,0.0,0.210205078125,0.5853406791197108,0.02270507812500002,deterministic; no sampling interval,SYNTHETIC
integer_offsets,fixed_six_v2_vectors,sparse_and_zeros,-4.0,-6.25,0.0,oracle_exact_timing,abs_error_le_0.25,1,1,1.0,,,0.0,,,,,,,1.0,0.0,0.0,0.0,deterministic; no sampling interval,SYNTHETIC
integer_offsets,fixed_six_v2_vectors,sparse_and_zeros,-4.0,-6.25,0.0,blind_matched_filter_energy_search,abs_error_le_0.25,1,1,1.0,,,0.0,,,1,1.0,,,,0.0,0.0,0.0,deterministic; no sampling interval,SYNTHETIC
integer_offsets,fixed_six_v2_vectors,sparse_and_zeros,-4.0,-6.25,0.0,blind_raw_frame_energy_search,abs_error_le_0.25,1,1,1.0,,,0.0,,,1,1.0,,,,0.0,0.0,0.0,deterministic; no sampling interval,SYNTHETIC
integer_offsets,fixed_six_v2_vectors,boundary_values,-4.0,-6.25,0.0,existing_nominal_decoder,abs_error_le_0.25,1,0,0.0,,,1.0,,,,,,,0.0,1.0869140625,1.3699508172555754,0.0009765625000000694,deterministic; no sampling interval,SYNTHETIC
integer_offsets,fixed_six_v2_vectors,boundary_values,-4.0,-6.25,0.0,oracle_exact_timing,abs_error_le_0.25,1,1,1.0,,,0.0,,,,,,,1.0,1.3877787807814457e-17,5.551115123125783e-17,-1.3877787807814457e-17,deterministic; no sampling interval,SYNTHETIC
integer_offsets,fixed_six_v2_vectors,boundary_values,-4.0,-6.25,0.0,blind_matched_filter_energy_search,abs_error_le_0.25,1,1,1.0,,,0.0,,,1,1.0,,,,1.3877787807814457e-17,5.551115123125783e-17,-1.3877787807814457e-17,deterministic; no sampling interval,SYNTHETIC
integer_offsets,fixed_six_v2_vectors,boundary_values,-4.0,-6.25,0.0,blind_raw_frame_energy_search,abs_error_le_0.25,1,1,1.0,,,0.0,,,1,1.0,,,,1.3877787807814457e-17,5.551115123125783e-17,-1.3877787807814457e-17,deterministic; no sampling interval,SYNTHETIC
integer_offsets,fixed_six_v2_vectors,randomized_1,-4.0,-6.25,0.0,existing_nominal_decoder,abs_error_le_0.25,1,0,0.0,,,1.0,,,,,,,0.0,1.2687181664618468,1.3705219844875058,-0.17150775804460028,deterministic; no sampling interval,SYNTHETIC
integer_offsets,fixed_six_v2_vectors,randomized_1,-4.0,-6.25,0.0,oracle_exact_timing,abs_error_le_0.25,1,1,1.0,,,0.0,,,,,,,1.0,5.377642775528102e-17,1.0614466625631893e-16,-1.734723475976807e-18,deterministic; no sampling interval,SYNTHETIC
integer_offsets,fixed_six_v2_vectors,randomized_1,-4.0,-6.25,0.0,blind_matched_filter_energy_search,abs_error_le_0.25,1,1,1.0,,,0.0,,,1,1.0,,,,5.377642775528102e-17,1.0614466625631893e-16,-1.734723475976807e-18,deterministic; no sampling interval,SYNTHETIC
integer_offsets,fixed_six_v2_vectors,randomized_1,-4.0,-6.25,0.0,blind_raw_frame_energy_search,abs_error_le_0.25,1,1,1.0,,,0.0,,,1,1.0,,,,5.377642775528102e-17,1.0614466625631893e-16,-1.734723475976807e-18,deterministic; no sampling interval,SYNTHETIC
integer_offsets,fixed_six_v2_vectors,randomized_2,-4.0,-6.25,0.0,existing_nominal_decoder,abs_error_le_0.25,1,0,0.0,,,1.0,,,,,,,0.0,1.2388818448620231,1.3455412856507663,0.13909076850832042,deterministic; no sampling interval,SYNTHETIC
integer_offsets,fixed_six_v2_vectors,randomized_2,-4.0,-6.25,0.0,oracle_exact_timing,abs_error_le_0.25,1,1,1.0,,,0.0,,,,,,,1.0,3.122502256758253e-17,8.092071311423672e-17,-1.734723475976807e-17,deterministic; no sampling interval,SYNTHETIC
integer_offsets,fixed_six_v2_vectors,randomized_2,-4.0,-6.25,0.0,blind_matched_filter_energy_search,abs_error_le_0.25,1,1,1.0,,,0.0,,,1,1.0,,,,3.122502256758253e-17,8.092071311423672e-17,-1.734723475976807e-17,deterministic; no sampling interval,SYNTHETIC
integer_offsets,fixed_six_v2_vectors,randomized_2,-4.0,-6.25,0.0,blind_raw_frame_energy_search,abs_error_le_0.25,1,1,1.0,,,0.0,,,1,1.0,,,,3.122502256758253e-17,8.092071311423672e-17,-1.734723475976807e-17,deterministic; no sampling interval,SYNTHETIC
integer_offsets,fixed_six_v2_vectors,randomized_3,-4.0,-6.25,0.0,existing_nominal_decoder,abs_error_le_0.25,1,0,0.0,,,1.0,,,,,,,0.0,0.918242424353112,1.0472929310762724,0.06606245958315704,deterministic; no sampling interval,SYNTHETIC
integer_offsets,fixed_six_v2_vectors,randomized_3,-4.0,-6.25,0.0,oracle_exact_timing,abs_error_le_0.25,1,1,1.0,,,0.0,,,,,,,1.0,3.165870343657673e-17,9.816143974602446e-17,-2.3852447794681098e-17,deterministic; no sampling interval,SYNTHETIC
integer_offsets,fixed_six_v2_vectors,randomized_3,-4.0,-6.25,0.0,blind_matched_filter_energy_search,abs_error_le_0.25,1,1,1.0,,,0.0,,,1,1.0,,,,3.165870343657673e-17,9.816143974602446e-17,-2.3852447794681098e-17,deterministic; no sampling interval,SYNTHETIC
integer_offsets,fixed_six_v2_vectors,randomized_3,-4.0,-6.25,0.0,blind_raw_frame_energy_search,abs_error_le_0.25,1,1,1.0,,,0.0,,,1,1.0,,,,3.165870343657673e-17,9.816143974602446e-17,-2.3852447794681098e-17,deterministic; no sampling interval,SYNTHETIC
integer_offsets,fixed_six_v2_vectors,POOLED_ALL_VECTORS,-4.0,-6.25,0.0,existing_nominal_decoder,abs_error_le_0.25,6,0,0.0,,,1.0,,,,,,,0.0,0.9661356858940803,1.193578309556407,0.009656243705729572,deterministic; no sampling interval,SYNTHETIC
integer_offsets,fixed_six_v2_vectors,POOLED_ALL_VECTORS,-4.0,-6.25,0.0,oracle_exact_timing,abs_error_le_0.25,6,6,1.0,,,0.0,,,,,,,1.0,2.7538735181131813e-17,7.902041503034511e-17,-1.0625181290357943e-17,deterministic; no sampling interval,SYNTHETIC
integer_offsets,fixed_six_v2_vectors,POOLED_ALL_VECTORS,-4.0,-6.25,0.0,blind_matched_filter_energy_search,abs_error_le_0.25,6,6,1.0,,,0.0,,,6,1.0,,,,2.7538735181131813e-17,7.902041503034511e-17,-1.0625181290357943e-17,deterministic; no sampling interval,SYNTHETIC
integer_offsets,fixed_six_v2_vectors,POOLED_ALL_VECTORS,-4.0,-6.25,0.0,blind_raw_frame_energy_search,abs_error_le_0.25,6,6,1.0,,,0.0,,,6,1.0,,,,2.7538735181131813e-17,7.902041503034511e-17,-1.0625181290357943e-17,deterministic; no sampling interval,SYNTHETIC
integer_offsets,fixed_six_v2_vectors,mixed_signs,-4.0,-6.25,0.45,existing_nominal_decoder,abs_error_le_0.25,2000,0,0.0,1.0842021724855044e-19,0.001917047281252934,1.0,0.998082952718747,1.0,,,,,0.0,1.0742756891213885,1.2445202790937528,0.0006407818115022989,two-sided 95% Wilson interval; conditional on the vector panel and synthetic IID draws,SYNTHETIC
integer_offsets,fixed_six_v2_vectors,mixed_signs,-4.0,-6.25,0.45,oracle_exact_timing,abs_error_le_0.25,2000,1907,0.9535,0.9433703066271119,0.9618909314887917,0.0465,0.03810906851120832,0.056629693372888146,,,,,0.9477992034686994,0.06351874956978429,0.07954220500427313,-0.0007731428031230131,two-sided 95% Wilson interval; conditional on the vector panel and synthetic IID draws,SYNTHETIC
integer_offsets,fixed_six_v2_vectors,mixed_signs,-4.0,-6.25,0.45,blind_matched_filter_energy_search,abs_error_le_0.25,2000,1907,0.9535,0.9433703066271119,0.9618909314887917,0.0465,0.03810906851120832,0.056629693372888146,2000,1.0,0.9980829527187469,0.9999999999999998,,0.06351874956978429,0.07954220500427313,-0.0007731428031230131,two-sided 95% Wilson interval; conditional on the vector panel and synthetic IID draws,SYNTHETIC
integer_offsets,fixed_six_v2_vectors,mixed_signs,-4.0,-6.25,0.45,blind_raw_frame_energy_search,abs_error_le_0.25,2000,944,0.472,0.450195915853408,0.49391143879434196,0.528,0.506088561205658,0.549804084146592,931,0.4655,0.4437261649389321,0.4874061113234743,,0.2783991689290651,0.4971418983526481,-0.00035023266393250567,two-sided 95% Wilson interval; conditional on the vector panel and synthetic IID draws,SYNTHETIC
integer_offsets,fixed_six_v2_vectors,sparse_and_zeros,-4.0,-6.25,0.45,existing_nominal_decoder,abs_error_le_0.25,2000,0,0.0,1.0842021724855044e-19,0.001917047281252934,1.0,0.998082952718747,1.0,,,,,0.0,0.2614508118769123,0.5905975235524761,0.022671005676889355,two-sided 95% Wilson interval; conditional on the vector panel and synthetic IID draws,SYNTHETIC
integer_offsets,fixed_six_v2_vectors,sparse_and_zeros,-4.0,-6.25,0.45,oracle_exact_timing,abs_error_le_0.25,2000,1885,0.9425,0.9314237261895166,0.9518796869665744,0.0575,0.048120313033425566,0.06857627381048337,,,,,0.9477992034686994,0.06354352713169906,0.0799130988971504,0.00039111253591869933,two-sided 95% Wilson interval; conditional on the vector panel and synthetic IID draws,SYNTHETIC
integer_offsets,fixed_six_v2_vectors,sparse_and_zeros,-4.0,-6.25,0.45,blind_matched_filter_energy_search,abs_error_le_0.25,2000,1885,0.9425,0.9314237261895166,0.9518796869665744,0.0575,0.048120313033425566,0.06857627381048337,2000,1.0,0.9980829527187469,0.9999999999999998,,0.06354352713169906,0.0799130988971504,0.00039111253591869933,two-sided 95% Wilson interval; conditional on the vector panel and synthetic IID draws,SYNTHETIC
integer_offsets,fixed_six_v2_vectors,sparse_and_zeros,-4.0,-6.25,0.45,blind_raw_frame_energy_search,abs_error_le_0.25,2000,1193,0.5965,0.5748337568371767,0.6177962530375415,0.4035,0.3822037469624585,0.42516624316282325,1049,0.5245,0.5025872298490504,0.5463188348341681,,0.09569512051882935,0.20124979300705678,0.004369748894125937,two-sided 95% Wilson interval; conditional on the vector panel and synthetic IID draws,SYNTHETIC
integer_offsets,fixed_six_v2_vectors,boundary_values,-4.0,-6.25,0.45,existing_nominal_decoder,abs_error_le_0.25,2000,0,0.0,1.0842021724855044e-19,0.001917047281252934,1.0,0.998082952718747,1.0,,,,,0.0,1.1011924049564459,1.3728543255681496,0.0009967524098569902,two-sided 95% Wilson interval; conditional on the vector panel and synthetic IID draws,SYNTHETIC
integer_offsets,fixed_six_v2_vectors,boundary_values,-4.0,-6.25,0.45,oracle_exact_timing,abs_error_le_0.25,2000,1902,0.951,0.9406443633026171,0.9596264600496927,0.049,0.04037353995030735,0.05935563669738286,,,,,0.9477992034686994,0.06358976792965222,0.07962919838385717,-0.0006726246686408476,two-sided 95% Wilson interval; conditional on the vector panel and synthetic IID draws,SYNTHETIC
integer_offsets,fixed_six_v2_vectors,boundary_values,-4.0,-6.25,0.45,blind_matched_filter_energy_search,abs_error_le_0.25,2000,1902,0.951,0.9406443633026171,0.9596264600496927,0.049,0.04037353995030735,0.05935563669738286,2000,1.0,0.9980829527187469,0.9999999999999998,,0.06358976792965222,0.07962919838385717,-0.0006726246686408476,two-sided 95% Wilson interval; conditional on the vector panel and synthetic IID draws,SYNTHETIC
integer_offsets,fixed_six_v2_vectors,boundary_values,-4.0,-6.25,0.45,blind_raw_frame_energy_search,abs_error_le_0.25,2000,1264,0.632,0.610630055505476,0.6528638440122732,0.368,0.34713615598772685,0.389369944494524,1301,0.6505,0.6293327042140654,0.6710902645542774,,0.15804854783055733,0.29718865387247334,-0.0008893827811352033,two-sided 95% Wilson interval; conditional on the vector panel and synthetic IID draws,SYNTHETIC
integer_offsets,fixed_six_v2_vectors,randomized_1,-4.0,-6.25,0.45,existing_nominal_decoder,abs_error_le_0.25,2000,0,0.0,1.0842021724855044e-19,0.001917047281252934,1.0,0.998082952718747,1.0,,,,,0.0,1.268248345450665,1.3725349656679988,-0.1709386815875194,two-sided 95% Wilson interval; conditional on the vector panel and synthetic IID draws,SYNTHETIC
integer_offsets,fixed_six_v2_vectors,randomized_1,-4.0,-6.25,0.45,oracle_exact_timing,abs_error_le_0.25,2000,1892,0.946,0.9352121487009426,0.9550778451241797,0.054,0.0449221548758203,0.0647878512990574,,,,,0.9477992034686994,0.06320350055594176,0.07926994928449592,-0.0002927105342925411,two-sided 95% Wilson interval; conditional on the vector panel and synthetic IID draws,SYNTHETIC
integer_offsets,fixed_six_v2_vectors,randomized_1,-4.0,-6.25,0.45,blind_matched_filter_energy_search,abs_error_le_0.25,2000,1892,0.946,0.9352121487009426,0.9550778451241797,0.054,0.0449221548758203,0.0647878512990574,2000,1.0,0.9980829527187469,0.9999999999999998,,0.06320350055594176,0.07926994928449592,-0.0002927105342925411,two-sided 95% Wilson interval; conditional on the vector panel and synthetic IID draws,SYNTHETIC
integer_offsets,fixed_six_v2_vectors,randomized_1,-4.0,-6.25,0.45,blind_raw_frame_energy_search,abs_error_le_0.25,2000,1240,0.62,0.5985165014191288,0.6410234072333704,0.38,0.35897659276662963,0.4014834985808712,1286,0.643,0.6217464611040721,0.6637052633734896,,0.18724998959656308,0.3298550716469557,-0.019264120426705004,two-sided 95% Wilson interval; conditional on the vector panel and synthetic IID draws,SYNTHETIC
integer_offsets,fixed_six_v2_vectors,randomized_2,-4.0,-6.25,0.45,existing_nominal_decoder,abs_error_le_0.25,2000,0,0.0,1.0842021724855044e-19,0.001917047281252934,1.0,0.998082952718747,1.0,,,,,0.0,1.2394843697577154,1.3479777645334576,0.13894634455775276,two-sided 95% Wilson interval; conditional on the vector panel and synthetic IID draws,SYNTHETIC
integer_offsets,fixed_six_v2_vectors,randomized_2,-4.0,-6.25,0.45,oracle_exact_timing,abs_error_le_0.25,2000,1905,0.9525,0.9422790928066445,0.9609859794038216,0.0475,0.03901402059617842,0.05772090719335554,,,,,0.9477992034686994,0.06379046973883384,0.08004957949732415,0.0003710509598701796,two-sided 95% Wilson interval; conditional on the vector panel and synthetic IID draws,SYNTHETIC
integer_offsets,fixed_six_v2_vectors,randomized_2,-4.0,-6.25,0.45,blind_matched_filter_energy_search,abs_error_le_0.25,2000,1905,0.9525,0.9422790928066445,0.9609859794038216,0.0475,0.03901402059617842,0.05772090719335554,2000,1.0,0.9980829527187469,0.9999999999999998,,0.06379046973883384,0.08004957949732415,0.0003710509598701796,two-sided 95% Wilson interval; conditional on the vector panel and synthetic IID draws,SYNTHETIC
integer_offsets,fixed_six_v2_vectors,randomized_2,-4.0,-6.25,0.45,blind_raw_frame_energy_search,abs_error_le_0.25,2000,284,0.142,0.12738805517520033,0.1579845506781767,0.858,0.8420154493218233,0.8726119448247996,275,0.1375,0.12310079987934935,0.153289059399559,,0.9178397030330275,1.2768738056821238,0.09800340257375725,two-sided 95% Wilson interval; conditional on the vector panel and synthetic IID draws,SYNTHETIC
integer_offsets,fixed_six_v2_vectors,randomized_3,-4.0,-6.25,0.45,existing_nominal_decoder,abs_error_le_0.25,2000,0,0.0,1.0842021724855044e-19,0.001917047281252934,1.0,0.998082952718747,1.0,,,,,0.0,0.9195944729611901,1.0503402331203042,0.06620905813836629,two-sided 95% Wilson interval; conditional on the vector panel and synthetic IID draws,SYNTHETIC
integer_offsets,fixed_six_v2_vectors,randomized_3,-4.0,-6.25,0.45,oracle_exact_timing,abs_error_le_0.25,2000,1895,0.9475,0.9368392097083899,0.9564450329748887,0.0525,0.0435549670251113,0.06316079029161015,,,,,0.9477992034686994,0.06376669980771278,0.0799233217108327,-9.091891791809089e-05,two-sided 95% Wilson interval; conditional on the vector panel and synthetic IID draws,SYNTHETIC
integer_offsets,fixed_six_v2_vectors,randomized_3,-4.0,-6.25,0.45,blind_matched_filter_energy_search,abs_error_le_0.25,2000,1895,0.9475,0.9368392097083899,0.9564450329748887,0.0525,0.0435549670251113,0.06316079029161015,2000,1.0,0.9980829527187469,0.9999999999999998,,0.06376669980771278,0.0799233217108327,-9.091891791809089e-05,two-sided 95% Wilson interval; conditional on the vector panel and synthetic IID draws,SYNTHETIC
integer_offsets,fixed_six_v2_vectors,randomized_3,-4.0,-6.25,0.45,blind_raw_frame_energy_search,abs_error_le_0.25,2000,296,0.148,0.1331124309685374,0.16423717031746463,0.852,0.8357628296825353,0.8668875690314626,226,0.113,0.09986032758661222,0.12762346700907756,,0.7615766415375781,1.101223639024281,0.055522757165882924,two-sided 95% Wilson interval; conditional on the vector panel and synthetic IID draws,SYNTHETIC
integer_offsets,fixed_six_v2_vectors,POOLED_ALL_VECTORS,-4.0,-6.25,0.45,existing_nominal_decoder,abs_error_le_0.25,12000,0,0.0,0.0,0.0003200191233674895,1.0,0.9996799808766325,1.0,,,,,0.0,0.9773743490207196,1.196277284614105,0.009754210167808046,two-sided 95% Wilson interval; conditional on the vector panel and synthetic IID draws,SYNTHETIC
integer_offsets,fixed_six_v2_vectors,POOLED_ALL_VECTORS,-4.0,-6.25,0.45,oracle_exact_timing,abs_error_le_0.25,12000,11386,0.9488333333333333,0.944745446070353,0.9526339500965706,0.051166666666666666,0.04736604990342941,0.055254553929646955,,,,,0.9477992034686994,0.06356878578893733,0.07972167457066016,-0.00017787223803093557,two-sided 95% Wilson interval; conditional on the vector panel and synthetic IID draws,SYNTHETIC
integer_offsets,fixed_six_v2_vectors,POOLED_ALL_VECTORS,-4.0,-6.25,0.45,blind_matched_filter_energy_search,abs_error_le_0.25,12000,11386,0.9488333333333333,0.944745446070353,0.9526339500965706,0.051166666666666666,0.04736604990342941,0.055254553929646955,12000,1.0,0.9996799808766326,1.0,,0.06356878578893733,0.07972167457066016,-0.00017787223803093557,two-sided 95% Wilson interval; conditional on the vector panel and synthetic IID draws,SYNTHETIC
integer_offsets,fixed_six_v2_vectors,POOLED_ALL_VECTORS,-4.0,-6.25,0.45,blind_raw_frame_energy_search,abs_error_le_0.25,12000,5221,0.4350833333333333,0.42623525249828387,0.44397296331790004,0.5649166666666666,0.5560270366821,0.5737647475017161,5068,0.42233333333333334,0.41352218183152073,0.43119419447230906,,0.3998015285742701,0.7447457317039866,0.022898695460332238,two-sided 95% Wilson interval; conditional on the vector panel and synthetic IID draws,SYNTHETIC
integer_offsets,fixed_six_v2_vectors,mixed_signs,-2.0,-3.125,0.0,existing_nominal_decoder,abs_error_le_0.25,1,0,0.0,,,1.0,,,,,,,0.0,0.31879658763451435,0.37274436961873614,-0.0004315837287514994,deterministic; no sampling interval,SYNTHETIC
integer_offsets,fixed_six_v2_vectors,mixed_signs,-2.0,-3.125,0.0,oracle_exact_timing,abs_error_le_0.25,1,1,1.0,,,0.0,,,,,,,1.0,3.469446951953614e-17,8.326672684688674e-17,-6.938893903907228e-18,deterministic; no sampling interval,SYNTHETIC
integer_offsets,fixed_six_v2_vectors,mixed_signs,-2.0,-3.125,0.0,blind_matched_filter_energy_search,abs_error_le_0.25,1,1,1.0,,,0.0,,,1,1.0,,,,3.469446951953614e-17,8.326672684688674e-17,-6.938893903907228e-18,deterministic; no sampling interval,SYNTHETIC
integer_offsets,fixed_six_v2_vectors,mixed_signs,-2.0,-3.125,0.0,blind_raw_frame_energy_search,abs_error_le_0.25,1,1,1.0,,,0.0,,,1,1.0,,,,3.469446951953614e-17,8.326672684688674e-17,-6.938893903907228e-18,deterministic; no sampling interval,SYNTHETIC
integer_offsets,fixed_six_v2_vectors,sparse_and_zeros,-2.0,-3.125,0.0,existing_nominal_decoder,abs_error_le_0.25,1,0,0.0,,,1.0,,,,,,,0.0,0.06592536713947758,0.18081082495460302,0.007382585290442169,deterministic; no sampling interval,SYNTHETIC
integer_offsets,fixed_six_v2_vectors,sparse_and_zeros,-2.0,-3.125,0.0,oracle_exact_timing,abs_error_le_0.25,1,1,1.0,,,0.0,,,,,,,1.0,0.0,0.0,0.0,deterministic; no sampling interval,SYNTHETIC
integer_offsets,fixed_six_v2_vectors,sparse_and_zeros,-2.0,-3.125,0.0,blind_matched_filter_energy_search,abs_error_le_0.25,1,1,1.0,,,0.0,,,1,1.0,,,,0.0,0.0,0.0,deterministic; no sampling interval,SYNTHETIC
integer_offsets,fixed_six_v2_vectors,sparse_and_zeros,-2.0,-3.125,0.0,blind_raw_frame_energy_search,abs_error_le_0.25,1,1,1.0,,,0.0,,,1,1.0,,,,0.0,0.0,0.0,deterministic; no sampling interval,SYNTHETIC
integer_offsets,fixed_six_v2_vectors,boundary_values,-2.0,-3.125,0.0,existing_nominal_decoder,abs_error_le_0.25,1,0,0.0,,,1.0,,,,,,,0.0,0.32825648703389065,0.41493353138740435,-0.0006905339660024309,deterministic; no sampling interval,SYNTHETIC
integer_offsets,fixed_six_v2_vectors,boundary_values,-2.0,-3.125,0.0,oracle_exact_timing,abs_error_le_0.25,1,1,1.0,,,0.0,,,,,,,1.0,1.3877787807814457e-17,5.551115123125783e-17,-1.3877787807814457e-17,deterministic; no sampling interval,SYNTHETIC
integer_offsets,fixed_six_v2_vectors,boundary_values,-2.0,-3.125,0.0,blind_matched_filter_energy_search,abs_error_le_0.25,1,1,1.0,,,0.0,,,1,1.0,,,,1.3877787807814457e-17,5.551115123125783e-17,-1.3877787807814457e-17,deterministic; no sampling interval,SYNTHETIC
integer_offsets,fixed_six_v2_vectors,boundary_values,-2.0,-3.125,0.0,blind_raw_frame_energy_search,abs_error_le_0.25,1,1,1.0,,,0.0,,,1,1.0,,,,1.3877787807814457e-17,5.551115123125783e-17,-1.3877787807814457e-17,deterministic; no sampling interval,SYNTHETIC
integer_offsets,fixed_six_v2_vectors,randomized_1,-2.0,-3.125,0.0,existing_nominal_decoder,abs_error_le_0.25,1,0,0.0,,,1.0,,,,,,,0.0,0.38991898537958747,0.42332397094538243,-0.051163209780284935,deterministic; no sampling interval,SYNTHETIC
integer_offsets,fixed_six_v2_vectors,randomized_1,-2.0,-3.125,0.0,oracle_exact_timing,abs_error_le_0.25,1,1,1.0,,,0.0,,,,,,,1.0,5.377642775528102e-17,1.0614466625631893e-16,-1.734723475976807e-18,deterministic; no sampling interval,SYNTHETIC
integer_offsets,fixed_six_v2_vectors,randomized_1,-2.0,-3.125,0.0,blind_matched_filter_energy_search,abs_error_le_0.25,1,1,1.0,,,0.0,,,1,1.0,,,,5.377642775528102e-17,1.0614466625631893e-16,-1.734723475976807e-18,deterministic; no sampling interval,SYNTHETIC
integer_offsets,fixed_six_v2_vectors,randomized_1,-2.0,-3.125,0.0,blind_raw_frame_energy_search,abs_error_le_0.25,1,1,1.0,,,0.0,,,1,1.0,,,,5.377642775528102e-17,1.0614466625631893e-16,-1.734723475976807e-18,deterministic; no sampling interval,SYNTHETIC
integer_offsets,fixed_six_v2_vectors,randomized_2,-2.0,-3.125,0.0,existing_nominal_decoder,abs_error_le_0.25,1,0,0.0,,,1.0,,,,,,,0.0,0.3808597322268653,0.4129694158357017,0.04059975043663784,deterministic; no sampling interval,SYNTHETIC
integer_offsets,fixed_six_v2_vectors,randomized_2,-2.0,-3.125,0.0,oracle_exact_timing,abs_error_le_0.25,1,1,1.0,,,0.0,,,,,,,1.0,3.122502256758253e-17,8.092071311423672e-17,-1.734723475976807e-17,deterministic; no sampling interval,SYNTHETIC
integer_offsets,fixed_six_v2_vectors,randomized_2,-2.0,-3.125,0.0,blind_matched_filter_energy_search,abs_error_le_0.25,1,1,1.0,,,0.0,,,1,1.0,,,,3.122502256758253e-17,8.092071311423672e-17,-1.734723475976807e-17,deterministic; no sampling interval,SYNTHETIC
integer_offsets,fixed_six_v2_vectors,randomized_2,-2.0,-3.125,0.0,blind_raw_frame_energy_search,abs_error_le_0.25,1,1,1.0,,,0.0,,,1,1.0,,,,3.122502256758253e-17,8.092071311423672e-17,-1.734723475976807e-17,deterministic; no sampling interval,SYNTHETIC
integer_offsets,fixed_six_v2_vectors,randomized_3,-2.0,-3.125,0.0,existing_nominal_decoder,abs_error_le_0.25,1,0,0.0,,,1.0,,,,,,,0.0,0.28467980162429174,0.3249621235713279,0.019845494955767533,deterministic; no sampling interval,SYNTHETIC
integer_offsets,fixed_six_v2_vectors,randomized_3,-2.0,-3.125,0.0,oracle_exact_timing,abs_error_le_0.25,1,1,1.0,,,0.0,,,,,,,1.0,3.165870343657673e-17,9.816143974602446e-17,-2.3852447794681098e-17,deterministic; no sampling interval,SYNTHETIC
integer_offsets,fixed_six_v2_vectors,randomized_3,-2.0,-3.125,0.0,blind_matched_filter_energy_search,abs_error_le_0.25,1,1,1.0,,,0.0,,,1,1.0,,,,3.165870343657673e-17,9.816143974602446e-17,-2.3852447794681098e-17,deterministic; no sampling interval,SYNTHETIC
integer_offsets,fixed_six_v2_vectors,randomized_3,-2.0,-3.125,0.0,blind_raw_frame_energy_search,abs_error_le_0.25,1,1,1.0,,,0.0,,,1,1.0,,,,3.165870343657673e-17,9.816143974602446e-17,-2.3852447794681098e-17,deterministic; no sampling interval,SYNTHETIC
integer_offsets,fixed_six_v2_vectors,POOLED_ALL_VECTORS,-2.0,-3.125,0.0,existing_nominal_decoder,abs_error_le_0.25,6,0,0.0,,,1.0,,,,,,,0.0,0.29473949350643786,0.36495389195565736,0.0025904172013014475,deterministic; no sampling interval,SYNTHETIC
integer_offsets,fixed_six_v2_vectors,POOLED_ALL_VECTORS,-2.0,-3.125,0.0,oracle_exact_timing,abs_error_le_0.25,6,6,1.0,,,0.0,,,,,,,1.0,2.7538735181131813e-17,7.902041503034511e-17,-1.0625181290357943e-17,deterministic; no sampling interval,SYNTHETIC
integer_offsets,fixed_six_v2_vectors,POOLED_ALL_VECTORS,-2.0,-3.125,0.0,blind_matched_filter_energy_search,abs_error_le_0.25,6,6,1.0,,,0.0,,,6,1.0,,,,2.7538735181131813e-17,7.902041503034511e-17,-1.0625181290357943e-17,deterministic; no sampling interval,SYNTHETIC
integer_offsets,fixed_six_v2_vectors,POOLED_ALL_VECTORS,-2.0,-3.125,0.0,blind_raw_frame_energy_search,abs_error_le_0.25,6,6,1.0,,,0.0,,,6,1.0,,,,2.7538735181131813e-17,7.902041503034511e-17,-1.0625181290357943e-17,deterministic; no sampling interval,SYNTHETIC
integer_offsets,fixed_six_v2_vectors,mixed_signs,-2.0,-3.125,0.45,existing_nominal_decoder,abs_error_le_0.25,2000,0,0.0,1.0842021724855044e-19,0.001917047281252934,1.0,0.998082952718747,1.0,,,,,1.2064558363700399e-52,0.3252048212293762,0.3809697275231081,-0.0006503145385827008,two-sided 95% Wilson interval; conditional on the vector panel and synthetic IID draws,SYNTHETIC
integer_offsets,fixed_six_v2_vectors,mixed_signs,-2.0,-3.125,0.45,oracle_exact_timing,abs_error_le_0.25,2000,1883,0.9415,0.9303432888168623,0.9509639584337912,0.0585,0.04903604156620878,0.06965671118313765,,,,,0.9477992034686994,0.06345796445689608,0.0795687038219426,-0.00032094340080637997,two-sided 95% Wilson interval; conditional on the vector panel and synthetic IID draws,SYNTHETIC
integer_offsets,fixed_six_v2_vectors,mixed_signs,-2.0,-3.125,0.45,blind_matched_filter_energy_search,abs_error_le_0.25,2000,1883,0.9415,0.9303432888168623,0.9509639584337912,0.0585,0.04903604156620878,0.06965671118313765,2000,1.0,0.9980829527187469,0.9999999999999998,,0.06345796445689608,0.0795687038219426,-0.00032094340080637997,two-sided 95% Wilson interval; conditional on the vector panel and synthetic IID draws,SYNTHETIC
integer_offsets,fixed_six_v2_vectors,mixed_signs,-2.0,-3.125,0.45,blind_raw_frame_energy_search,abs_error_le_0.25,2000,955,0.4775,0.45567321871188077,0.49941304841577544,0.5225,0.5005869515842245,0.5443267812881192,932,0.466,0.44422370616739953,0.48790665304772557,,0.2785469022651243,0.5038778884172221,-0.00033098826437372847,two-sided 95% Wilson interval; conditional on the vector panel and synthetic IID draws,SYNTHETIC
integer_offsets,fixed_six_v2_vectors,sparse_and_zeros,-2.0,-3.125,0.45,existing_nominal_decoder,abs_error_le_0.25,2000,0,0.0,1.0842021724855044e-19,0.001917047281252934,1.0,0.998082952718747,1.0,,,,,1.3161299174041945e-14,0.11816151068922676,0.19792840510308451,0.007699902361138155,two-sided 95% Wilson interval; conditional on the vector panel and synthetic IID draws,SYNTHETIC
integer_offsets,fixed_six_v2_vectors,sparse_and_zeros,-2.0,-3.125,0.45,oracle_exact_timing,abs_error_le_0.25,2000,1899,0.9495,0.9390120477558316,0.958264526738322,0.0505,0.041735473261678036,0.06098795224416842,,,,,0.9477992034686994,0.06329306592370727,0.07936297608807108,0.000517562475109737,two-sided 95% Wilson interval; conditional on the vector panel and synthetic IID draws,SYNTHETIC
integer_offsets,fixed_six_v2_vectors,sparse_and_zeros,-2.0,-3.125,0.45,blind_matched_filter_energy_search,abs_error_le_0.25,2000,1899,0.9495,0.9390120477558316,0.958264526738322,0.0505,0.041735473261678036,0.06098795224416842,2000,1.0,0.9980829527187469,0.9999999999999998,,0.06329306592370727,0.07936297608807108,0.000517562475109737,two-sided 95% Wilson interval; conditional on the vector panel and synthetic IID draws,SYNTHETIC
integer_offsets,fixed_six_v2_vectors,sparse_and_zeros,-2.0,-3.125,0.45,blind_raw_frame_energy_search,abs_error_le_0.25,2000,1215,0.6075,0.585912841375584,0.6286749934589467,0.3925,0.37132500654105327,0.41408715862441603,1090,0.545,0.5231103560332848,0.5667171097114025,,0.09378430704415229,0.19701133757093237,0.004437325466205013,two-sided 95% Wilson interval; conditional on the vector panel and synthetic IID draws,SYNTHETIC
integer_offsets,fixed_six_v2_vectors,boundary_values,-2.0,-3.125,0.45,existing_nominal_decoder,abs_error_le_0.25,2000,0,0.0,1.0842021724855044e-19,0.001917047281252934,1.0,0.998082952718747,1.0,,,,,1.8767947329287665e-75,0.3447606936483992,0.42257434809318956,-0.0004236900406118359,two-sided 95% Wilson interval; conditional on the vector panel and synthetic IID draws,SYNTHETIC
integer_offsets,fixed_six_v2_vectors,boundary_values,-2.0,-3.125,0.45,oracle_exact_timing,abs_error_le_0.25,2000,1896,0.948,0.9373820458455553,0.956900279790442,0.052,0.04309972020955799,0.06261795415444471,,,,,0.9477992034686994,0.06356847954283402,0.07957776848180595,0.00027105620776743427,two-sided 95% Wilson interval; conditional on the vector panel and synthetic IID draws,SYNTHETIC
integer_offsets,fixed_six_v2_vectors,boundary_values,-2.0,-3.125,0.45,blind_matched_filter_energy_search,abs_error_le_0.25,2000,1896,0.948,0.9373820458455553,0.956900279790442,0.052,0.04309972020955799,0.06261795415444471,2000,1.0,0.9980829527187469,0.9999999999999998,,0.06356847954283402,0.07957776848180595,0.00027105620776743427,two-sided 95% Wilson interval; conditional on the vector panel and synthetic IID draws,SYNTHETIC
integer_offsets,fixed_six_v2_vectors,boundary_values,-2.0,-3.125,0.45,blind_raw_frame_energy_search,abs_error_le_0.25,2000,1287,0.6435,0.6222520359712718,0.6641977714590086,0.3565,0.3358022285409914,0.37774796402872823,1338,0.669,0.6480698549657751,0.6892821830531615,,0.16474101087251813,0.31907782583704997,0.00017514555332676565,two-sided 95% Wilson interval; conditional on the vector panel and synthetic IID draws,SYNTHETIC
integer_offsets,fixed_six_v2_vectors,randomized_1,-2.0,-3.125,0.45,existing_nominal_decoder,abs_error_le_0.25,2000,0,0.0,1.0842021724855044e-19,0.001917047281252934,1.0,0.998082952718747,1.0,,,,,4.6222063335518365e-69,0.3915871246410336,0.43033688637439005,-0.05080194752781667,two-sided 95% Wilson interval; conditional on the vector panel and synthetic IID draws,SYNTHETIC
integer_offsets,fixed_six_v2_vectors,randomized_1,-2.0,-3.125,0.45,oracle_exact_timing,abs_error_le_0.25,2000,1903,0.9515,0.9411889997479057,0.9600799065571228,0.0485,0.03992009344287717,0.05881100025209429,,,,,0.9477992034686994,0.06362870377282441,0.07982811928943366,0.0006102032568066915,two-sided 95% Wilson interval; conditional on the vector panel and synthetic IID draws,SYNTHETIC
integer_offsets,fixed_six_v2_vectors,randomized_1,-2.0,-3.125,0.45,blind_matched_filter_energy_search,abs_error_le_0.25,2000,1903,0.9515,0.9411889997479057,0.9600799065571228,0.0485,0.03992009344287717,0.05881100025209429,2000,1.0,0.9980829527187469,0.9999999999999998,,0.06362870377282441,0.07982811928943366,0.0006102032568066915,two-sided 95% Wilson interval; conditional on the vector panel and synthetic IID draws,SYNTHETIC
integer_offsets,fixed_six_v2_vectors,randomized_1,-2.0,-3.125,0.45,blind_raw_frame_energy_search,abs_error_le_0.25,2000,1248,0.624,0.6025528116222458,0.6449717606520033,0.376,0.35502823934799665,0.39744718837775417,1284,0.642,0.620735385829118,0.6627201727430061,,0.19376986451524017,0.3435075043117349,-0.019496540258822758,two-sided 95% Wilson interval; conditional on the vector panel and synthetic IID draws,SYNTHETIC
integer_offsets,fixed_six_v2_vectors,randomized_2,-2.0,-3.125,0.45,existing_nominal_decoder,abs_error_le_0.25,2000,0,0.0,1.0842021724855044e-19,0.001917047281252934,1.0,0.998082952718747,1.0,,,,,1.5467625062866327e-63,0.38425467260953583,0.4205457361713489,0.04061311473085118,two-sided 95% Wilson interval; conditional on the vector panel and synthetic IID draws,SYNTHETIC
integer_offsets,fixed_six_v2_vectors,randomized_2,-2.0,-3.125,0.45,oracle_exact_timing,abs_error_le_0.25,2000,1909,0.9545,0.9444626753715425,0.9627947286497985,0.0455,0.03720527135020146,0.05553732462845751,,,,,0.9477992034686994,0.06359868994667496,0.07959812324439813,6.260316616972766e-05,two-sided 95% Wilson interval; conditional on the vector panel and synthetic IID draws,SYNTHETIC
integer_offsets,fixed_six_v2_vectors,randomized_2,-2.0,-3.125,0.45,blind_matched_filter_energy_search,abs_error_le_0.25,2000,1909,0.9545,0.9444626753715425,0.9627947286497985,0.0455,0.03720527135020146,0.05553732462845751,2000,1.0,0.9980829527187469,0.9999999999999998,,0.06359868994667496,0.07959812324439813,6.260316616972766e-05,two-sided 95% Wilson interval; conditional on the vector panel and synthetic IID draws,SYNTHETIC
integer_offsets,fixed_six_v2_vectors,randomized_2,-2.0,-3.125,0.45,blind_raw_frame_energy_search,abs_error_le_0.25,2000,286,0.143,0.12834149027926842,0.15902728147954612,0.857,0.8409727185204539,0.8716585097207316,255,0.1275,0.11359324283698286,0.14283495738755053,,0.8761628494608913,1.2568429821515699,0.08984713311451095,two-sided 95% Wilson interval; conditional on the vector panel and synthetic IID draws,SYNTHETIC
integer_offsets,fixed_six_v2_vectors,randomized_3,-2.0,-3.125,0.45,existing_nominal_decoder,abs_error_le_0.25,2000,0,0.0,1.0842021724855044e-19,0.001917047281252934,1.0,0.998082952718747,1.0,,,,,5.857569098785964e-35,0.2887664456335537,0.3350922330117824,0.019671404459597103,two-sided 95% Wilson interval; conditional on the vector panel and synthetic IID draws,SYNTHETIC
integer_offsets,fixed_six_v2_vectors,randomized_3,-2.0,-3.125,0.45,oracle_exact_timing,abs_error_le_0.25,2000,1886,0.943,0.9319642649870394,0.9523372311217704,0.057,0.04766276887822962,0.06803573501296056,,,,,0.9477992034686994,0.06352932779005631,0.07970091514454412,0.00012112600102593668,two-sided 95% Wilson interval; conditional on the vector panel and synthetic IID draws,SYNTHETIC
integer_offsets,fixed_six_v2_vectors,randomized_3,-2.0,-3.125,0.45,blind_matched_filter_energy_search,abs_error_le_0.25,2000,1886,0.943,0.9319642649870394,0.9523372311217704,0.057,0.04766276887822962,0.06803573501296056,2000,1.0,0.9980829527187469,0.9999999999999998,,0.06352932779005631,0.07970091514454412,0.00012112600102593668,two-sided 95% Wilson interval; conditional on the vector panel and synthetic IID draws,SYNTHETIC
integer_offsets,fixed_six_v2_vectors,randomized_3,-2.0,-3.125,0.45,blind_raw_frame_energy_search,abs_error_le_0.25,2000,283,0.1415,0.1269114335293511,0.15746308937130718,0.8585,0.8425369106286928,0.8730885664706489,198,0.099,0.08666951249362448,0.11286795942594038,,0.718760060640142,1.049631249988498,0.05080152638782671,two-sided 95% Wilson interval; conditional on the vector panel and synthetic IID draws,SYNTHETIC
integer_offsets,fixed_six_v2_vectors,POOLED_ALL_VECTORS,-2.0,-3.125,0.45,existing_nominal_decoder,abs_error_le_0.25,12000,0,0.0,0.0,0.0003200191233674895,1.0,0.9996799808766325,1.0,,,,,2.1935498623403242e-15,0.3087892114085209,0.3735456293219512,0.002684744907429206,two-sided 95% Wilson interval; conditional on the vector panel and synthetic IID draws,SYNTHETIC
integer_offsets,fixed_six_v2_vectors,POOLED_ALL_VECTORS,-2.0,-3.125,0.45,oracle_exact_timing,abs_error_le_0.25,12000,11376,0.948,0.9438821859051634,0.9518310769602991,0.052,0.048168923039700884,0.05611781409483663,,,,,0.9477992034686994,0.06351270523883218,0.07960622627052058,0.00021026795101219115,two-sided 95% Wilson interval; conditional on the vector panel and synthetic IID draws,SYNTHETIC
integer_offsets,fixed_six_v2_vectors,POOLED_ALL_VECTORS,-2.0,-3.125,0.45,blind_matched_filter_energy_search,abs_error_le_0.25,12000,11376,0.948,0.9438821859051634,0.9518310769602991,0.052,0.048168923039700884,0.05611781409483663,12000,1.0,0.9996799808766326,1.0,,0.06351270523883218,0.07960622627052058,0.00021026795101219115,two-sided 95% Wilson interval; conditional on the vector panel and synthetic IID draws,SYNTHETIC
integer_offsets,fixed_six_v2_vectors,POOLED_ALL_VECTORS,-2.0,-3.125,0.45,blind_raw_frame_energy_search,abs_error_le_0.25,12000,5274,0.4395,0.4306405208216516,0.4483982014922758,0.5605,0.5516017985077242,0.5693594791783484,5097,0.42475,0.41593138770520355,0.43361677517286334,,0.38762749913301137,0.7295997191111863,0.020905600333112156,two-sided 95% Wilson interval; conditional on the vector panel and synthetic IID draws,SYNTHETIC
integer_offsets,fixed_six_v2_vectors,mixed_signs,-1.0,-1.5625,0.0,existing_nominal_decoder,abs_error_le_0.25,1,1,1.0,,,0.0,,,,,,,1.0,0.08437961820867104,0.10034937755702598,-0.0003303198853430991,deterministic; no sampling interval,SYNTHETIC
integer_offsets,fixed_six_v2_vectors,mixed_signs,-1.0,-1.5625,0.0,oracle_exact_timing,abs_error_le_0.25,1,1,1.0,,,0.0,,,,,,,1.0,3.469446951953614e-17,8.326672684688674e-17,-6.938893903907228e-18,deterministic; no sampling interval,SYNTHETIC
integer_offsets,fixed_six_v2_vectors,mixed_signs,-1.0,-1.5625,0.0,blind_matched_filter_energy_search,abs_error_le_0.25,1,1,1.0,,,0.0,,,1,1.0,,,,3.469446951953614e-17,8.326672684688674e-17,-6.938893903907228e-18,deterministic; no sampling interval,SYNTHETIC
integer_offsets,fixed_six_v2_vectors,mixed_signs,-1.0,-1.5625,0.0,blind_raw_frame_energy_search,abs_error_le_0.25,1,1,1.0,,,0.0,,,1,1.0,,,,3.469446951953614e-17,8.326672684688674e-17,-6.938893903907228e-18,deterministic; no sampling interval,SYNTHETIC
integer_offsets,fixed_six_v2_vectors,sparse_and_zeros,-1.0,-1.5625,0.0,existing_nominal_decoder,abs_error_le_0.25,1,1,1.0,,,0.0,,,,,,,1.0,0.019227732010194617,0.05048784846201305,0.0021804573191784834,deterministic; no sampling interval,SYNTHETIC
integer_offsets,fixed_six_v2_vectors,sparse_and_zeros,-1.0,-1.5625,0.0,oracle_exact_timing,abs_error_le_0.25,1,1,1.0,,,0.0,,,,,,,1.0,0.0,0.0,0.0,deterministic; no sampling interval,SYNTHETIC
integer_offsets,fixed_six_v2_vectors,sparse_and_zeros,-1.0,-1.5625,0.0,blind_matched_filter_energy_search,abs_error_le_0.25,1,1,1.0,,,0.0,,,1,1.0,,,,0.0,0.0,0.0,deterministic; no sampling interval,SYNTHETIC
integer_offsets,fixed_six_v2_vectors,sparse_and_zeros,-1.0,-1.5625,0.0,blind_raw_frame_energy_search,abs_error_le_0.25,1,1,1.0,,,0.0,,,1,1.0,,,,0.0,0.0,0.0,deterministic; no sampling interval,SYNTHETIC
integer_offsets,fixed_six_v2_vectors,boundary_values,-1.0,-1.5625,0.0,existing_nominal_decoder,abs_error_le_0.25,1,1,1.0,,,0.0,,,,,,,1.0,0.08932513214765789,0.11308624740263518,-0.0005285118165489974,deterministic; no sampling interval,SYNTHETIC
integer_offsets,fixed_six_v2_vectors,boundary_values,-1.0,-1.5625,0.0,oracle_exact_timing,abs_error_le_0.25,1,1,1.0,,,0.0,,,,,,,1.0,1.3877787807814457e-17,5.551115123125783e-17,-1.3877787807814457e-17,deterministic; no sampling interval,SYNTHETIC
integer_offsets,fixed_six_v2_vectors,boundary_values,-1.0,-1.5625,0.0,blind_matched_filter_energy_search,abs_error_le_0.25,1,1,1.0,,,0.0,,,1,1.0,,,,1.3877787807814457e-17,5.551115123125783e-17,-1.3877787807814457e-17,deterministic; no sampling interval,SYNTHETIC
integer_offsets,fixed_six_v2_vectors,boundary_values,-1.0,-1.5625,0.0,blind_raw_frame_energy_search,abs_error_le_0.25,1,1,1.0,,,0.0,,,1,1.0,,,,1.3877787807814457e-17,5.551115123125783e-17,-1.3877787807814457e-17,deterministic; no sampling interval,SYNTHETIC
integer_offsets,fixed_six_v2_vectors,randomized_1,-1.0,-1.5625,0.0,existing_nominal_decoder,abs_error_le_0.25,1,1,1.0,,,0.0,,,,,,,1.0,0.10788468281927105,0.11825604292290384,-0.013629201092356021,deterministic; no sampling interval,SYNTHETIC
integer_offsets,fixed_six_v2_vectors,randomized_1,-1.0,-1.5625,0.0,oracle_exact_timing,abs_error_le_0.25,1,1,1.0,,,0.0,,,,,,,1.0,5.377642775528102e-17,1.0614466625631893e-16,-1.734723475976807e-18,deterministic; no sampling interval,SYNTHETIC
integer_offsets,fixed_six_v2_vectors,randomized_1,-1.0,-1.5625,0.0,blind_matched_filter_energy_search,abs_error_le_0.25,1,1,1.0,,,0.0,,,1,1.0,,,,5.377642775528102e-17,1.0614466625631893e-16,-1.734723475976807e-18,deterministic; no sampling interval,SYNTHETIC
integer_offsets,fixed_six_v2_vectors,randomized_1,-1.0,-1.5625,0.0,blind_raw_frame_energy_search,abs_error_le_0.25,1,1,1.0,,,0.0,,,1,1.0,,,,5.377642775528102e-17,1.0614466625631893e-16,-1.734723475976807e-18,deterministic; no sampling interval,SYNTHETIC
integer_offsets,fixed_six_v2_vectors,randomized_2,-1.0,-1.5625,0.0,existing_nominal_decoder,abs_error_le_0.25,1,1,1.0,,,0.0,,,,,,,1.0,0.1059225195913699,0.11449469316186014,0.010501851974500192,deterministic; no sampling interval,SYNTHETIC
integer_offsets,fixed_six_v2_vectors,randomized_2,-1.0,-1.5625,0.0,oracle_exact_timing,abs_error_le_0.25,1,1,1.0,,,0.0,,,,,,,1.0,3.122502256758253e-17,8.092071311423672e-17,-1.734723475976807e-17,deterministic; no sampling interval,SYNTHETIC
integer_offsets,fixed_six_v2_vectors,randomized_2,-1.0,-1.5625,0.0,blind_matched_filter_energy_search,abs_error_le_0.25,1,1,1.0,,,0.0,,,1,1.0,,,,3.122502256758253e-17,8.092071311423672e-17,-1.734723475976807e-17,deterministic; no sampling interval,SYNTHETIC
integer_offsets,fixed_six_v2_vectors,randomized_2,-1.0,-1.5625,0.0,blind_raw_frame_energy_search,abs_error_le_0.25,1,1,1.0,,,0.0,,,1,1.0,,,,3.122502256758253e-17,8.092071311423672e-17,-1.734723475976807e-17,deterministic; no sampling interval,SYNTHETIC
integer_offsets,fixed_six_v2_vectors,randomized_3,-1.0,-1.5625,0.0,existing_nominal_decoder,abs_error_le_0.25,1,1,1.0,,,0.0,,,,,,,1.0,0.07960917447391556,0.09128222868778653,0.005335047743517401,deterministic; no sampling interval,SYNTHETIC
integer_offsets,fixed_six_v2_vectors,randomized_3,-1.0,-1.5625,0.0,oracle_exact_timing,abs_error_le_0.25,1,1,1.0,,,0.0,,,,,,,1.0,3.165870343657673e-17,9.816143974602446e-17,-2.3852447794681098e-17,deterministic; no sampling interval,SYNTHETIC
integer_offsets,fixed_six_v2_vectors,randomized_3,-1.0,-1.5625,0.0,blind_matched_filter_energy_search,abs_error_le_0.25,1,1,1.0,,,0.0,,,1,1.0,,,,3.165870343657673e-17,9.816143974602446e-17,-2.3852447794681098e-17,deterministic; no sampling interval,SYNTHETIC
integer_offsets,fixed_six_v2_vectors,randomized_3,-1.0,-1.5625,0.0,blind_raw_frame_energy_search,abs_error_le_0.25,1,1,1.0,,,0.0,,,1,1.0,,,,3.165870343657673e-17,9.816143974602446e-17,-2.3852447794681098e-17,deterministic; no sampling interval,SYNTHETIC
integer_offsets,fixed_six_v2_vectors,POOLED_ALL_VECTORS,-1.0,-1.5625,0.0,existing_nominal_decoder,abs_error_le_0.25,6,6,1.0,,,0.0,,,,,,,1.0,0.08105814320851334,0.10069218067476515,0.0005882207071579935,deterministic; no sampling interval,SYNTHETIC
integer_offsets,fixed_six_v2_vectors,POOLED_ALL_VECTORS,-1.0,-1.5625,0.0,oracle_exact_timing,abs_error_le_0.25,6,6,1.0,,,0.0,,,,,,,1.0,2.7538735181131813e-17,7.902041503034511e-17,-1.0625181290357943e-17,deterministic; no sampling interval,SYNTHETIC
integer_offsets,fixed_six_v2_vectors,POOLED_ALL_VECTORS,-1.0,-1.5625,0.0,blind_matched_filter_energy_search,abs_error_le_0.25,6,6,1.0,,,0.0,,,6,1.0,,,,2.7538735181131813e-17,7.902041503034511e-17,-1.0625181290357943e-17,deterministic; no sampling interval,SYNTHETIC
integer_offsets,fixed_six_v2_vectors,POOLED_ALL_VECTORS,-1.0,-1.5625,0.0,blind_raw_frame_energy_search,abs_error_le_0.25,6,6,1.0,,,0.0,,,6,1.0,,,,2.7538735181131813e-17,7.902041503034511e-17,-1.0625181290357943e-17,deterministic; no sampling interval,SYNTHETIC
integer_offsets,fixed_six_v2_vectors,mixed_signs,-1.0,-1.5625,0.45,existing_nominal_decoder,abs_error_le_0.25,2000,462,0.231,0.2130546918733919,0.24997667956392214,0.769,0.7500233204360779,0.7869453081266081,,,,,0.22853601119412495,0.10420762449186242,0.12785815626155417,0.00014679112836023863,two-sided 95% Wilson interval; conditional on the vector panel and synthetic IID draws,SYNTHETIC
integer_offsets,fixed_six_v2_vectors,mixed_signs,-1.0,-1.5625,0.45,oracle_exact_timing,abs_error_le_0.25,2000,1883,0.9415,0.9303432888168623,0.9509639584337912,0.0585,0.04903604156620878,0.06965671118313765,,,,,0.9477992034686994,0.06330450380761879,0.07942629103022988,0.0006002292140690475,two-sided 95% Wilson interval; conditional on the vector panel and synthetic IID draws,SYNTHETIC
integer_offsets,fixed_six_v2_vectors,mixed_signs,-1.0,-1.5625,0.45,blind_matched_filter_energy_search,abs_error_le_0.25,2000,1883,0.9415,0.9303432888168623,0.9509639584337912,0.0585,0.04903604156620878,0.06965671118313765,2000,1.0,0.9980829527187469,0.9999999999999998,,0.06330450380761879,0.07942629103022988,0.0006002292140690475,two-sided 95% Wilson interval; conditional on the vector panel and synthetic IID draws,SYNTHETIC
integer_offsets,fixed_six_v2_vectors,mixed_signs,-1.0,-1.5625,0.45,blind_raw_frame_energy_search,abs_error_le_0.25,2000,950,0.475,0.45318320659358524,0.4969126457704772,0.525,0.5030873542295228,0.5468167934064148,921,0.4605,0.4387519638078759,0.48239948292734297,,0.2734676525072691,0.49261435721192864,0.00025345036089266033,two-sided 95% Wilson interval; conditional on the vector panel and synthetic IID draws,SYNTHETIC
integer_offsets,fixed_six_v2_vectors,sparse_and_zeros,-1.0,-1.5625,0.45,existing_nominal_decoder,abs_error_le_0.25,2000,1228,0.614,0.5924648988423376,0.6350980143775367,0.386,0.36490198562246334,0.40753510115766245,,,,,0.6272107366298987,0.07316188121557664,0.09395801191176108,0.0019826527651957194,two-sided 95% Wilson interval; conditional on the vector panel and synthetic IID draws,SYNTHETIC
integer_offsets,fixed_six_v2_vectors,sparse_and_zeros,-1.0,-1.5625,0.45,oracle_exact_timing,abs_error_le_0.25,2000,1911,0.9555,0.9455562350551854,0.9636973348715931,0.0445,0.03630266512840685,0.05444376494481462,,,,,0.9477992034686994,0.0632357178106324,0.07930038110065088,-0.00012713637321754408,two-sided 95% Wilson interval; conditional on the vector panel and synthetic IID draws,SYNTHETIC
integer_offsets,fixed_six_v2_vectors,sparse_and_zeros,-1.0,-1.5625,0.45,blind_matched_filter_energy_search,abs_error_le_0.25,2000,1911,0.9555,0.9455562350551854,0.9636973348715931,0.0445,0.03630266512840685,0.05444376494481462,2000,1.0,0.9980829527187469,0.9999999999999998,,0.0632357178106324,0.07930038110065088,-0.00012713637321754408,two-sided 95% Wilson interval; conditional on the vector panel and synthetic IID draws,SYNTHETIC
integer_offsets,fixed_six_v2_vectors,sparse_and_zeros,-1.0,-1.5625,0.45,blind_raw_frame_energy_search,abs_error_le_0.25,2000,1186,0.593,0.5713109483668276,0.6143324808388592,0.407,0.38566751916114084,0.4286890516331724,1063,0.5315,0.5095909682760833,0.5532882577451976,,0.09649229203007606,0.20569497007033616,0.004147621471958389,two-sided 95% Wilson interval; conditional on the vector panel and synthetic IID draws,SYNTHETIC
integer_offsets,fixed_six_v2_vectors,boundary_values,-1.0,-1.5625,0.45,existing_nominal_decoder,abs_error_le_0.25,2000,213,0.1065,0.09372694290202033,0.12078177330832571,0.8935,0.8792182266916743,0.9062730570979797,,,,,0.1111145530223987,0.11271613277422181,0.13797015148633257,-0.0007993470333888665,two-sided 95% Wilson interval; conditional on the vector panel and synthetic IID draws,SYNTHETIC
integer_offsets,fixed_six_v2_vectors,boundary_values,-1.0,-1.5625,0.45,oracle_exact_timing,abs_error_le_0.25,2000,1889,0.9445,0.9335871935538151,0.9537085514131509,0.0555,0.04629144858684908,0.06641280644618486,,,,,0.9477992034686994,0.06372054615959753,0.07998001386373604,-0.00028437257726335715,two-sided 95% Wilson interval; conditional on the vector panel and synthetic IID draws,SYNTHETIC
integer_offsets,fixed_six_v2_vectors,boundary_values,-1.0,-1.5625,0.45,blind_matched_filter_energy_search,abs_error_le_0.25,2000,1889,0.9445,0.9335871935538151,0.9537085514131509,0.0555,0.04629144858684908,0.06641280644618486,2000,1.0,0.9980829527187469,0.9999999999999998,,0.06372054615959753,0.07998001386373604,-0.00028437257726335715,two-sided 95% Wilson interval; conditional on the vector panel and synthetic IID draws,SYNTHETIC
integer_offsets,fixed_six_v2_vectors,boundary_values,-1.0,-1.5625,0.45,blind_raw_frame_energy_search,abs_error_le_0.25,2000,1266,0.633,0.6116401475123484,0.6538499179108382,0.367,0.34615008208916176,0.3883598524876516,1312,0.656,0.6348995465798072,0.6765023346684419,,0.16925904750175141,0.3258496900160006,-0.0004819581777080435,two-sided 95% Wilson interval; conditional on the vector panel and synthetic IID draws,SYNTHETIC
integer_offsets,fixed_six_v2_vectors,randomized_1,-1.0,-1.5625,0.45,existing_nominal_decoder,abs_error_le_0.25,2000,249,0.1245,0.11074657034676971,0.13969313216145118,0.8755,0.8603068678385488,0.8892534296532303,,,,,0.1286068703930849,0.12001142551792822,0.14265949555000307,-0.013669055096256738,two-sided 95% Wilson interval; conditional on the vector panel and synthetic IID draws,SYNTHETIC
integer_offsets,fixed_six_v2_vectors,randomized_1,-1.0,-1.5625,0.45,oracle_exact_timing,abs_error_le_0.25,2000,1893,0.9465,0.935754264314357,0.955533812463484,0.0535,0.04446618753651599,0.06424573568564296,,,,,0.9477992034686994,0.06373016921415572,0.07980125308010408,-0.00017928259497887412,two-sided 95% Wilson interval; conditional on the vector panel and synthetic IID draws,SYNTHETIC
integer_offsets,fixed_six_v2_vectors,randomized_1,-1.0,-1.5625,0.45,blind_matched_filter_energy_search,abs_error_le_0.25,2000,1893,0.9465,0.935754264314357,0.955533812463484,0.0535,0.04446618753651599,0.06424573568564296,2000,1.0,0.9980829527187469,0.9999999999999998,,0.06373016921415572,0.07980125308010408,-0.00017928259497887412,two-sided 95% Wilson interval; conditional on the vector panel and synthetic IID draws,SYNTHETIC
integer_offsets,fixed_six_v2_vectors,randomized_1,-1.0,-1.5625,0.45,blind_raw_frame_energy_search,abs_error_le_0.25,2000,1221,0.6105,0.5889363732061221,0.6316399593447211,0.3895,0.36836004065527894,0.41106362679387787,1256,0.628,0.6065906596696286,0.6489185762263706,,0.19818541186208494,0.34645999472843997,-0.020734662373980448,two-sided 95% Wilson interval; conditional on the vector panel and synthetic IID draws,SYNTHETIC
integer_offsets,fixed_six_v2_vectors,randomized_2,-1.0,-1.5625,0.45,existing_nominal_decoder,abs_error_le_0.25,2000,325,0.1625,0.14698170831916652,0.17931229859567915,0.8375,0.8206877014043208,0.8530182916808335,,,,,0.17046087317789943,0.1176605513447993,0.13959788871347759,0.010247128359211051,two-sided 95% Wilson interval; conditional on the vector panel and synthetic IID draws,SYNTHETIC
integer_offsets,fixed_six_v2_vectors,randomized_2,-1.0,-1.5625,0.45,oracle_exact_timing,abs_error_le_0.25,2000,1888,0.944,0.9330459959530119,0.9532516660612355,0.056,0.04674833393876454,0.06695400404698815,,,,,0.9477992034686994,0.06353376651765591,0.07967309595740597,-0.00040743587933814694,two-sided 95% Wilson interval; conditional on the vector panel and synthetic IID draws,SYNTHETIC
integer_offsets,fixed_six_v2_vectors,randomized_2,-1.0,-1.5625,0.45,blind_matched_filter_energy_search,abs_error_le_0.25,2000,1888,0.944,0.9330459959530119,0.9532516660612355,0.056,0.04674833393876454,0.06695400404698815,2000,1.0,0.9980829527187469,0.9999999999999998,,0.06353376651765591,0.07967309595740597,-0.00040743587933814694,two-sided 95% Wilson interval; conditional on the vector panel and synthetic IID draws,SYNTHETIC
integer_offsets,fixed_six_v2_vectors,randomized_2,-1.0,-1.5625,0.45,blind_raw_frame_energy_search,abs_error_le_0.25,2000,305,0.1525,0.13741148677809684,0.16892086108237392,0.8475,0.8310791389176261,0.8625885132219031,275,0.1375,0.12310079987934935,0.153289059399559,,0.8606574445362669,1.2630783384513027,0.0880872029057133,two-sided 95% Wilson interval; conditional on the vector panel and synthetic IID draws,SYNTHETIC
integer_offsets,fixed_six_v2_vectors,randomized_3,-1.0,-1.5625,0.45,existing_nominal_decoder,abs_error_le_0.25,2000,690,0.345,0.3244814498600604,0.3661128347971279,0.655,0.6338871652028721,0.6755185501399397,,,,,0.33827630575341266,0.09845290886613267,0.12097274330047723,0.0052725593151928775,two-sided 95% Wilson interval; conditional on the vector panel and synthetic IID draws,SYNTHETIC
integer_offsets,fixed_six_v2_vectors,randomized_3,-1.0,-1.5625,0.45,oracle_exact_timing,abs_error_le_0.25,2000,1903,0.9515,0.9411889997479057,0.9600799065571228,0.0485,0.03992009344287717,0.05881100025209429,,,,,0.9477992034686994,0.0631659138396742,0.07929510752564814,0.00012300626519051692,two-sided 95% Wilson interval; conditional on the vector panel and synthetic IID draws,SYNTHETIC
integer_offsets,fixed_six_v2_vectors,randomized_3,-1.0,-1.5625,0.45,blind_matched_filter_energy_search,abs_error_le_0.25,2000,1903,0.9515,0.9411889997479057,0.9600799065571228,0.0485,0.03992009344287717,0.05881100025209429,2000,1.0,0.9980829527187469,0.9999999999999998,,0.0631659138396742,0.07929510752564814,0.00012300626519051692,two-sided 95% Wilson interval; conditional on the vector panel and synthetic IID draws,SYNTHETIC
integer_offsets,fixed_six_v2_vectors,randomized_3,-1.0,-1.5625,0.45,blind_raw_frame_energy_search,abs_error_le_0.25,2000,281,0.1405,0.12595838346176766,0.1564199735334532,0.8595,0.8435800264665468,0.8740416165382323,196,0.098,0.0857302075571977,0.11181109845692967,,0.6742913314907436,0.9932037509603225,0.04587403014658916,two-sided 95% Wilson interval; conditional on the vector panel and synthetic IID draws,SYNTHETIC
integer_offsets,fixed_six_v2_vectors,POOLED_ALL_VECTORS,-1.0,-1.5625,0.45,existing_nominal_decoder,abs_error_le_0.25,12000,3167,0.2639166666666667,0.2561071614698922,0.27187727422619123,0.7360833333333333,0.7281227257738088,0.7438928385301078,,,,,0.2673675583618032,0.1043684207017535,0.1282479926104506,0.0005301215730523802,two-sided 95% Wilson interval; conditional on the vector panel and synthetic IID draws,SYNTHETIC
integer_offsets,fixed_six_v2_vectors,POOLED_ALL_VECTORS,-1.0,-1.5625,0.45,oracle_exact_timing,abs_error_le_0.25,12000,11367,0.94725,0.9431054940181962,0.9511082488759517,0.05275,0.04889175112404831,0.05689450598180379,,,,,0.9477992034686994,0.06344843622488909,0.07957977659479783,-4.583199092305963e-05,two-sided 95% Wilson interval; conditional on the vector panel and synthetic IID draws,SYNTHETIC
integer_offsets,fixed_six_v2_vectors,POOLED_ALL_VECTORS,-1.0,-1.5625,0.45,blind_matched_filter_energy_search,abs_error_le_0.25,12000,11367,0.94725,0.9431054940181962,0.9511082488759517,0.05275,0.04889175112404831,0.05689450598180379,12000,1.0,0.9996799808766326,1.0,,0.06344843622488909,0.07957977659479783,-4.583199092305963e-05,two-sided 95% Wilson interval; conditional on the vector panel and synthetic IID draws,SYNTHETIC
integer_offsets,fixed_six_v2_vectors,POOLED_ALL_VECTORS,-1.0,-1.5625,0.45,blind_raw_frame_energy_search,abs_error_le_0.25,12000,5209,0.4340833333333333,0.4252379325366804,0.44297092331775023,0.5659166666666666,0.5570290766822498,0.5747620674633196,5023,0.4185833333333333,0.4097841880909923,0.42743458835626263,,0.378725529988032,0.7179847322031379,0.01952428072224417,two-sided 95% Wilson interval; conditional on the vector panel and synthetic IID draws,SYNTHETIC
integer_offsets,fixed_six_v2_vectors,mixed_signs,0.0,0.0,0.0,existing_nominal_decoder,abs_error_le_0.25,1,1,1.0,,,0.0,,,,,,,1.0,3.469446951953614e-17,8.326672684688674e-17,-6.938893903907228e-18,deterministic; no sampling interval,SYNTHETIC
integer_offsets,fixed_six_v2_vectors,mixed_signs,0.0,0.0,0.0,oracle_exact_timing,abs_error_le_0.25,1,1,1.0,,,0.0,,,,,,,1.0,3.469446951953614e-17,8.326672684688674e-17,-6.938893903907228e-18,deterministic; no sampling interval,SYNTHETIC
integer_offsets,fixed_six_v2_vectors,mixed_signs,0.0,0.0,0.0,blind_matched_filter_energy_search,abs_error_le_0.25,1,1,1.0,,,0.0,,,1,1.0,,,,3.469446951953614e-17,8.326672684688674e-17,-6.938893903907228e-18,deterministic; no sampling interval,SYNTHETIC
integer_offsets,fixed_six_v2_vectors,mixed_signs,0.0,0.0,0.0,blind_raw_frame_energy_search,abs_error_le_0.25,1,1,1.0,,,0.0,,,1,1.0,,,,3.469446951953614e-17,8.326672684688674e-17,-6.938893903907228e-18,deterministic; no sampling interval,SYNTHETIC
integer_offsets,fixed_six_v2_vectors,sparse_and_zeros,0.0,0.0,0.0,existing_nominal_decoder,abs_error_le_0.25,1,1,1.0,,,0.0,,,,,,,1.0,0.0,0.0,0.0,deterministic; no sampling interval,SYNTHETIC
integer_offsets,fixed_six_v2_vectors,sparse_and_zeros,0.0,0.0,0.0,oracle_exact_timing,abs_error_le_0.25,1,1,1.0,,,0.0,,,,,,,1.0,0.0,0.0,0.0,deterministic; no sampling interval,SYNTHETIC
integer_offsets,fixed_six_v2_vectors,sparse_and_zeros,0.0,0.0,0.0,blind_matched_filter_energy_search,abs_error_le_0.25,1,1,1.0,,,0.0,,,1,1.0,,,,0.0,0.0,0.0,deterministic; no sampling interval,SYNTHETIC
integer_offsets,fixed_six_v2_vectors,sparse_and_zeros,0.0,0.0,0.0,blind_raw_frame_energy_search,abs_error_le_0.25,1,1,1.0,,,0.0,,,1,1.0,,,,0.0,0.0,0.0,deterministic; no sampling interval,SYNTHETIC
integer_offsets,fixed_six_v2_vectors,boundary_values,0.0,0.0,0.0,existing_nominal_decoder,abs_error_le_0.25,1,1,1.0,,,0.0,,,,,,,1.0,1.3877787807814457e-17,5.551115123125783e-17,-1.3877787807814457e-17,deterministic; no sampling interval,SYNTHETIC
integer_offsets,fixed_six_v2_vectors,boundary_values,0.0,0.0,0.0,oracle_exact_timing,abs_error_le_0.25,1,1,1.0,,,0.0,,,,,,,1.0,1.3877787807814457e-17,5.551115123125783e-17,-1.3877787807814457e-17,deterministic; no sampling interval,SYNTHETIC
integer_offsets,fixed_six_v2_vectors,boundary_values,0.0,0.0,0.0,blind_matched_filter_energy_search,abs_error_le_0.25,1,1,1.0,,,0.0,,,1,1.0,,,,1.3877787807814457e-17,5.551115123125783e-17,-1.3877787807814457e-17,deterministic; no sampling interval,SYNTHETIC
integer_offsets,fixed_six_v2_vectors,boundary_values,0.0,0.0,0.0,blind_raw_frame_energy_search,abs_error_le_0.25,1,1,1.0,,,0.0,,,1,1.0,,,,1.3877787807814457e-17,5.551115123125783e-17,-1.3877787807814457e-17,deterministic; no sampling interval,SYNTHETIC
integer_offsets,fixed_six_v2_vectors,randomized_1,0.0,0.0,0.0,existing_nominal_decoder,abs_error_le_0.25,1,1,1.0,,,0.0,,,,,,,1.0,5.377642775528102e-17,1.0614466625631893e-16,-1.734723475976807e-18,deterministic; no sampling interval,SYNTHETIC
integer_offsets,fixed_six_v2_vectors,randomized_1,0.0,0.0,0.0,oracle_exact_timing,abs_error_le_0.25,1,1,1.0,,,0.0,,,,,,,1.0,5.377642775528102e-17,1.0614466625631893e-16,-1.734723475976807e-18,deterministic; no sampling interval,SYNTHETIC
integer_offsets,fixed_six_v2_vectors,randomized_1,0.0,0.0,0.0,blind_matched_filter_energy_search,abs_error_le_0.25,1,1,1.0,,,0.0,,,1,1.0,,,,5.377642775528102e-17,1.0614466625631893e-16,-1.734723475976807e-18,deterministic; no sampling interval,SYNTHETIC
integer_offsets,fixed_six_v2_vectors,randomized_1,0.0,0.0,0.0,blind_raw_frame_energy_search,abs_error_le_0.25,1,1,1.0,,,0.0,,,1,1.0,,,,5.377642775528102e-17,1.0614466625631893e-16,-1.734723475976807e-18,deterministic; no sampling interval,SYNTHETIC
integer_offsets,fixed_six_v2_vectors,randomized_2,0.0,0.0,0.0,existing_nominal_decoder,abs_error_le_0.25,1,1,1.0,,,0.0,,,,,,,1.0,3.122502256758253e-17,8.092071311423672e-17,-1.734723475976807e-17,deterministic; no sampling interval,SYNTHETIC
integer_offsets,fixed_six_v2_vectors,randomized_2,0.0,0.0,0.0,oracle_exact_timing,abs_error_le_0.25,1,1,1.0,,,0.0,,,,,,,1.0,3.122502256758253e-17,8.092071311423672e-17,-1.734723475976807e-17,deterministic; no sampling interval,SYNTHETIC
integer_offsets,fixed_six_v2_vectors,randomized_2,0.0,0.0,0.0,blind_matched_filter_energy_search,abs_error_le_0.25,1,1,1.0,,,0.0,,,1,1.0,,,,3.122502256758253e-17,8.092071311423672e-17,-1.734723475976807e-17,deterministic; no sampling interval,SYNTHETIC
integer_offsets,fixed_six_v2_vectors,randomized_2,0.0,0.0,0.0,blind_raw_frame_energy_search,abs_error_le_0.25,1,1,1.0,,,0.0,,,1,1.0,,,,3.122502256758253e-17,8.092071311423672e-17,-1.734723475976807e-17,deterministic; no sampling interval,SYNTHETIC
integer_offsets,fixed_six_v2_vectors,randomized_3,0.0,0.0,0.0,existing_nominal_decoder,abs_error_le_0.25,1,1,1.0,,,0.0,,,,,,,1.0,3.165870343657673e-17,9.816143974602446e-17,-2.3852447794681098e-17,deterministic; no sampling interval,SYNTHETIC
integer_offsets,fixed_six_v2_vectors,randomized_3,0.0,0.0,0.0,oracle_exact_timing,abs_error_le_0.25,1,1,1.0,,,0.0,,,,,,,1.0,3.165870343657673e-17,9.816143974602446e-17,-2.3852447794681098e-17,deterministic; no sampling interval,SYNTHETIC
integer_offsets,fixed_six_v2_vectors,randomized_3,0.0,0.0,0.0,blind_matched_filter_energy_search,abs_error_le_0.25,1,1,1.0,,,0.0,,,1,1.0,,,,3.165870343657673e-17,9.816143974602446e-17,-2.3852447794681098e-17,deterministic; no sampling interval,SYNTHETIC
integer_offsets,fixed_six_v2_vectors,randomized_3,0.0,0.0,0.0,blind_raw_frame_energy_search,abs_error_le_0.25,1,1,1.0,,,0.0,,,1,1.0,,,,3.165870343657673e-17,9.816143974602446e-17,-2.3852447794681098e-17,deterministic; no sampling interval,SYNTHETIC
integer_offsets,fixed_six_v2_vectors,POOLED_ALL_VECTORS,0.0,0.0,0.0,existing_nominal_decoder,abs_error_le_0.25,6,6,1.0,,,0.0,,,,,,,1.0,2.7538735181131813e-17,7.902041503034511e-17,-1.0625181290357943e-17,deterministic; no sampling interval,SYNTHETIC
integer_offsets,fixed_six_v2_vectors,POOLED_ALL_VECTORS,0.0,0.0,0.0,oracle_exact_timing,abs_error_le_0.25,6,6,1.0,,,0.0,,,,,,,1.0,2.7538735181131813e-17,7.902041503034511e-17,-1.0625181290357943e-17,deterministic; no sampling interval,SYNTHETIC
integer_offsets,fixed_six_v2_vectors,POOLED_ALL_VECTORS,0.0,0.0,0.0,blind_matched_filter_energy_search,abs_error_le_0.25,6,6,1.0,,,0.0,,,6,1.0,,,,2.7538735181131813e-17,7.902041503034511e-17,-1.0625181290357943e-17,deterministic; no sampling interval,SYNTHETIC
integer_offsets,fixed_six_v2_vectors,POOLED_ALL_VECTORS,0.0,0.0,0.0,blind_raw_frame_energy_search,abs_error_le_0.25,6,6,1.0,,,0.0,,,6,1.0,,,,2.7538735181131813e-17,7.902041503034511e-17,-1.0625181290357943e-17,deterministic; no sampling interval,SYNTHETIC
integer_offsets,fixed_six_v2_vectors,mixed_signs,0.0,0.0,0.45,existing_nominal_decoder,abs_error_le_0.25,2000,1880,0.94,0.9287241955068138,0.9495888028856835,0.06,0.05041119711431652,0.07127580449318616,,,,,0.9477992034686994,0.06355759187019872,0.0795397731438017,7.283582452524306e-06,two-sided 95% Wilson interval; conditional on the vector panel and synthetic IID draws,SYNTHETIC
integer_offsets,fixed_six_v2_vectors,mixed_signs,0.0,0.0,0.45,oracle_exact_timing,abs_error_le_0.25,2000,1880,0.94,0.9287241955068138,0.9495888028856835,0.06,0.05041119711431652,0.07127580449318616,,,,,0.9477992034686994,0.06355759187019872,0.0795397731438017,7.283582452524306e-06,two-sided 95% Wilson interval; conditional on the vector panel and synthetic IID draws,SYNTHETIC
integer_offsets,fixed_six_v2_vectors,mixed_signs,0.0,0.0,0.45,blind_matched_filter_energy_search,abs_error_le_0.25,2000,1880,0.94,0.9287241955068138,0.9495888028856835,0.06,0.05041119711431652,0.07127580449318616,2000,1.0,0.9980829527187469,0.9999999999999998,,0.06355759187019872,0.0795397731438017,7.283582452524306e-06,two-sided 95% Wilson interval; conditional on the vector panel and synthetic IID draws,SYNTHETIC
integer_offsets,fixed_six_v2_vectors,mixed_signs,0.0,0.0,0.45,blind_raw_frame_energy_search,abs_error_le_0.25,2000,954,0.477,0.4551751724430595,0.49891301173187796,0.523,0.501086988268122,0.5448248275569405,940,0.47,0.44820482770857345,0.49191019512830153,,0.26585431752639954,0.47713411527428723,1.6736537875064628e-05,two-sided 95% Wilson interval; conditional on the vector panel and synthetic IID draws,SYNTHETIC
integer_offsets,fixed_six_v2_vectors,sparse_and_zeros,0.0,0.0,0.45,existing_nominal_decoder,abs_error_le_0.25,2000,1881,0.9405,0.9292636881836284,0.9500473931615877,0.0595,0.049952606838412295,0.07073631181637163,,,,,0.9477992034686994,0.0633579904750451,0.07947389010622113,7.782346106873997e-05,two-sided 95% Wilson interval; conditional on the vector panel and synthetic IID draws,SYNTHETIC
integer_offsets,fixed_six_v2_vectors,sparse_and_zeros,0.0,0.0,0.45,oracle_exact_timing,abs_error_le_0.25,2000,1881,0.9405,0.9292636881836284,0.9500473931615877,0.0595,0.049952606838412295,0.07073631181637163,,,,,0.9477992034686994,0.0633579904750451,0.07947389010622113,7.782346106873997e-05,two-sided 95% Wilson interval; conditional on the vector panel and synthetic IID draws,SYNTHETIC
integer_offsets,fixed_six_v2_vectors,sparse_and_zeros,0.0,0.0,0.45,blind_matched_filter_energy_search,abs_error_le_0.25,2000,1881,0.9405,0.9292636881836284,0.9500473931615877,0.0595,0.049952606838412295,0.07073631181637163,2000,1.0,0.9980829527187469,0.9999999999999998,,0.0633579904750451,0.07947389010622113,7.782346106873997e-05,two-sided 95% Wilson interval; conditional on the vector panel and synthetic IID draws,SYNTHETIC
integer_offsets,fixed_six_v2_vectors,sparse_and_zeros,0.0,0.0,0.45,blind_raw_frame_energy_search,abs_error_le_0.25,2000,1164,0.582,0.560246591678356,0.6034390125675185,0.418,0.39656098743248147,0.439753408321644,1042,0.521,0.499086973019876,0.5428325109943114,,0.09575084196149325,0.2010838622231481,0.0039989480726865465,two-sided 95% Wilson interval; conditional on the vector panel and synthetic IID draws,SYNTHETIC
integer_offsets,fixed_six_v2_vectors,boundary_values,0.0,0.0,0.45,existing_nominal_decoder,abs_error_le_0.25,2000,1881,0.9405,0.9292636881836284,0.9500473931615877,0.0595,0.049952606838412295,0.07073631181637163,,,,,0.9477992034686994,0.06366302222306687,0.07989586885898843,0.0001099769523534138,two-sided 95% Wilson interval; conditional on the vector panel and synthetic IID draws,SYNTHETIC
integer_offsets,fixed_six_v2_vectors,boundary_values,0.0,0.0,0.45,oracle_exact_timing,abs_error_le_0.25,2000,1881,0.9405,0.9292636881836284,0.9500473931615877,0.0595,0.049952606838412295,0.07073631181637163,,,,,0.9477992034686994,0.06366302222306687,0.07989586885898843,0.0001099769523534138,two-sided 95% Wilson interval; conditional on the vector panel and synthetic IID draws,SYNTHETIC
integer_offsets,fixed_six_v2_vectors,boundary_values,0.0,0.0,0.45,blind_matched_filter_energy_search,abs_error_le_0.25,2000,1881,0.9405,0.9292636881836284,0.9500473931615877,0.0595,0.049952606838412295,0.07073631181637163,2000,1.0,0.9980829527187469,0.9999999999999998,,0.06366302222306687,0.07989586885898843,0.0001099769523534138,two-sided 95% Wilson interval; conditional on the vector panel and synthetic IID draws,SYNTHETIC
integer_offsets,fixed_six_v2_vectors,boundary_values,0.0,0.0,0.45,blind_raw_frame_energy_search,abs_error_le_0.25,2000,1224,0.612,0.5904484568414643,0.6331221245675349,0.388,0.3668778754324651,0.4095515431585357,1275,0.6375,0.6161867711575888,0.6582860408400666,,0.16439906008413566,0.31345509501493624,1.9009893473990735e-06,two-sided 95% Wilson interval; conditional on the vector panel and synthetic IID draws,SYNTHETIC
integer_offsets,fixed_six_v2_vectors,randomized_1,0.0,0.0,0.45,existing_nominal_decoder,abs_error_le_0.25,2000,1904,0.952,0.9417339082484883,0.9605330810092589,0.048,0.03946691899074106,0.05826609175151165,,,,,0.9477992034686994,0.06315044802615076,0.07907984425541742,0.0001878680061230649,two-sided 95% Wilson interval; conditional on the vector panel and synthetic IID draws,SYNTHETIC
integer_offsets,fixed_six_v2_vectors,randomized_1,0.0,0.0,0.45,oracle_exact_timing,abs_error_le_0.25,2000,1904,0.952,0.9417339082484883,0.9605330810092589,0.048,0.03946691899074106,0.05826609175151165,,,,,0.9477992034686994,0.06315044802615076,0.07907984425541742,0.0001878680061230649,two-sided 95% Wilson interval; conditional on the vector panel and synthetic IID draws,SYNTHETIC
integer_offsets,fixed_six_v2_vectors,randomized_1,0.0,0.0,0.45,blind_matched_filter_energy_search,abs_error_le_0.25,2000,1904,0.952,0.9417339082484883,0.9605330810092589,0.048,0.03946691899074106,0.05826609175151165,2000,1.0,0.9980829527187469,0.9999999999999998,,0.06315044802615076,0.07907984425541742,0.0001878680061230649,two-sided 95% Wilson interval; conditional on the vector panel and synthetic IID draws,SYNTHETIC
integer_offsets,fixed_six_v2_vectors,randomized_1,0.0,0.0,0.45,blind_raw_frame_energy_search,abs_error_le_0.25,2000,1189,0.5945,0.5728205849603423,0.615817093103501,0.4055,0.38418290689649903,0.42717941503965773,1199,0.5995,0.5778542087691927,0.620764298821838,,0.2028525950161759,0.34899560327527723,-0.02146238859821382,two-sided 95% Wilson interval; conditional on the vector panel and synthetic IID draws,SYNTHETIC
integer_offsets,fixed_six_v2_vectors,randomized_2,0.0,0.0,0.45,existing_nominal_decoder,abs_error_le_0.25,2000,1905,0.9525,0.9422790928066445,0.9609859794038216,0.0475,0.03901402059617842,0.05772090719335554,,,,,0.9477992034686994,0.06343595122964026,0.07944717603523316,-8.022269545576857e-05,two-sided 95% Wilson interval; conditional on the vector panel and synthetic IID draws,SYNTHETIC
integer_offsets,fixed_six_v2_vectors,randomized_2,0.0,0.0,0.45,oracle_exact_timing,abs_error_le_0.25,2000,1905,0.9525,0.9422790928066445,0.9609859794038216,0.0475,0.03901402059617842,0.05772090719335554,,,,,0.9477992034686994,0.06343595122964026,0.07944717603523316,-8.022269545576857e-05,two-sided 95% Wilson interval; conditional on the vector panel and synthetic IID draws,SYNTHETIC
integer_offsets,fixed_six_v2_vectors,randomized_2,0.0,0.0,0.45,blind_matched_filter_energy_search,abs_error_le_0.25,2000,1905,0.9525,0.9422790928066445,0.9609859794038216,0.0475,0.03901402059617842,0.05772090719335554,2000,1.0,0.9980829527187469,0.9999999999999998,,0.06343595122964026,0.07944717603523316,-8.022269545576857e-05,two-sided 95% Wilson interval; conditional on the vector panel and synthetic IID draws,SYNTHETIC
integer_offsets,fixed_six_v2_vectors,randomized_2,0.0,0.0,0.45,blind_raw_frame_energy_search,abs_error_le_0.25,2000,307,0.1535,0.1383674835549553,0.16996103021095296,0.8465,0.830038969789047,0.8616325164450447,291,0.1455,0.13072618405103206,0.1616330024713762,,0.8881339418665193,1.291057571900806,0.09235759676372947,two-sided 95% Wilson interval; conditional on the vector panel and synthetic IID draws,SYNTHETIC
integer_offsets,fixed_six_v2_vectors,randomized_3,0.0,0.0,0.45,existing_nominal_decoder,abs_error_le_0.25,2000,1919,0.9595,0.9499431768629318,0.9672950566855967,0.0405,0.03270494331440332,0.05005682313706816,,,,,0.9477992034686994,0.06334170591578006,0.07934294395850224,-0.0001698402481057003,two-sided 95% Wilson interval; conditional on the vector panel and synthetic IID draws,SYNTHETIC
integer_offsets,fixed_six_v2_vectors,randomized_3,0.0,0.0,0.45,oracle_exact_timing,abs_error_le_0.25,2000,1919,0.9595,0.9499431768629318,0.9672950566855967,0.0405,0.03270494331440332,0.05005682313706816,,,,,0.9477992034686994,0.06334170591578006,0.07934294395850224,-0.0001698402481057003,two-sided 95% Wilson interval; conditional on the vector panel and synthetic IID draws,SYNTHETIC
integer_offsets,fixed_six_v2_vectors,randomized_3,0.0,0.0,0.45,blind_matched_filter_energy_search,abs_error_le_0.25,2000,1919,0.9595,0.9499431768629318,0.9672950566855967,0.0405,0.03270494331440332,0.05005682313706816,2000,1.0,0.9980829527187469,0.9999999999999998,,0.06334170591578006,0.07934294395850224,-0.0001698402481057003,two-sided 95% Wilson interval; conditional on the vector panel and synthetic IID draws,SYNTHETIC
integer_offsets,fixed_six_v2_vectors,randomized_3,0.0,0.0,0.45,blind_raw_frame_energy_search,abs_error_le_0.25,2000,294,0.147,0.13215774792821597,0.16319568745234855,0.853,0.8368043125476514,0.867842252071784,215,0.1075,0.09466955209286256,0.12183533002292098,,0.6532611753847694,0.9696854189032149,0.04382817162413253,two-sided 95% Wilson interval; conditional on the vector panel and synthetic IID draws,SYNTHETIC
integer_offsets,fixed_six_v2_vectors,POOLED_ALL_VECTORS,0.0,0.0,0.45,existing_nominal_decoder,abs_error_le_0.25,12000,11370,0.9475,0.9433643661193831,0.9513492167652029,0.0525,0.0486507832347971,0.056635633880616876,,,,,0.9477992034686994,0.06341778495664696,0.07946362153479651,2.214817640604565e-05,two-sided 95% Wilson interval; conditional on the vector panel and synthetic IID draws,SYNTHETIC
integer_offsets,fixed_six_v2_vectors,POOLED_ALL_VECTORS,0.0,0.0,0.45,oracle_exact_timing,abs_error_le_0.25,12000,11370,0.9475,0.9433643661193831,0.9513492167652029,0.0525,0.0486507832347971,0.056635633880616876,,,,,0.9477992034686994,0.06341778495664696,0.07946362153479651,2.214817640604565e-05,two-sided 95% Wilson interval; conditional on the vector panel and synthetic IID draws,SYNTHETIC
integer_offsets,fixed_six_v2_vectors,POOLED_ALL_VECTORS,0.0,0.0,0.45,blind_matched_filter_energy_search,abs_error_le_0.25,12000,11370,0.9475,0.9433643661193831,0.9513492167652029,0.0525,0.0486507832347971,0.056635633880616876,12000,1.0,0.9996799808766326,1.0,,0.06341778495664696,0.07946362153479651,2.214817640604565e-05,two-sided 95% Wilson interval; conditional on the vector panel and synthetic IID draws,SYNTHETIC
integer_offsets,fixed_six_v2_vectors,POOLED_ALL_VECTORS,0.0,0.0,0.45,blind_raw_frame_energy_search,abs_error_le_0.25,12000,5132,0.42766666666666664,0.4188393378332269,0.43654029159995356,0.5723333333333334,0.5634597084000464,0.5811606621667731,4962,0.4135,0.40471796633357016,0.42233739697477235,,0.37837532197324875,0.7182459162080631,0.01979016089825953,two-sided 95% Wilson interval; conditional on the vector panel and synthetic IID draws,SYNTHETIC
integer_offsets,fixed_six_v2_vectors,mixed_signs,1.0,1.5625,0.0,existing_nominal_decoder,abs_error_le_0.25,1,1,1.0,,,0.0,,,,,,,1.0,0.08576696172711216,0.1003222345427374,0.0005285118165489974,deterministic; no sampling interval,SYNTHETIC
integer_offsets,fixed_six_v2_vectors,mixed_signs,1.0,1.5625,0.0,oracle_exact_timing,abs_error_le_0.25,1,1,1.0,,,0.0,,,,,,,1.0,3.469446951953614e-17,8.326672684688674e-17,-6.938893903907228e-18,deterministic; no sampling interval,SYNTHETIC
integer_offsets,fixed_six_v2_vectors,mixed_signs,1.0,1.5625,0.0,blind_matched_filter_energy_search,abs_error_le_0.25,1,1,1.0,,,0.0,,,1,1.0,,,,3.469446951953614e-17,8.326672684688674e-17,-6.938893903907228e-18,deterministic; no sampling interval,SYNTHETIC
integer_offsets,fixed_six_v2_vectors,mixed_signs,1.0,1.5625,0.0,blind_raw_frame_energy_search,abs_error_le_0.25,1,1,1.0,,,0.0,,,1,1.0,,,,3.469446951953614e-17,8.326672684688674e-17,-6.938893903907228e-18,deterministic; no sampling interval,SYNTHETIC
integer_offsets,fixed_six_v2_vectors,sparse_and_zeros,1.0,1.5625,0.0,existing_nominal_decoder,abs_error_le_0.25,1,1,1.0,,,0.0,,,,,,,1.0,0.01909560405605735,0.05044910599762836,0.0023125852733157245,deterministic; no sampling interval,SYNTHETIC
integer_offsets,fixed_six_v2_vectors,sparse_and_zeros,1.0,1.5625,0.0,oracle_exact_timing,abs_error_le_0.25,1,1,1.0,,,0.0,,,,,,,1.0,0.0,0.0,0.0,deterministic; no sampling interval,SYNTHETIC
integer_offsets,fixed_six_v2_vectors,sparse_and_zeros,1.0,1.5625,0.0,blind_matched_filter_energy_search,abs_error_le_0.25,1,1,1.0,,,0.0,,,1,1.0,,,,0.0,0.0,0.0,deterministic; no sampling interval,SYNTHETIC
integer_offsets,fixed_six_v2_vectors,sparse_and_zeros,1.0,1.5625,0.0,blind_raw_frame_energy_search,abs_error_le_0.25,1,1,1.0,,,0.0,,,1,1.0,,,,0.0,0.0,0.0,deterministic; no sampling interval,SYNTHETIC
integer_offsets,fixed_six_v2_vectors,boundary_values,1.0,1.5625,0.0,existing_nominal_decoder,abs_error_le_0.25,1,1,1.0,,,0.0,,,,,,,1.0,0.08932513214765786,0.11308624740263515,0.0005285118165490026,deterministic; no sampling interval,SYNTHETIC
integer_offsets,fixed_six_v2_vectors,boundary_values,1.0,1.5625,0.0,oracle_exact_timing,abs_error_le_0.25,1,1,1.0,,,0.0,,,,,,,1.0,1.3877787807814457e-17,5.551115123125783e-17,-1.3877787807814457e-17,deterministic; no sampling interval,SYNTHETIC
integer_offsets,fixed_six_v2_vectors,boundary_values,1.0,1.5625,0.0,blind_matched_filter_energy_search,abs_error_le_0.25,1,1,1.0,,,0.0,,,1,1.0,,,,1.3877787807814457e-17,5.551115123125783e-17,-1.3877787807814457e-17,deterministic; no sampling interval,SYNTHETIC
integer_offsets,fixed_six_v2_vectors,boundary_values,1.0,1.5625,0.0,blind_raw_frame_energy_search,abs_error_le_0.25,1,1,1.0,,,0.0,,,1,1.0,,,,1.3877787807814457e-17,5.551115123125783e-17,-1.3877787807814457e-17,deterministic; no sampling interval,SYNTHETIC
integer_offsets,fixed_six_v2_vectors,randomized_1,1.0,1.5625,0.0,existing_nominal_decoder,abs_error_le_0.25,1,1,1.0,,,0.0,,,,,,,1.0,0.10766197050550891,0.11825955592173253,-0.012649345193047163,deterministic; no sampling interval,SYNTHETIC
integer_offsets,fixed_six_v2_vectors,randomized_1,1.0,1.5625,0.0,oracle_exact_timing,abs_error_le_0.25,1,1,1.0,,,0.0,,,,,,,1.0,5.377642775528102e-17,1.0614466625631893e-16,-1.734723475976807e-18,deterministic; no sampling interval,SYNTHETIC
integer_offsets,fixed_six_v2_vectors,randomized_1,1.0,1.5625,0.0,blind_matched_filter_energy_search,abs_error_le_0.25,1,1,1.0,,,0.0,,,1,1.0,,,,5.377642775528102e-17,1.0614466625631893e-16,-1.734723475976807e-18,deterministic; no sampling interval,SYNTHETIC
integer_offsets,fixed_six_v2_vectors,randomized_1,1.0,1.5625,0.0,blind_raw_frame_energy_search,abs_error_le_0.25,1,1,1.0,,,0.0,,,1,1.0,,,,5.377642775528102e-17,1.0614466625631893e-16,-1.734723475976807e-18,deterministic; no sampling interval,SYNTHETIC
integer_offsets,fixed_six_v2_vectors,randomized_2,1.0,1.5625,0.0,existing_nominal_decoder,abs_error_le_0.25,1,1,1.0,,,0.0,,,,,,,1.0,0.10583181330855357,0.11448095323314555,0.010899524587707902,deterministic; no sampling interval,SYNTHETIC
integer_offsets,fixed_six_v2_vectors,randomized_2,1.0,1.5625,0.0,oracle_exact_timing,abs_error_le_0.25,1,1,1.0,,,0.0,,,,,,,1.0,3.122502256758253e-17,8.092071311423672e-17,-1.734723475976807e-17,deterministic; no sampling interval,SYNTHETIC
integer_offsets,fixed_six_v2_vectors,randomized_2,1.0,1.5625,0.0,blind_matched_filter_energy_search,abs_error_le_0.25,1,1,1.0,,,0.0,,,1,1.0,,,,3.122502256758253e-17,8.092071311423672e-17,-1.734723475976807e-17,deterministic; no sampling interval,SYNTHETIC
integer_offsets,fixed_six_v2_vectors,randomized_2,1.0,1.5625,0.0,blind_raw_frame_energy_search,abs_error_le_0.25,1,1,1.0,,,0.0,,,1,1.0,,,,3.122502256758253e-17,8.092071311423672e-17,-1.734723475976807e-17,deterministic; no sampling interval,SYNTHETIC
integer_offsets,fixed_six_v2_vectors,randomized_3,1.0,1.5625,0.0,existing_nominal_decoder,abs_error_le_0.25,1,1,1.0,,,0.0,,,,,,,1.0,0.0812792609372881,0.09129357772637103,0.004980591826232633,deterministic; no sampling interval,SYNTHETIC
integer_offsets,fixed_six_v2_vectors,randomized_3,1.0,1.5625,0.0,oracle_exact_timing,abs_error_le_0.25,1,1,1.0,,,0.0,,,,,,,1.0,3.165870343657673e-17,9.816143974602446e-17,-2.3852447794681098e-17,deterministic; no sampling interval,SYNTHETIC
integer_offsets,fixed_six_v2_vectors,randomized_3,1.0,1.5625,0.0,blind_matched_filter_energy_search,abs_error_le_0.25,1,1,1.0,,,0.0,,,1,1.0,,,,3.165870343657673e-17,9.816143974602446e-17,-2.3852447794681098e-17,deterministic; no sampling interval,SYNTHETIC
integer_offsets,fixed_six_v2_vectors,randomized_3,1.0,1.5625,0.0,blind_raw_frame_energy_search,abs_error_le_0.25,1,1,1.0,,,0.0,,,1,1.0,,,,3.165870343657673e-17,9.816143974602446e-17,-2.3852447794681098e-17,deterministic; no sampling interval,SYNTHETIC
integer_offsets,fixed_six_v2_vectors,POOLED_ALL_VECTORS,1.0,1.5625,0.0,existing_nominal_decoder,abs_error_le_0.25,6,6,1.0,,,0.0,,,,,,,1.0,0.08149345711369632,0.1006842349007314,0.0011000633545511825,deterministic; no sampling interval,SYNTHETIC
integer_offsets,fixed_six_v2_vectors,POOLED_ALL_VECTORS,1.0,1.5625,0.0,oracle_exact_timing,abs_error_le_0.25,6,6,1.0,,,0.0,,,,,,,1.0,2.7538735181131813e-17,7.902041503034511e-17,-1.0625181290357943e-17,deterministic; no sampling interval,SYNTHETIC
integer_offsets,fixed_six_v2_vectors,POOLED_ALL_VECTORS,1.0,1.5625,0.0,blind_matched_filter_energy_search,abs_error_le_0.25,6,6,1.0,,,0.0,,,6,1.0,,,,2.7538735181131813e-17,7.902041503034511e-17,-1.0625181290357943e-17,deterministic; no sampling interval,SYNTHETIC
integer_offsets,fixed_six_v2_vectors,POOLED_ALL_VECTORS,1.0,1.5625,0.0,blind_raw_frame_energy_search,abs_error_le_0.25,6,6,1.0,,,0.0,,,6,1.0,,,,2.7538735181131813e-17,7.902041503034511e-17,-1.0625181290357943e-17,deterministic; no sampling interval,SYNTHETIC
integer_offsets,fixed_six_v2_vectors,mixed_signs,1.0,1.5625,0.45,existing_nominal_decoder,abs_error_le_0.25,2000,539,0.2695,0.25050984717313135,0.28937391162352627,0.7305,0.7106260883764737,0.7494901528268687,,,,,0.2680380645285007,0.10563578926307217,0.12855570403614977,0.0005273242275619853,two-sided 95% Wilson interval; conditional on the vector panel and synthetic IID draws,SYNTHETIC
integer_offsets,fixed_six_v2_vectors,mixed_signs,1.0,1.5625,0.45,oracle_exact_timing,abs_error_le_0.25,2000,1898,0.949,0.9384684614587503,0.9578100300826845,0.051,0.042189969917315495,0.06153153854124971,,,,,0.9477992034686994,0.06374373607380465,0.07980484394198725,-0.000222315778839978,two-sided 95% Wilson interval; conditional on the vector panel and synthetic IID draws,SYNTHETIC
integer_offsets,fixed_six_v2_vectors,mixed_signs,1.0,1.5625,0.45,blind_matched_filter_energy_search,abs_error_le_0.25,2000,1898,0.949,0.9384684614587503,0.9578100300826845,0.051,0.042189969917315495,0.06153153854124971,2000,1.0,0.9980829527187469,0.9999999999999998,,0.06374373607380465,0.07980484394198725,-0.000222315778839978,two-sided 95% Wilson interval; conditional on the vector panel and synthetic IID draws,SYNTHETIC
integer_offsets,fixed_six_v2_vectors,mixed_signs,1.0,1.5625,0.45,blind_raw_frame_energy_search,abs_error_le_0.25,2000,966,0.483,0.46115317354684554,0.504912006060717,0.517,0.49508799393928304,0.5388468264531545,938,0.469,0.44720941543097464,0.49090944150046284,,0.27344545959713673,0.48941545621338267,-7.576091534391677e-05,two-sided 95% Wilson interval; conditional on the vector panel and synthetic IID draws,SYNTHETIC
integer_offsets,fixed_six_v2_vectors,sparse_and_zeros,1.0,1.5625,0.45,existing_nominal_decoder,abs_error_le_0.25,2000,1242,0.621,0.5995254353250561,0.6420106392328806,0.379,0.3579893607671194,0.4004745646749439,,,,,0.627326954764686,0.07343402810659168,0.09422547263107942,0.002098442901701494,two-sided 95% Wilson interval; conditional on the vector panel and synthetic IID draws,SYNTHETIC
integer_offsets,fixed_six_v2_vectors,sparse_and_zeros,1.0,1.5625,0.45,oracle_exact_timing,abs_error_le_0.25,2000,1912,0.956,0.9461034732959137,0.9641481795835833,0.044,0.03585182041641666,0.05389652670408629,,,,,0.9477992034686994,0.06337182781001388,0.07933380377022757,-0.0002053242210382779,two-sided 95% Wilson interval; conditional on the vector panel and synthetic IID draws,SYNTHETIC
integer_offsets,fixed_six_v2_vectors,sparse_and_zeros,1.0,1.5625,0.45,blind_matched_filter_energy_search,abs_error_le_0.25,2000,1912,0.956,0.9461034732959137,0.9641481795835833,0.044,0.03585182041641666,0.05389652670408629,2000,1.0,0.9980829527187469,0.9999999999999998,,0.06337182781001388,0.07933380377022757,-0.0002053242210382779,two-sided 95% Wilson interval; conditional on the vector panel and synthetic IID draws,SYNTHETIC
integer_offsets,fixed_six_v2_vectors,sparse_and_zeros,1.0,1.5625,0.45,blind_raw_frame_energy_search,abs_error_le_0.25,2000,1222,0.611,0.58944037751163,0.6321340379919317,0.389,0.3678659620080683,0.41055962248836997,1083,0.5415,0.5196037857127578,0.5632370993628981,,0.09443049981578135,0.19921075090239532,0.0037027300485038767,two-sided 95% Wilson interval; conditional on the vector panel and synthetic IID draws,SYNTHETIC
integer_offsets,fixed_six_v2_vectors,boundary_values,1.0,1.5625,0.45,existing_nominal_decoder,abs_error_le_0.25,2000,201,0.1005,0.08807923318177419,0.11445248759594692,0.8995,0.885547512404053,0.9119207668182259,,,,,0.1111145530223989,0.11293146868211279,0.13833721620970513,0.0009539147710937848,two-sided 95% Wilson interval; conditional on the vector panel and synthetic IID draws,SYNTHETIC
integer_offsets,fixed_six_v2_vectors,boundary_values,1.0,1.5625,0.45,oracle_exact_timing,abs_error_le_0.25,2000,1904,0.952,0.9417339082484883,0.9605330810092589,0.048,0.03946691899074106,0.05826609175151165,,,,,0.9477992034686994,0.06374181306317696,0.07991558844844561,0.0003029409663878515,two-sided 95% Wilson interval; conditional on the vector panel and synthetic IID draws,SYNTHETIC
integer_offsets,fixed_six_v2_vectors,boundary_values,1.0,1.5625,0.45,blind_matched_filter_energy_search,abs_error_le_0.25,2000,1904,0.952,0.9417339082484883,0.9605330810092589,0.048,0.03946691899074106,0.05826609175151165,2000,1.0,0.9980829527187469,0.9999999999999998,,0.06374181306317696,0.07991558844844561,0.0003029409663878515,two-sided 95% Wilson interval; conditional on the vector panel and synthetic IID draws,SYNTHETIC
integer_offsets,fixed_six_v2_vectors,boundary_values,1.0,1.5625,0.45,blind_raw_frame_energy_search,abs_error_le_0.25,2000,1240,0.62,0.5985165014191288,0.6410234072333704,0.38,0.35897659276662963,0.4014834985808712,1289,0.6445,0.6232632602811659,0.665182713054552,,0.16985161721873807,0.32278511890185857,2.4212038646509927e-05,two-sided 95% Wilson interval; conditional on the vector panel and synthetic IID draws,SYNTHETIC
integer_offsets,fixed_six_v2_vectors,randomized_1,1.0,1.5625,0.45,existing_nominal_decoder,abs_error_le_0.25,2000,250,0.125,0.1112208289581945,0.14021695650274513,0.875,0.8597830434972549,0.8887791710418055,,,,,0.12941646308127824,0.1197446664551166,0.14233938133598362,-0.012204382956141315,two-sided 95% Wilson interval; conditional on the vector panel and synthetic IID draws,SYNTHETIC
integer_offsets,fixed_six_v2_vectors,randomized_1,1.0,1.5625,0.45,oracle_exact_timing,abs_error_le_0.25,2000,1902,0.951,0.9406443633026171,0.9596264600496927,0.049,0.04037353995030735,0.05935563669738286,,,,,0.9477992034686994,0.06335521212409259,0.07934103713707541,0.0004947470786763339,two-sided 95% Wilson interval; conditional on the vector panel and synthetic IID draws,SYNTHETIC
integer_offsets,fixed_six_v2_vectors,randomized_1,1.0,1.5625,0.45,blind_matched_filter_energy_search,abs_error_le_0.25,2000,1902,0.951,0.9406443633026171,0.9596264600496927,0.049,0.04037353995030735,0.05935563669738286,2000,1.0,0.9980829527187469,0.9999999999999998,,0.06335521212409259,0.07934103713707541,0.0004947470786763339,two-sided 95% Wilson interval; conditional on the vector panel and synthetic IID draws,SYNTHETIC
integer_offsets,fixed_six_v2_vectors,randomized_1,1.0,1.5625,0.45,blind_raw_frame_energy_search,abs_error_le_0.25,2000,1220,0.61,0.5884323924516162,0.6311458571465081,0.39,0.36885414285349194,0.41156760754838384,1252,0.626,0.6045715428037938,0.6469453612813304,,0.18703048386362525,0.3218447402983138,-0.018704610167875075,two-sided 95% Wilson interval; conditional on the vector panel and synthetic IID draws,SYNTHETIC
integer_offsets,fixed_six_v2_vectors,randomized_2,1.0,1.5625,0.45,existing_nominal_decoder,abs_error_le_0.25,2000,330,0.165,0.14937772117810108,0.18190670050033833,0.835,0.8180932994996617,0.8506222788218989,,,,,0.16097754225506627,0.11712610988932906,0.13945115129291977,0.010943807436338339,two-sided 95% Wilson interval; conditional on the vector panel and synthetic IID draws,SYNTHETIC
integer_offsets,fixed_six_v2_vectors,randomized_2,1.0,1.5625,0.45,oracle_exact_timing,abs_error_le_0.25,2000,1889,0.9445,0.9335871935538151,0.9537085514131509,0.0555,0.04629144858684908,0.06641280644618486,,,,,0.9477992034686994,0.06400088596933226,0.08003089468699962,-5.465897405321474e-05,two-sided 95% Wilson interval; conditional on the vector panel and synthetic IID draws,SYNTHETIC
integer_offsets,fixed_six_v2_vectors,randomized_2,1.0,1.5625,0.45,blind_matched_filter_energy_search,abs_error_le_0.25,2000,1889,0.9445,0.9335871935538151,0.9537085514131509,0.0555,0.04629144858684908,0.06641280644618486,2000,1.0,0.9980829527187469,0.9999999999999998,,0.06400088596933226,0.08003089468699962,-5.465897405321474e-05,two-sided 95% Wilson interval; conditional on the vector panel and synthetic IID draws,SYNTHETIC
integer_offsets,fixed_six_v2_vectors,randomized_2,1.0,1.5625,0.45,blind_raw_frame_energy_search,abs_error_le_0.25,2000,294,0.147,0.13215774792821597,0.16319568745234855,0.853,0.8368043125476514,0.867842252071784,281,0.1405,0.12595838346176766,0.1564199735334532,,0.9260207482338075,1.3284364887782583,0.09926872053666697,two-sided 95% Wilson interval; conditional on the vector panel and synthetic IID draws,SYNTHETIC
integer_offsets,fixed_six_v2_vectors,randomized_3,1.0,1.5625,0.45,existing_nominal_decoder,abs_error_le_0.25,2000,707,0.3535,0.33284770271363545,0.3747139921397716,0.6465,0.6252860078602285,0.6671522972863646,,,,,0.36577860158010705,0.09933533204288877,0.12139332358897117,0.005254963811545366,two-sided 95% Wilson interval; conditional on the vector panel and synthetic IID draws,SYNTHETIC
integer_offsets,fixed_six_v2_vectors,randomized_3,1.0,1.5625,0.45,oracle_exact_timing,abs_error_le_0.25,2000,1902,0.951,0.9406443633026171,0.9596264600496927,0.049,0.04037353995030735,0.05935563669738286,,,,,0.9477992034686994,0.06371865583475934,0.07974362374454823,0.0004006211600939587,two-sided 95% Wilson interval; conditional on the vector panel and synthetic IID draws,SYNTHETIC
integer_offsets,fixed_six_v2_vectors,randomized_3,1.0,1.5625,0.45,blind_matched_filter_energy_search,abs_error_le_0.25,2000,1902,0.951,0.9406443633026171,0.9596264600496927,0.049,0.04037353995030735,0.05935563669738286,2000,1.0,0.9980829527187469,0.9999999999999998,,0.06371865583475934,0.07974362374454823,0.0004006211600939587,two-sided 95% Wilson interval; conditional on the vector panel and synthetic IID draws,SYNTHETIC
integer_offsets,fixed_six_v2_vectors,randomized_3,1.0,1.5625,0.45,blind_raw_frame_energy_search,abs_error_le_0.25,2000,285,0.1425,0.1278647408518039,0.15850594795429188,0.8575,0.8414940520457082,0.8721352591481961,199,0.0995,0.08713931829845581,0.1133962365738278,,0.6392509075717867,0.9498363405315368,0.04234612937820221,two-sided 95% Wilson interval; conditional on the vector panel and synthetic IID draws,SYNTHETIC
integer_offsets,fixed_six_v2_vectors,POOLED_ALL_VECTORS,1.0,1.5625,0.45,existing_nominal_decoder,abs_error_le_0.25,12000,3269,0.27241666666666664,0.2645248910307608,0.2804541043402252,0.7275833333333334,0.7195458956597748,0.7354751089692392,,,,,0.27710869653867287,0.10470123240651852,0.12844301992805937,0.0012623450320166092,two-sided 95% Wilson interval; conditional on the vector panel and synthetic IID draws,SYNTHETIC
integer_offsets,fixed_six_v2_vectors,POOLED_ALL_VECTORS,1.0,1.5625,0.45,oracle_exact_timing,abs_error_le_0.25,12000,11407,0.9505833333333333,0.9465592435018764,0.9543190325981157,0.049416666666666664,0.04568096740188432,0.05344075649812363,,,,,0.9477992034686994,0.06365535514586328,0.07969541666099722,0.00011933503853777888,two-sided 95% Wilson interval; conditional on the vector panel and synthetic IID draws,SYNTHETIC
integer_offsets,fixed_six_v2_vectors,POOLED_ALL_VECTORS,1.0,1.5625,0.45,blind_matched_filter_energy_search,abs_error_le_0.25,12000,11407,0.9505833333333333,0.9465592435018764,0.9543190325981157,0.049416666666666664,0.04568096740188432,0.05344075649812363,12000,1.0,0.9996799808766326,1.0,,0.06365535514586328,0.07969541666099722,0.00011933503853777888,two-sided 95% Wilson interval; conditional on the vector panel and synthetic IID draws,SYNTHETIC
integer_offsets,fixed_six_v2_vectors,POOLED_ALL_VECTORS,1.0,1.5625,0.45,blind_raw_frame_energy_search,abs_error_le_0.25,12000,5227,0.4355833333333333,0.4267339262397403,0.44447396955732016,0.5644166666666667,0.5555260304426799,0.5732660737602597,5042,0.4201666666666667,0.411362388354564,0.429022041365467,,0.3816716193834792,0.7250194549584715,0.02109357015313343,two-sided 95% Wilson interval; conditional on the vector panel and synthetic IID draws,SYNTHETIC
integer_offsets,fixed_six_v2_vectors,mixed_signs,2.0,3.125,0.0,existing_nominal_decoder,abs_error_le_0.25,1,0,0.0,,,1.0,,,,,,,0.0,0.32060923929527085,0.3727318966199217,0.0006905339660024778,deterministic; no sampling interval,SYNTHETIC
integer_offsets,fixed_six_v2_vectors,mixed_signs,2.0,3.125,0.0,oracle_exact_timing,abs_error_le_0.25,1,1,1.0,,,0.0,,,,,,,1.0,3.469446951953614e-17,8.326672684688674e-17,-6.938893903907228e-18,deterministic; no sampling interval,SYNTHETIC
integer_offsets,fixed_six_v2_vectors,mixed_signs,2.0,3.125,0.0,blind_matched_filter_energy_search,abs_error_le_0.25,1,1,1.0,,,0.0,,,1,1.0,,,,3.469446951953614e-17,8.326672684688674e-17,-6.938893903907228e-18,deterministic; no sampling interval,SYNTHETIC
integer_offsets,fixed_six_v2_vectors,mixed_signs,2.0,3.125,0.0,blind_raw_frame_energy_search,abs_error_le_0.25,1,1,1.0,,,0.0,,,1,1.0,,,,3.469446951953614e-17,8.326672684688674e-17,-6.938893903907228e-18,deterministic; no sampling interval,SYNTHETIC
integer_offsets,fixed_six_v2_vectors,sparse_and_zeros,2.0,3.125,0.0,existing_nominal_decoder,abs_error_le_0.25,1,0,0.0,,,1.0,,,,,,,0.0,0.06575273364797693,0.1807923635017509,0.007555218781942768,deterministic; no sampling interval,SYNTHETIC
integer_offsets,fixed_six_v2_vectors,sparse_and_zeros,2.0,3.125,0.0,oracle_exact_timing,abs_error_le_0.25,1,1,1.0,,,0.0,,,,,,,1.0,0.0,0.0,0.0,deterministic; no sampling interval,SYNTHETIC
integer_offsets,fixed_six_v2_vectors,sparse_and_zeros,2.0,3.125,0.0,blind_matched_filter_energy_search,abs_error_le_0.25,1,1,1.0,,,0.0,,,1,1.0,,,,0.0,0.0,0.0,deterministic; no sampling interval,SYNTHETIC
integer_offsets,fixed_six_v2_vectors,sparse_and_zeros,2.0,3.125,0.0,blind_raw_frame_energy_search,abs_error_le_0.25,1,1,1.0,,,0.0,,,1,1.0,,,,0.0,0.0,0.0,deterministic; no sampling interval,SYNTHETIC
integer_offsets,fixed_six_v2_vectors,boundary_values,2.0,3.125,0.0,existing_nominal_decoder,abs_error_le_0.25,1,0,0.0,,,1.0,,,,,,,0.0,0.32825648703389054,0.4149335313874042,0.0006905339660024448,deterministic; no sampling interval,SYNTHETIC
integer_offsets,fixed_six_v2_vectors,boundary_values,2.0,3.125,0.0,oracle_exact_timing,abs_error_le_0.25,1,1,1.0,,,0.0,,,,,,,1.0,1.3877787807814457e-17,5.551115123125783e-17,-1.3877787807814457e-17,deterministic; no sampling interval,SYNTHETIC
integer_offsets,fixed_six_v2_vectors,boundary_values,2.0,3.125,0.0,blind_matched_filter_energy_search,abs_error_le_0.25,1,1,1.0,,,0.0,,,1,1.0,,,,1.3877787807814457e-17,5.551115123125783e-17,-1.3877787807814457e-17,deterministic; no sampling interval,SYNTHETIC
integer_offsets,fixed_six_v2_vectors,boundary_values,2.0,3.125,0.0,blind_raw_frame_energy_search,abs_error_le_0.25,1,1,1.0,,,0.0,,,1,1.0,,,,1.3877787807814457e-17,5.551115123125783e-17,-1.3877787807814457e-17,deterministic; no sampling interval,SYNTHETIC
integer_offsets,fixed_six_v2_vectors,randomized_1,2.0,3.125,0.0,existing_nominal_decoder,abs_error_le_0.25,1,0,0.0,,,1.0,,,,,,,0.0,0.38962799771860396,0.4233256462537785,-0.04988296635133232,deterministic; no sampling interval,SYNTHETIC
integer_offsets,fixed_six_v2_vectors,randomized_1,2.0,3.125,0.0,oracle_exact_timing,abs_error_le_0.25,1,1,1.0,,,0.0,,,,,,,1.0,5.377642775528102e-17,1.0614466625631893e-16,-1.734723475976807e-18,deterministic; no sampling interval,SYNTHETIC
integer_offsets,fixed_six_v2_vectors,randomized_1,2.0,3.125,0.0,blind_matched_filter_energy_search,abs_error_le_0.25,1,1,1.0,,,0.0,,,1,1.0,,,,5.377642775528102e-17,1.0614466625631893e-16,-1.734723475976807e-18,deterministic; no sampling interval,SYNTHETIC
integer_offsets,fixed_six_v2_vectors,randomized_1,2.0,3.125,0.0,blind_raw_frame_energy_search,abs_error_le_0.25,1,1,1.0,,,0.0,,,1,1.0,,,,5.377642775528102e-17,1.0614466625631893e-16,-1.734723475976807e-18,deterministic; no sampling interval,SYNTHETIC
integer_offsets,fixed_six_v2_vectors,randomized_2,2.0,3.125,0.0,existing_nominal_decoder,abs_error_le_0.25,1,0,0.0,,,1.0,,,,,,,0.0,0.3807358028160718,0.41296291319145356,0.041119334745200645,deterministic; no sampling interval,SYNTHETIC
integer_offsets,fixed_six_v2_vectors,randomized_2,2.0,3.125,0.0,oracle_exact_timing,abs_error_le_0.25,1,1,1.0,,,0.0,,,,,,,1.0,3.122502256758253e-17,8.092071311423672e-17,-1.734723475976807e-17,deterministic; no sampling interval,SYNTHETIC
integer_offsets,fixed_six_v2_vectors,randomized_2,2.0,3.125,0.0,blind_matched_filter_energy_search,abs_error_le_0.25,1,1,1.0,,,0.0,,,1,1.0,,,,3.122502256758253e-17,8.092071311423672e-17,-1.734723475976807e-17,deterministic; no sampling interval,SYNTHETIC
integer_offsets,fixed_six_v2_vectors,randomized_2,2.0,3.125,0.0,blind_raw_frame_energy_search,abs_error_le_0.25,1,1,1.0,,,0.0,,,1,1.0,,,,3.122502256758253e-17,8.092071311423672e-17,-1.734723475976807e-17,deterministic; no sampling interval,SYNTHETIC
integer_offsets,fixed_six_v2_vectors,randomized_3,2.0,3.125,0.0,existing_nominal_decoder,abs_error_le_0.25,1,0,0.0,,,1.0,,,,,,,0.0,0.2868618747454757,0.32496756604843624,0.019382375981562,deterministic; no sampling interval,SYNTHETIC
integer_offsets,fixed_six_v2_vectors,randomized_3,2.0,3.125,0.0,oracle_exact_timing,abs_error_le_0.25,1,1,1.0,,,0.0,,,,,,,1.0,3.165870343657673e-17,9.816143974602446e-17,-2.3852447794681098e-17,deterministic; no sampling interval,SYNTHETIC
integer_offsets,fixed_six_v2_vectors,randomized_3,2.0,3.125,0.0,blind_matched_filter_energy_search,abs_error_le_0.25,1,1,1.0,,,0.0,,,1,1.0,,,,3.165870343657673e-17,9.816143974602446e-17,-2.3852447794681098e-17,deterministic; no sampling interval,SYNTHETIC
integer_offsets,fixed_six_v2_vectors,randomized_3,2.0,3.125,0.0,blind_raw_frame_energy_search,abs_error_le_0.25,1,1,1.0,,,0.0,,,1,1.0,,,,3.165870343657673e-17,9.816143974602446e-17,-2.3852447794681098e-17,deterministic; no sampling interval,SYNTHETIC
integer_offsets,fixed_six_v2_vectors,POOLED_ALL_VECTORS,2.0,3.125,0.0,existing_nominal_decoder,abs_error_le_0.25,6,0,0.0,,,1.0,,,,,,,0.0,0.295307355876215,0.3649501496458685,0.003259171848229664,deterministic; no sampling interval,SYNTHETIC
integer_offsets,fixed_six_v2_vectors,POOLED_ALL_VECTORS,2.0,3.125,0.0,oracle_exact_timing,abs_error_le_0.25,6,6,1.0,,,0.0,,,,,,,1.0,2.7538735181131813e-17,7.902041503034511e-17,-1.0625181290357943e-17,deterministic; no sampling interval,SYNTHETIC
integer_offsets,fixed_six_v2_vectors,POOLED_ALL_VECTORS,2.0,3.125,0.0,blind_matched_filter_energy_search,abs_error_le_0.25,6,6,1.0,,,0.0,,,6,1.0,,,,2.7538735181131813e-17,7.902041503034511e-17,-1.0625181290357943e-17,deterministic; no sampling interval,SYNTHETIC
integer_offsets,fixed_six_v2_vectors,POOLED_ALL_VECTORS,2.0,3.125,0.0,blind_raw_frame_energy_search,abs_error_le_0.25,6,6,1.0,,,0.0,,,6,1.0,,,,2.7538735181131813e-17,7.902041503034511e-17,-1.0625181290357943e-17,deterministic; no sampling interval,SYNTHETIC
integer_offsets,fixed_six_v2_vectors,mixed_signs,2.0,3.125,0.45,existing_nominal_decoder,abs_error_le_0.25,2000,0,0.0,1.0842021724855044e-19,0.001917047281252934,1.0,0.998082952718747,1.0,,,,,1.0259746590936451e-51,0.3273381606253706,0.3806597708505719,0.0006063887173690209,two-sided 95% Wilson interval; conditional on the vector panel and synthetic IID draws,SYNTHETIC
integer_offsets,fixed_six_v2_vectors,mixed_signs,2.0,3.125,0.45,oracle_exact_timing,abs_error_le_0.25,2000,1894,0.947,0.9362966169363569,0.9559895427942029,0.053,0.044010457205797104,0.0637033830636431,,,,,0.9477992034686994,0.06374643944199018,0.07992908945948309,1.9089705711346494e-06,two-sided 95% Wilson interval; conditional on the vector panel and synthetic IID draws,SYNTHETIC
integer_offsets,fixed_six_v2_vectors,mixed_signs,2.0,3.125,0.45,blind_matched_filter_energy_search,abs_error_le_0.25,2000,1894,0.947,0.9362966169363569,0.9559895427942029,0.053,0.044010457205797104,0.0637033830636431,2000,1.0,0.9980829527187469,0.9999999999999998,,0.06374643944199018,0.07992908945948309,1.9089705711346494e-06,two-sided 95% Wilson interval; conditional on the vector panel and synthetic IID draws,SYNTHETIC
integer_offsets,fixed_six_v2_vectors,mixed_signs,2.0,3.125,0.45,blind_raw_frame_energy_search,abs_error_le_0.25,2000,955,0.4775,0.45567321871188077,0.49941304841577544,0.5225,0.5005869515842245,0.5443267812881192,936,0.468,0.4462140910591975,0.4899085999668026,,0.2670339994384726,0.4766953271012181,0.00011941650984599989,two-sided 95% Wilson interval; conditional on the vector panel and synthetic IID draws,SYNTHETIC
integer_offsets,fixed_six_v2_vectors,sparse_and_zeros,2.0,3.125,0.45,existing_nominal_decoder,abs_error_le_0.25,2000,0,0.0,1.0842021724855044e-19,0.001917047281252934,1.0,0.998082952718747,1.0,,,,,1.3165579211399423e-14,0.11840488436646189,0.197626957452307,0.0074042782681853,two-sided 95% Wilson interval; conditional on the vector panel and synthetic IID draws,SYNTHETIC
integer_offsets,fixed_six_v2_vectors,sparse_and_zeros,2.0,3.125,0.45,oracle_exact_timing,abs_error_le_0.25,2000,1902,0.951,0.9406443633026171,0.9596264600496927,0.049,0.04037353995030735,0.05935563669738286,,,,,0.9477992034686994,0.0634261668672825,0.0794949203481779,0.0003115576355024,two-sided 95% Wilson interval; conditional on the vector panel and synthetic IID draws,SYNTHETIC
integer_offsets,fixed_six_v2_vectors,sparse_and_zeros,2.0,3.125,0.45,blind_matched_filter_energy_search,abs_error_le_0.25,2000,1902,0.951,0.9406443633026171,0.9596264600496927,0.049,0.04037353995030735,0.05935563669738286,2000,1.0,0.9980829527187469,0.9999999999999998,,0.0634261668672825,0.0794949203481779,0.0003115576355024,two-sided 95% Wilson interval; conditional on the vector panel and synthetic IID draws,SYNTHETIC
integer_offsets,fixed_six_v2_vectors,sparse_and_zeros,2.0,3.125,0.45,blind_raw_frame_energy_search,abs_error_le_0.25,2000,1174,0.587,0.5652744714209811,0.6083919623520809,0.413,0.39160803764791907,0.4347255285790189,1054,0.527,0.5050880711062287,0.5488084083405838,,0.09607892562611602,0.2025224835069761,0.004669668919438092,two-sided 95% Wilson interval; conditional on the vector panel and synthetic IID draws,SYNTHETIC
integer_offsets,fixed_six_v2_vectors,boundary_values,2.0,3.125,0.45,existing_nominal_decoder,abs_error_le_0.25,2000,0,0.0,1.0842021724855044e-19,0.001917047281252934,1.0,0.998082952718747,1.0,,,,,1.8767947329054692e-75,0.3446228370719757,0.42225413161071984,0.001095993555847115,two-sided 95% Wilson interval; conditional on the vector panel and synthetic IID draws,SYNTHETIC
integer_offsets,fixed_six_v2_vectors,boundary_values,2.0,3.125,0.45,oracle_exact_timing,abs_error_le_0.25,2000,1896,0.948,0.9373820458455553,0.956900279790442,0.052,0.04309972020955799,0.06261795415444471,,,,,0.9477992034686994,0.06333677880415443,0.07936792441026495,0.0007851495001029067,two-sided 95% Wilson interval; conditional on the vector panel and synthetic IID draws,SYNTHETIC
integer_offsets,fixed_six_v2_vectors,boundary_values,2.0,3.125,0.45,blind_matched_filter_energy_search,abs_error_le_0.25,2000,1896,0.948,0.9373820458455553,0.956900279790442,0.052,0.04309972020955799,0.06261795415444471,2000,1.0,0.9980829527187469,0.9999999999999998,,0.06333677880415443,0.07936792441026495,0.0007851495001029067,two-sided 95% Wilson interval; conditional on the vector panel and synthetic IID draws,SYNTHETIC
integer_offsets,fixed_six_v2_vectors,boundary_values,2.0,3.125,0.45,blind_raw_frame_energy_search,abs_error_le_0.25,2000,1272,0.636,0.6146710095025142,0.656807553636985,0.364,0.34319244636301505,0.3853289904974858,1311,0.6555,0.6343933431693024,0.6760104551262279,,0.1663495194228257,0.3220149740580645,0.0004995857134117412,two-sided 95% Wilson interval; conditional on the vector panel and synthetic IID draws,SYNTHETIC
integer_offsets,fixed_six_v2_vectors,randomized_1,2.0,3.125,0.45,existing_nominal_decoder,abs_error_le_0.25,2000,0,0.0,1.0842021724855044e-19,0.001917047281252934,1.0,0.998082952718747,1.0,,,,,3.5021239616730265e-69,0.3910318415532591,0.43019839978870883,-0.05025207402848159,two-sided 95% Wilson interval; conditional on the vector panel and synthetic IID draws,SYNTHETIC
integer_offsets,fixed_six_v2_vectors,randomized_1,2.0,3.125,0.45,oracle_exact_timing,abs_error_le_0.25,2000,1905,0.9525,0.9422790928066445,0.9609859794038216,0.0475,0.03901402059617842,0.05772090719335554,,,,,0.9477992034686994,0.06322375229548598,0.0792708510882855,-0.00038242252429762343,two-sided 95% Wilson interval; conditional on the vector panel and synthetic IID draws,SYNTHETIC
integer_offsets,fixed_six_v2_vectors,randomized_1,2.0,3.125,0.45,blind_matched_filter_energy_search,abs_error_le_0.25,2000,1905,0.9525,0.9422790928066445,0.9609859794038216,0.0475,0.03901402059617842,0.05772090719335554,2000,1.0,0.9980829527187469,0.9999999999999998,,0.06322375229548598,0.0792708510882855,-0.00038242252429762343,two-sided 95% Wilson interval; conditional on the vector panel and synthetic IID draws,SYNTHETIC
integer_offsets,fixed_six_v2_vectors,randomized_1,2.0,3.125,0.45,blind_raw_frame_energy_search,abs_error_le_0.25,2000,1229,0.6145,0.5929690684701421,0.6355919277024511,0.3855,0.3644080722975489,0.4070309315298579,1264,0.632,0.610630055505476,0.6528638440122732,,0.19300946864558421,0.33970641722856554,-0.020189217585855117,two-sided 95% Wilson interval; conditional on the vector panel and synthetic IID draws,SYNTHETIC
integer_offsets,fixed_six_v2_vectors,randomized_2,2.0,3.125,0.45,existing_nominal_decoder,abs_error_le_0.25,2000,0,0.0,1.0842021724855044e-19,0.001917047281252934,1.0,0.998082952718747,1.0,,,,,6.611785247972225e-64,0.3832708329290241,0.4203922226018065,0.04072278870734105,two-sided 95% Wilson interval; conditional on the vector panel and synthetic IID draws,SYNTHETIC
integer_offsets,fixed_six_v2_vectors,randomized_2,2.0,3.125,0.45,oracle_exact_timing,abs_error_le_0.25,2000,1905,0.9525,0.9422790928066445,0.9609859794038216,0.0475,0.03901402059617842,0.05772090719335554,,,,,0.9477992034686994,0.06321608342828561,0.07922483947768483,0.00013928926980561,two-sided 95% Wilson interval; conditional on the vector panel and synthetic IID draws,SYNTHETIC
integer_offsets,fixed_six_v2_vectors,randomized_2,2.0,3.125,0.45,blind_matched_filter_energy_search,abs_error_le_0.25,2000,1905,0.9525,0.9422790928066445,0.9609859794038216,0.0475,0.03901402059617842,0.05772090719335554,2000,1.0,0.9980829527187469,0.9999999999999998,,0.06321608342828561,0.07922483947768483,0.00013928926980561,two-sided 95% Wilson interval; conditional on the vector panel and synthetic IID draws,SYNTHETIC
integer_offsets,fixed_six_v2_vectors,randomized_2,2.0,3.125,0.45,blind_raw_frame_energy_search,abs_error_le_0.25,2000,346,0.173,0.1570537986098805,0.19019995031205883,0.827,0.8098000496879412,0.8429462013901194,318,0.159,0.14362957550964012,0.17567785073617437,,0.9762242323078547,1.3726716693087924,0.1070148675250301,two-sided 95% Wilson interval; conditional on the vector panel and synthetic IID draws,SYNTHETIC
integer_offsets,fixed_six_v2_vectors,randomized_3,2.0,3.125,0.45,existing_nominal_decoder,abs_error_le_0.25,2000,0,0.0,1.0842021724855044e-19,0.001917047281252934,1.0,0.998082952718747,1.0,,,,,2.65868851877403e-34,0.29073347155051704,0.33478358734135655,0.019884288191863327,two-sided 95% Wilson interval; conditional on the vector panel and synthetic IID draws,SYNTHETIC
integer_offsets,fixed_six_v2_vectors,randomized_3,2.0,3.125,0.45,oracle_exact_timing,abs_error_le_0.25,2000,1880,0.94,0.9287241955068138,0.9495888028856835,0.06,0.05041119711431652,0.07127580449318616,,,,,0.9477992034686994,0.06356300275921227,0.07962105565857126,0.00010760907345135473,two-sided 95% Wilson interval; conditional on the vector panel and synthetic IID draws,SYNTHETIC
integer_offsets,fixed_six_v2_vectors,randomized_3,2.0,3.125,0.45,blind_matched_filter_energy_search,abs_error_le_0.25,2000,1880,0.94,0.9287241955068138,0.9495888028856835,0.06,0.05041119711431652,0.07127580449318616,2000,1.0,0.9980829527187469,0.9999999999999998,,0.06356300275921227,0.07962105565857126,0.00010760907345135473,two-sided 95% Wilson interval; conditional on the vector panel and synthetic IID draws,SYNTHETIC
integer_offsets,fixed_six_v2_vectors,randomized_3,2.0,3.125,0.45,blind_raw_frame_energy_search,abs_error_le_0.25,2000,266,0.133,0.11881894582357963,0.14858816688086,0.867,0.85141183311914,0.8811810541764203,187,0.0935,0.08150853615947415,0.10705002328018448,,0.6617528000745316,0.9771138356465684,0.04439630227883067,two-sided 95% Wilson interval; conditional on the vector panel and synthetic IID draws,SYNTHETIC
integer_offsets,fixed_six_v2_vectors,POOLED_ALL_VECTORS,2.0,3.125,0.45,existing_nominal_decoder,abs_error_le_0.25,12000,0,0.0,0.0,0.0003200191233674895,1.0,0.9996799808766325,1.0,,,,,2.1942632018999037e-15,0.30923367134943475,0.3733044248054996,0.003243610568687372,two-sided 95% Wilson interval; conditional on the vector panel and synthetic IID draws,SYNTHETIC
integer_offsets,fixed_six_v2_vectors,POOLED_ALL_VECTORS,2.0,3.125,0.45,oracle_exact_timing,abs_error_le_0.25,12000,11382,0.9485,0.9444001076145897,0.9523128352317497,0.0515,0.0476871647682503,0.0555998923854103,,,,,0.9477992034686994,0.06341870393273516,0.07948513975883593,0.00016051532085596378,two-sided 95% Wilson interval; conditional on the vector panel and synthetic IID draws,SYNTHETIC
integer_offsets,fixed_six_v2_vectors,POOLED_ALL_VECTORS,2.0,3.125,0.45,blind_matched_filter_energy_search,abs_error_le_0.25,12000,11382,0.9485,0.9444001076145897,0.9523128352317497,0.0515,0.0476871647682503,0.0555998923854103,12000,1.0,0.9996799808766326,1.0,,0.06341870393273516,0.07948513975883593,0.00016051532085596378,two-sided 95% Wilson interval; conditional on the vector panel and synthetic IID draws,SYNTHETIC
integer_offsets,fixed_six_v2_vectors,POOLED_ALL_VECTORS,2.0,3.125,0.45,blind_raw_frame_energy_search,abs_error_le_0.25,12000,5242,0.43683333333333335,0.42798065069963886,0.44572644504961323,0.5631666666666667,0.5542735549503868,0.5720193493003611,5070,0.4225,0.4136883270099845,0.4313612759541374,,0.3934081575858975,0.7445722311238839,0.02275177056011691,two-sided 95% Wilson interval; conditional on the vector panel and synthetic IID draws,SYNTHETIC
integer_offsets,fixed_six_v2_vectors,mixed_signs,4.0,6.25,0.0,existing_nominal_decoder,abs_error_le_0.25,1,0,0.0,,,1.0,,,,,,,0.0,1.0712890625,1.242068111032502,-0.0009765625000000711,deterministic; no sampling interval,SYNTHETIC
integer_offsets,fixed_six_v2_vectors,mixed_signs,4.0,6.25,0.0,oracle_exact_timing,abs_error_le_0.25,1,1,1.0,,,0.0,,,,,,,1.0,3.469446951953614e-17,8.326672684688674e-17,-6.938893903907228e-18,deterministic; no sampling interval,SYNTHETIC
integer_offsets,fixed_six_v2_vectors,mixed_signs,4.0,6.25,0.0,blind_matched_filter_energy_search,abs_error_le_0.25,1,1,1.0,,,0.0,,,1,1.0,,,,3.469446951953614e-17,8.326672684688674e-17,-6.938893903907228e-18,deterministic; no sampling interval,SYNTHETIC
integer_offsets,fixed_six_v2_vectors,mixed_signs,4.0,6.25,0.0,blind_raw_frame_energy_search,abs_error_le_0.25,1,1,1.0,,,0.0,,,1,1.0,,,,3.469446951953614e-17,8.326672684688674e-17,-6.938893903907228e-18,deterministic; no sampling interval,SYNTHETIC
integer_offsets,fixed_six_v2_vectors,sparse_and_zeros,4.0,6.25,0.0,existing_nominal_decoder,abs_error_le_0.25,1,0,0.0,,,1.0,,,,,,,0.0,0.2099609375,0.5853292741627524,0.022460937499999986,deterministic; no sampling interval,SYNTHETIC
integer_offsets,fixed_six_v2_vectors,sparse_and_zeros,4.0,6.25,0.0,oracle_exact_timing,abs_error_le_0.25,1,1,1.0,,,0.0,,,,,,,1.0,0.0,0.0,0.0,deterministic; no sampling interval,SYNTHETIC
integer_offsets,fixed_six_v2_vectors,sparse_and_zeros,4.0,6.25,0.0,blind_matched_filter_energy_search,abs_error_le_0.25,1,1,1.0,,,0.0,,,1,1.0,,,,0.0,0.0,0.0,deterministic; no sampling interval,SYNTHETIC
integer_offsets,fixed_six_v2_vectors,sparse_and_zeros,4.0,6.25,0.0,blind_raw_frame_energy_search,abs_error_le_0.25,1,1,1.0,,,0.0,,,1,1.0,,,,0.0,0.0,0.0,deterministic; no sampling interval,SYNTHETIC
integer_offsets,fixed_six_v2_vectors,boundary_values,4.0,6.25,0.0,existing_nominal_decoder,abs_error_le_0.25,1,0,0.0,,,1.0,,,,,,,0.0,1.0869140625,1.3699508172555752,-0.0009765625000000555,deterministic; no sampling interval,SYNTHETIC
integer_offsets,fixed_six_v2_vectors,boundary_values,4.0,6.25,0.0,oracle_exact_timing,abs_error_le_0.25,1,1,1.0,,,0.0,,,,,,,1.0,1.3877787807814457e-17,5.551115123125783e-17,-1.3877787807814457e-17,deterministic; no sampling interval,SYNTHETIC
integer_offsets,fixed_six_v2_vectors,boundary_values,4.0,6.25,0.0,blind_matched_filter_energy_search,abs_error_le_0.25,1,1,1.0,,,0.0,,,1,1.0,,,,1.3877787807814457e-17,5.551115123125783e-17,-1.3877787807814457e-17,deterministic; no sampling interval,SYNTHETIC
integer_offsets,fixed_six_v2_vectors,boundary_values,4.0,6.25,0.0,blind_raw_frame_energy_search,abs_error_le_0.25,1,1,1.0,,,0.0,,,1,1.0,,,,1.3877787807814457e-17,5.551115123125783e-17,-1.3877787807814457e-17,deterministic; no sampling interval,SYNTHETIC
integer_offsets,fixed_six_v2_vectors,randomized_1,4.0,6.25,0.0,existing_nominal_decoder,abs_error_le_0.25,1,0,0.0,,,1.0,,,,,,,0.0,1.2691296851584928,1.3705230194206863,-0.17331829566496434,deterministic; no sampling interval,SYNTHETIC
integer_offsets,fixed_six_v2_vectors,randomized_1,4.0,6.25,0.0,oracle_exact_timing,abs_error_le_0.25,1,1,1.0,,,0.0,,,,,,,1.0,5.377642775528102e-17,1.0614466625631893e-16,-1.734723475976807e-18,deterministic; no sampling interval,SYNTHETIC
integer_offsets,fixed_six_v2_vectors,randomized_1,4.0,6.25,0.0,blind_matched_filter_energy_search,abs_error_le_0.25,1,1,1.0,,,0.0,,,1,1.0,,,,5.377642775528102e-17,1.0614466625631893e-16,-1.734723475976807e-18,deterministic; no sampling interval,SYNTHETIC
integer_offsets,fixed_six_v2_vectors,randomized_1,4.0,6.25,0.0,blind_raw_frame_energy_search,abs_error_le_0.25,1,1,1.0,,,0.0,,,1,1.0,,,,5.377642775528102e-17,1.0614466625631893e-16,-1.734723475976807e-18,deterministic; no sampling interval,SYNTHETIC
integer_offsets,fixed_six_v2_vectors,randomized_2,4.0,6.25,0.0,existing_nominal_decoder,abs_error_le_0.25,1,0,0.0,,,1.0,,,,,,,0.0,1.2391324885071198,1.3455372941329047,0.1383559653323544,deterministic; no sampling interval,SYNTHETIC
integer_offsets,fixed_six_v2_vectors,randomized_2,4.0,6.25,0.0,oracle_exact_timing,abs_error_le_0.25,1,1,1.0,,,0.0,,,,,,,1.0,3.122502256758253e-17,8.092071311423672e-17,-1.734723475976807e-17,deterministic; no sampling interval,SYNTHETIC
integer_offsets,fixed_six_v2_vectors,randomized_2,4.0,6.25,0.0,blind_matched_filter_energy_search,abs_error_le_0.25,1,1,1.0,,,0.0,,,1,1.0,,,,3.122502256758253e-17,8.092071311423672e-17,-1.734723475976807e-17,deterministic; no sampling interval,SYNTHETIC
integer_offsets,fixed_six_v2_vectors,randomized_2,4.0,6.25,0.0,blind_raw_frame_energy_search,abs_error_le_0.25,1,1,1.0,,,0.0,,,1,1.0,,,,3.122502256758253e-17,8.092071311423672e-17,-1.734723475976807e-17,deterministic; no sampling interval,SYNTHETIC
integer_offsets,fixed_six_v2_vectors,randomized_3,4.0,6.25,0.0,existing_nominal_decoder,abs_error_le_0.25,1,0,0.0,,,1.0,,,,,,,0.0,0.9151565069510437,1.0472963085666087,0.06671740871747059,deterministic; no sampling interval,SYNTHETIC
integer_offsets,fixed_six_v2_vectors,randomized_3,4.0,6.25,0.0,oracle_exact_timing,abs_error_le_0.25,1,1,1.0,,,0.0,,,,,,,1.0,3.165870343657673e-17,9.816143974602446e-17,-2.3852447794681098e-17,deterministic; no sampling interval,SYNTHETIC
integer_offsets,fixed_six_v2_vectors,randomized_3,4.0,6.25,0.0,blind_matched_filter_energy_search,abs_error_le_0.25,1,1,1.0,,,0.0,,,1,1.0,,,,3.165870343657673e-17,9.816143974602446e-17,-2.3852447794681098e-17,deterministic; no sampling interval,SYNTHETIC
integer_offsets,fixed_six_v2_vectors,randomized_3,4.0,6.25,0.0,blind_raw_frame_energy_search,abs_error_le_0.25,1,1,1.0,,,0.0,,,1,1.0,,,,3.165870343657673e-17,9.816143974602446e-17,-2.3852447794681098e-17,deterministic; no sampling interval,SYNTHETIC
integer_offsets,fixed_six_v2_vectors,POOLED_ALL_VECTORS,4.0,6.25,0.0,existing_nominal_decoder,abs_error_le_0.25,6,0,0.0,,,1.0,,,,,,,0.0,0.9652637905194427,1.1935760210348776,0.00871048181414343,deterministic; no sampling interval,SYNTHETIC
integer_offsets,fixed_six_v2_vectors,POOLED_ALL_VECTORS,4.0,6.25,0.0,oracle_exact_timing,abs_error_le_0.25,6,6,1.0,,,0.0,,,,,,,1.0,2.7538735181131813e-17,7.902041503034511e-17,-1.0625181290357943e-17,deterministic; no sampling interval,SYNTHETIC
integer_offsets,fixed_six_v2_vectors,POOLED_ALL_VECTORS,4.0,6.25,0.0,blind_matched_filter_energy_search,abs_error_le_0.25,6,6,1.0,,,0.0,,,6,1.0,,,,2.7538735181131813e-17,7.902041503034511e-17,-1.0625181290357943e-17,deterministic; no sampling interval,SYNTHETIC
integer_offsets,fixed_six_v2_vectors,POOLED_ALL_VECTORS,4.0,6.25,0.0,blind_raw_frame_energy_search,abs_error_le_0.25,6,6,1.0,,,0.0,,,6,1.0,,,,2.7538735181131813e-17,7.902041503034511e-17,-1.0625181290357943e-17,deterministic; no sampling interval,SYNTHETIC
integer_offsets,fixed_six_v2_vectors,mixed_signs,4.0,6.25,0.45,existing_nominal_decoder,abs_error_le_0.25,2000,0,0.0,1.0842021724855044e-19,0.001917047281252934,1.0,0.998082952718747,1.0,,,,,0.0,1.0719384449111458,1.2447744884665404,-0.0010735540407676753,two-sided 95% Wilson interval; conditional on the vector panel and synthetic IID draws,SYNTHETIC
integer_offsets,fixed_six_v2_vectors,mixed_signs,4.0,6.25,0.45,oracle_exact_timing,abs_error_le_0.25,2000,1889,0.9445,0.9335871935538151,0.9537085514131509,0.0555,0.04629144858684908,0.06641280644618486,,,,,0.9477992034686994,0.06337281095593457,0.07941147440286184,0.00041689981347194685,two-sided 95% Wilson interval; conditional on the vector panel and synthetic IID draws,SYNTHETIC
integer_offsets,fixed_six_v2_vectors,mixed_signs,4.0,6.25,0.45,blind_matched_filter_energy_search,abs_error_le_0.25,2000,1889,0.9445,0.9335871935538151,0.9537085514131509,0.0555,0.04629144858684908,0.06641280644618486,2000,1.0,0.9980829527187469,0.9999999999999998,,0.06337281095593457,0.07941147440286184,0.00041689981347194685,two-sided 95% Wilson interval; conditional on the vector panel and synthetic IID draws,SYNTHETIC
integer_offsets,fixed_six_v2_vectors,mixed_signs,4.0,6.25,0.45,blind_raw_frame_energy_search,abs_error_le_0.25,2000,947,0.4735,0.4516894624829524,0.49541214102295383,0.5265,0.5045878589770462,0.5483105375170476,934,0.467,0.445218854626545,0.4889076704940176,,0.27412688895258713,0.48708509730109795,0.00032215639609847193,two-sided 95% Wilson interval; conditional on the vector panel and synthetic IID draws,SYNTHETIC
integer_offsets,fixed_six_v2_vectors,sparse_and_zeros,4.0,6.25,0.45,existing_nominal_decoder,abs_error_le_0.25,2000,0,0.0,1.0842021724855044e-19,0.001917047281252934,1.0,0.998082952718747,1.0,,,,,0.0,0.26158218827375423,0.5899992160351849,0.023348228937260948,two-sided 95% Wilson interval; conditional on the vector panel and synthetic IID draws,SYNTHETIC
integer_offsets,fixed_six_v2_vectors,sparse_and_zeros,4.0,6.25,0.45,oracle_exact_timing,abs_error_le_0.25,2000,1892,0.946,0.9352121487009426,0.9550778451241797,0.054,0.0449221548758203,0.0647878512990574,,,,,0.9477992034686994,0.06357642956717954,0.07980403723608301,-3.318164686802286e-05,two-sided 95% Wilson interval; conditional on the vector panel and synthetic IID draws,SYNTHETIC
integer_offsets,fixed_six_v2_vectors,sparse_and_zeros,4.0,6.25,0.45,blind_matched_filter_energy_search,abs_error_le_0.25,2000,1892,0.946,0.9352121487009426,0.9550778451241797,0.054,0.0449221548758203,0.0647878512990574,2000,1.0,0.9980829527187469,0.9999999999999998,,0.06357642956717954,0.07980403723608301,-3.318164686802286e-05,two-sided 95% Wilson interval; conditional on the vector panel and synthetic IID draws,SYNTHETIC
integer_offsets,fixed_six_v2_vectors,sparse_and_zeros,4.0,6.25,0.45,blind_raw_frame_energy_search,abs_error_le_0.25,2000,1198,0.599,0.5773507421655506,0.6202696824727612,0.401,0.37973031752723885,0.4226492578344494,1077,0.5385,0.5165990151090567,0.5602533722502867,,0.09503257201578269,0.19811051356643536,0.0037389270927234756,two-sided 95% Wilson interval; conditional on the vector panel and synthetic IID draws,SYNTHETIC
integer_offsets,fixed_six_v2_vectors,boundary_values,4.0,6.25,0.45,existing_nominal_decoder,abs_error_le_0.25,2000,0,0.0,1.0842021724855044e-19,0.001917047281252934,1.0,0.998082952718747,1.0,,,,,0.0,1.1009448452577404,1.3723841432592483,-0.00033057363637369763,two-sided 95% Wilson interval; conditional on the vector panel and synthetic IID draws,SYNTHETIC
integer_offsets,fixed_six_v2_vectors,boundary_values,4.0,6.25,0.45,oracle_exact_timing,abs_error_le_0.25,2000,1897,0.9485,0.9379251286390549,0.9573552799496612,0.0515,0.042644720050338814,0.06207487136094514,,,,,0.9477992034686994,0.06338955342018646,0.07948647019775416,-0.0005208195308637882,two-sided 95% Wilson interval; conditional on the vector panel and synthetic IID draws,SYNTHETIC
integer_offsets,fixed_six_v2_vectors,boundary_values,4.0,6.25,0.45,blind_matched_filter_energy_search,abs_error_le_0.25,2000,1897,0.9485,0.9379251286390549,0.9573552799496612,0.0515,0.042644720050338814,0.06207487136094514,2000,1.0,0.9980829527187469,0.9999999999999998,,0.06338955342018646,0.07948647019775416,-0.0005208195308637882,two-sided 95% Wilson interval; conditional on the vector panel and synthetic IID draws,SYNTHETIC
integer_offsets,fixed_six_v2_vectors,boundary_values,4.0,6.25,0.45,blind_raw_frame_energy_search,abs_error_le_0.25,2000,1304,0.652,0.6308506302738301,0.6725665873526689,0.348,0.32743341264733106,0.36914936972616985,1352,0.676,0.6551688639842418,0.6961563353727572,,0.15605005612971423,0.29882254179788365,-0.0007928648546953408,two-sided 95% Wilson interval; conditional on the vector panel and synthetic IID draws,SYNTHETIC
integer_offsets,fixed_six_v2_vectors,randomized_1,4.0,6.25,0.45,existing_nominal_decoder,abs_error_le_0.25,2000,0,0.0,1.0842021724855044e-19,0.001917047281252934,1.0,0.998082952718747,1.0,,,,,0.0,1.269490774051271,1.3733411913263296,-0.17332976885583148,two-sided 95% Wilson interval; conditional on the vector panel and synthetic IID draws,SYNTHETIC
integer_offsets,fixed_six_v2_vectors,randomized_1,4.0,6.25,0.45,oracle_exact_timing,abs_error_le_0.25,2000,1887,0.9435,0.9325050206793213,0.9527945583822073,0.0565,0.04720544161779272,0.06749497932067872,,,,,0.9477992034686994,0.06371418419668289,0.07983132049575967,-0.00017459895745478973,two-sided 95% Wilson interval; conditional on the vector panel and synthetic IID draws,SYNTHETIC
integer_offsets,fixed_six_v2_vectors,randomized_1,4.0,6.25,0.45,blind_matched_filter_energy_search,abs_error_le_0.25,2000,1887,0.9435,0.9325050206793213,0.9527945583822073,0.0565,0.04720544161779272,0.06749497932067872,2000,1.0,0.9980829527187469,0.9999999999999998,,0.06371418419668289,0.07983132049575967,-0.00017459895745478973,two-sided 95% Wilson interval; conditional on the vector panel and synthetic IID draws,SYNTHETIC
integer_offsets,fixed_six_v2_vectors,randomized_1,4.0,6.25,0.45,blind_raw_frame_energy_search,abs_error_le_0.25,2000,1236,0.618,0.5964989200158695,0.6390486568257547,0.382,0.36095134317424526,0.40350107998413054,1269,0.6345,0.6131554684799629,0.65532884580138,,0.1924672760764732,0.3382840530482356,-0.019995714541432518,two-sided 95% Wilson interval; conditional on the vector panel and synthetic IID draws,SYNTHETIC
integer_offsets,fixed_six_v2_vectors,randomized_2,4.0,6.25,0.45,existing_nominal_decoder,abs_error_le_0.25,2000,0,0.0,1.0842021724855044e-19,0.001917047281252934,1.0,0.998082952718747,1.0,,,,,0.0,1.2395596667655964,1.3479203437003862,0.1382726192419052,two-sided 95% Wilson interval; conditional on the vector panel and synthetic IID draws,SYNTHETIC
integer_offsets,fixed_six_v2_vectors,randomized_2,4.0,6.25,0.45,oracle_exact_timing,abs_error_le_0.25,2000,1903,0.9515,0.9411889997479057,0.9600799065571228,0.0485,0.03992009344287717,0.05881100025209429,,,,,0.9477992034686994,0.06347831680451613,0.0795173090123185,1.7042533244258307e-05,two-sided 95% Wilson interval; conditional on the vector panel and synthetic IID draws,SYNTHETIC
integer_offsets,fixed_six_v2_vectors,randomized_2,4.0,6.25,0.45,blind_matched_filter_energy_search,abs_error_le_0.25,2000,1903,0.9515,0.9411889997479057,0.9600799065571228,0.0485,0.03992009344287717,0.05881100025209429,2000,1.0,0.9980829527187469,0.9999999999999998,,0.06347831680451613,0.0795173090123185,1.7042533244258307e-05,two-sided 95% Wilson interval; conditional on the vector panel and synthetic IID draws,SYNTHETIC
integer_offsets,fixed_six_v2_vectors,randomized_2,4.0,6.25,0.45,blind_raw_frame_energy_search,abs_error_le_0.25,2000,347,0.1735,0.15753398905899782,0.19071784281566026,0.8265,0.8092821571843397,0.8424660109410022,319,0.1595,0.144108286149679,0.17619722304885418,,1.0724757295630079,1.4710505814712738,0.12080612841304275,two-sided 95% Wilson interval; conditional on the vector panel and synthetic IID draws,SYNTHETIC
integer_offsets,fixed_six_v2_vectors,randomized_3,4.0,6.25,0.45,existing_nominal_decoder,abs_error_le_0.25,2000,0,0.0,1.0842021724855044e-19,0.001917047281252934,1.0,0.998082952718747,1.0,,,,,0.0,0.9166893982726676,1.0503687552327803,0.06693329552329641,two-sided 95% Wilson interval; conditional on the vector panel and synthetic IID draws,SYNTHETIC
integer_offsets,fixed_six_v2_vectors,randomized_3,4.0,6.25,0.45,oracle_exact_timing,abs_error_le_0.25,2000,1905,0.9525,0.9422790928066445,0.9609859794038216,0.0475,0.03901402059617842,0.05772090719335554,,,,,0.9477992034686994,0.0633792244030455,0.0793732283230286,-7.616803237736586e-05,two-sided 95% Wilson interval; conditional on the vector panel and synthetic IID draws,SYNTHETIC
integer_offsets,fixed_six_v2_vectors,randomized_3,4.0,6.25,0.45,blind_matched_filter_energy_search,abs_error_le_0.25,2000,1905,0.9525,0.9422790928066445,0.9609859794038216,0.0475,0.03901402059617842,0.05772090719335554,2000,1.0,0.9980829527187469,0.9999999999999998,,0.0633792244030455,0.0793732283230286,-7.616803237736586e-05,two-sided 95% Wilson interval; conditional on the vector panel and synthetic IID draws,SYNTHETIC
integer_offsets,fixed_six_v2_vectors,randomized_3,4.0,6.25,0.45,blind_raw_frame_energy_search,abs_error_le_0.25,2000,246,0.123,0.10932424977571716,0.13812120387434756,0.877,0.8618787961256524,0.8906757502242828,168,0.084,0.0726261614635203,0.09696882187448214,,0.6802566735615239,0.9794247098894112,0.04571053043914885,two-sided 95% Wilson interval; conditional on the vector panel and synthetic IID draws,SYNTHETIC
integer_offsets,fixed_six_v2_vectors,POOLED_ALL_VECTORS,4.0,6.25,0.45,existing_nominal_decoder,abs_error_le_0.25,12000,0,0.0,0.0,0.0003200191233674895,1.0,0.9996799808766325,1.0,,,,,0.0,0.9767008862553626,1.196329848707631,0.008970041194914949,two-sided 95% Wilson interval; conditional on the vector panel and synthetic IID draws,SYNTHETIC
integer_offsets,fixed_six_v2_vectors,POOLED_ALL_VECTORS,4.0,6.25,0.45,oracle_exact_timing,abs_error_le_0.25,12000,11373,0.94775,0.9436232633582594,0.951590159516765,0.05225,0.048409840483235045,0.05637673664174059,,,,,0.9477992034686994,0.06348508655792418,0.07957084590643092,-6.180430347462693e-05,two-sided 95% Wilson interval; conditional on the vector panel and synthetic IID draws,SYNTHETIC
integer_offsets,fixed_six_v2_vectors,POOLED_ALL_VECTORS,4.0,6.25,0.45,blind_matched_filter_energy_search,abs_error_le_0.25,12000,11373,0.94775,0.9436232633582594,0.951590159516765,0.05225,0.048409840483235045,0.05637673664174059,12000,1.0,0.9996799808766326,1.0,,0.06348508655792418,0.07957084590643092,-6.180430347462693e-05,two-sided 95% Wilson interval; conditional on the vector panel and synthetic IID draws,SYNTHETIC
integer_offsets,fixed_six_v2_vectors,POOLED_ALL_VECTORS,4.0,6.25,0.45,blind_raw_frame_energy_search,abs_error_le_0.25,12000,5278,0.43983333333333335,0.4309730228807845,0.4487321527537274,0.5601666666666667,0.5512678472462726,0.5690269771192156,5119,0.4265833333333333,0.4177592053646676,0.4354544507766135,,0.4117348660498482,0.774972392542749,0.024964860490814283,two-sided 95% Wilson interval; conditional on the vector panel and synthetic IID draws,SYNTHETIC
integer_offsets,fixed_six_v2_vectors,mixed_signs,8.0,12.5,0.0,existing_nominal_decoder,abs_error_le_0.25,1,0,0.0,,,1.0,,,,,,,0.0,2.1015625,2.434205004494537,-0.0078125,deterministic; no sampling interval,SYNTHETIC
integer_offsets,fixed_six_v2_vectors,mixed_signs,8.0,12.5,0.0,oracle_exact_timing,abs_error_le_0.25,1,1,1.0,,,0.0,,,,,,,1.0,3.469446951953614e-17,8.326672684688674e-17,-6.938893903907228e-18,deterministic; no sampling interval,SYNTHETIC
integer_offsets,fixed_six_v2_vectors,mixed_signs,8.0,12.5,0.0,blind_matched_filter_energy_search,abs_error_le_0.25,1,1,1.0,,,0.0,,,1,1.0,,,,3.469446951953614e-17,8.326672684688674e-17,-6.938893903907228e-18,deterministic; no sampling interval,SYNTHETIC
integer_offsets,fixed_six_v2_vectors,mixed_signs,8.0,12.5,0.0,blind_raw_frame_energy_search,abs_error_le_0.25,1,1,1.0,,,0.0,,,1,1.0,,,,3.469446951953614e-17,8.326672684688674e-17,-6.938893903907228e-18,deterministic; no sampling interval,SYNTHETIC
integer_offsets,fixed_six_v2_vectors,sparse_and_zeros,8.0,12.5,0.0,existing_nominal_decoder,abs_error_le_0.25,1,0,0.0,,,1.0,,,,,,,0.0,0.4140625,1.1164223778576143,0.0390625,deterministic; no sampling interval,SYNTHETIC
integer_offsets,fixed_six_v2_vectors,sparse_and_zeros,8.0,12.5,0.0,oracle_exact_timing,abs_error_le_0.25,1,1,1.0,,,0.0,,,,,,,1.0,0.0,0.0,0.0,deterministic; no sampling interval,SYNTHETIC
integer_offsets,fixed_six_v2_vectors,sparse_and_zeros,8.0,12.5,0.0,blind_matched_filter_energy_search,abs_error_le_0.25,1,1,1.0,,,0.0,,,1,1.0,,,,0.0,0.0,0.0,deterministic; no sampling interval,SYNTHETIC
integer_offsets,fixed_six_v2_vectors,sparse_and_zeros,8.0,12.5,0.0,blind_raw_frame_energy_search,abs_error_le_0.25,1,1,1.0,,,0.0,,,1,1.0,,,,0.0,0.0,0.0,deterministic; no sampling interval,SYNTHETIC
integer_offsets,fixed_six_v2_vectors,boundary_values,8.0,12.5,0.0,existing_nominal_decoder,abs_error_le_0.25,1,0,0.0,,,1.0,,,,,,,0.0,2.1328125,2.663088239009365,-0.007812500000000028,deterministic; no sampling interval,SYNTHETIC
integer_offsets,fixed_six_v2_vectors,boundary_values,8.0,12.5,0.0,oracle_exact_timing,abs_error_le_0.25,1,1,1.0,,,0.0,,,,,,,1.0,1.3877787807814457e-17,5.551115123125783e-17,-1.3877787807814457e-17,deterministic; no sampling interval,SYNTHETIC
integer_offsets,fixed_six_v2_vectors,boundary_values,8.0,12.5,0.0,blind_matched_filter_energy_search,abs_error_le_0.25,1,1,1.0,,,0.0,,,1,1.0,,,,1.3877787807814457e-17,5.551115123125783e-17,-1.3877787807814457e-17,deterministic; no sampling interval,SYNTHETIC
integer_offsets,fixed_six_v2_vectors,boundary_values,8.0,12.5,0.0,blind_raw_frame_energy_search,abs_error_le_0.25,1,1,1.0,,,0.0,,,1,1.0,,,,1.3877787807814457e-17,5.551115123125783e-17,-1.3877787807814457e-17,deterministic; no sampling interval,SYNTHETIC
integer_offsets,fixed_six_v2_vectors,randomized_1,8.0,12.5,0.0,existing_nominal_decoder,abs_error_le_0.25,1,0,0.0,,,1.0,,,,,,,0.0,2.4308082554720087,2.616056968985801,-0.35192131420137296,deterministic; no sampling interval,SYNTHETIC
integer_offsets,fixed_six_v2_vectors,randomized_1,8.0,12.5,0.0,oracle_exact_timing,abs_error_le_0.25,1,1,1.0,,,0.0,,,,,,,1.0,5.377642775528102e-17,1.0614466625631893e-16,-1.734723475976807e-18,deterministic; no sampling interval,SYNTHETIC
integer_offsets,fixed_six_v2_vectors,randomized_1,8.0,12.5,0.0,blind_matched_filter_energy_search,abs_error_le_0.25,1,1,1.0,,,0.0,,,1,1.0,,,,5.377642775528102e-17,1.0614466625631893e-16,-1.734723475976807e-18,deterministic; no sampling interval,SYNTHETIC
integer_offsets,fixed_six_v2_vectors,randomized_1,8.0,12.5,0.0,blind_raw_frame_energy_search,abs_error_le_0.25,1,1,1.0,,,0.0,,,1,1.0,,,,5.377642775528102e-17,1.0614466625631893e-16,-1.734723475976807e-18,deterministic; no sampling interval,SYNTHETIC
integer_offsets,fixed_six_v2_vectors,randomized_2,8.0,12.5,0.0,existing_nominal_decoder,abs_error_le_0.25,1,0,0.0,,,1.0,,,,,,,0.0,2.371770993150747,2.584266178515517,0.27313706636291946,deterministic; no sampling interval,SYNTHETIC
integer_offsets,fixed_six_v2_vectors,randomized_2,8.0,12.5,0.0,oracle_exact_timing,abs_error_le_0.25,1,1,1.0,,,0.0,,,,,,,1.0,3.122502256758253e-17,8.092071311423672e-17,-1.734723475976807e-17,deterministic; no sampling interval,SYNTHETIC
integer_offsets,fixed_six_v2_vectors,randomized_2,8.0,12.5,0.0,blind_matched_filter_energy_search,abs_error_le_0.25,1,1,1.0,,,0.0,,,1,1.0,,,,3.122502256758253e-17,8.092071311423672e-17,-1.734723475976807e-17,deterministic; no sampling interval,SYNTHETIC
integer_offsets,fixed_six_v2_vectors,randomized_2,8.0,12.5,0.0,blind_raw_frame_energy_search,abs_error_le_0.25,1,1,1.0,,,0.0,,,1,1.0,,,,3.122502256758253e-17,8.092071311423672e-17,-1.734723475976807e-17,deterministic; no sampling interval,SYNTHETIC
integer_offsets,fixed_six_v2_vectors,randomized_3,8.0,12.5,0.0,existing_nominal_decoder,abs_error_le_0.25,1,0,0.0,,,1.0,,,,,,,0.0,1.7211759728483016,1.9904512530619953,0.13438702108648537,deterministic; no sampling interval,SYNTHETIC
integer_offsets,fixed_six_v2_vectors,randomized_3,8.0,12.5,0.0,oracle_exact_timing,abs_error_le_0.25,1,1,1.0,,,0.0,,,,,,,1.0,3.165870343657673e-17,9.816143974602446e-17,-2.3852447794681098e-17,deterministic; no sampling interval,SYNTHETIC
integer_offsets,fixed_six_v2_vectors,randomized_3,8.0,12.5,0.0,blind_matched_filter_energy_search,abs_error_le_0.25,1,1,1.0,,,0.0,,,1,1.0,,,,3.165870343657673e-17,9.816143974602446e-17,-2.3852447794681098e-17,deterministic; no sampling interval,SYNTHETIC
integer_offsets,fixed_six_v2_vectors,randomized_3,8.0,12.5,0.0,blind_raw_frame_energy_search,abs_error_le_0.25,1,1,1.0,,,0.0,,,1,1.0,,,,3.165870343657673e-17,9.816143974602446e-17,-2.3852447794681098e-17,deterministic; no sampling interval,SYNTHETIC
integer_offsets,fixed_six_v2_vectors,POOLED_ALL_VECTORS,8.0,12.5,0.0,existing_nominal_decoder,abs_error_le_0.25,6,0,0.0,,,1.0,,,,,,,0.0,1.862032120245176,2.3002852662098214,0.01317337887467195,deterministic; no sampling interval,SYNTHETIC
integer_offsets,fixed_six_v2_vectors,POOLED_ALL_VECTORS,8.0,12.5,0.0,oracle_exact_timing,abs_error_le_0.25,6,6,1.0,,,0.0,,,,,,,1.0,2.7538735181131813e-17,7.902041503034511e-17,-1.0625181290357943e-17,deterministic; no sampling interval,SYNTHETIC
integer_offsets,fixed_six_v2_vectors,POOLED_ALL_VECTORS,8.0,12.5,0.0,blind_matched_filter_energy_search,abs_error_le_0.25,6,6,1.0,,,0.0,,,6,1.0,,,,2.7538735181131813e-17,7.902041503034511e-17,-1.0625181290357943e-17,deterministic; no sampling interval,SYNTHETIC
integer_offsets,fixed_six_v2_vectors,POOLED_ALL_VECTORS,8.0,12.5,0.0,blind_raw_frame_energy_search,abs_error_le_0.25,6,6,1.0,,,0.0,,,6,1.0,,,,2.7538735181131813e-17,7.902041503034511e-17,-1.0625181290357943e-17,deterministic; no sampling interval,SYNTHETIC
integer_offsets,fixed_six_v2_vectors,mixed_signs,8.0,12.5,0.45,existing_nominal_decoder,abs_error_le_0.25,2000,0,0.0,1.0842021724855044e-19,0.001917047281252934,1.0,0.998082952718747,1.0,,,,,0.0,2.1020417636007513,2.435705298135761,-0.007828490321878663,two-sided 95% Wilson interval; conditional on the vector panel and synthetic IID draws,SYNTHETIC
integer_offsets,fixed_six_v2_vectors,mixed_signs,8.0,12.5,0.45,oracle_exact_timing,abs_error_le_0.25,2000,1899,0.9495,0.9390120477558316,0.958264526738322,0.0505,0.041735473261678036,0.06098795224416842,,,,,0.9477992034686994,0.0634956824361436,0.07956846231985613,2.355003824638266e-05,two-sided 95% Wilson interval; conditional on the vector panel and synthetic IID draws,SYNTHETIC
integer_offsets,fixed_six_v2_vectors,mixed_signs,8.0,12.5,0.45,blind_matched_filter_energy_search,abs_error_le_0.25,2000,1899,0.9495,0.9390120477558316,0.958264526738322,0.0505,0.041735473261678036,0.06098795224416842,2000,1.0,0.9980829527187469,0.9999999999999998,,0.0634956824361436,0.07956846231985613,2.355003824638266e-05,two-sided 95% Wilson interval; conditional on the vector panel and synthetic IID draws,SYNTHETIC
integer_offsets,fixed_six_v2_vectors,mixed_signs,8.0,12.5,0.45,blind_raw_frame_energy_search,abs_error_le_0.25,2000,923,0.4615,0.4397466277497131,0.48340098489094324,0.5385,0.5165990151090567,0.5602533722502869,893,0.4465,0.4248359529527438,0.46836917110635023,,0.27734122575783887,0.49043045610945973,7.656542639330412e-05,two-sided 95% Wilson interval; conditional on the vector panel and synthetic IID draws,SYNTHETIC
integer_offsets,fixed_six_v2_vectors,sparse_and_zeros,8.0,12.5,0.45,existing_nominal_decoder,abs_error_le_0.25,2000,0,0.0,1.0842021724855044e-19,0.001917047281252934,1.0,0.998082952718747,1.0,,,,,0.0,0.46134586552063933,1.1194714217114607,0.038980840654112656,two-sided 95% Wilson interval; conditional on the vector panel and synthetic IID draws,SYNTHETIC
integer_offsets,fixed_six_v2_vectors,sparse_and_zeros,8.0,12.5,0.45,oracle_exact_timing,abs_error_le_0.25,2000,1881,0.9405,0.9292636881836284,0.9500473931615877,0.0595,0.049952606838412295,0.07073631181637163,,,,,0.9477992034686994,0.06389212058513655,0.08009784793284702,5.2479484995795244e-05,two-sided 95% Wilson interval; conditional on the vector panel and synthetic IID draws,SYNTHETIC
integer_offsets,fixed_six_v2_vectors,sparse_and_zeros,8.0,12.5,0.45,blind_matched_filter_energy_search,abs_error_le_0.25,2000,1881,0.9405,0.9292636881836284,0.9500473931615877,0.0595,0.049952606838412295,0.07073631181637163,2000,1.0,0.9980829527187469,0.9999999999999998,,0.06389212058513655,0.08009784793284702,5.2479484995795244e-05,two-sided 95% Wilson interval; conditional on the vector panel and synthetic IID draws,SYNTHETIC
integer_offsets,fixed_six_v2_vectors,sparse_and_zeros,8.0,12.5,0.45,blind_raw_frame_energy_search,abs_error_le_0.25,2000,1164,0.582,0.560246591678356,0.6034390125675185,0.418,0.39656098743248147,0.439753408321644,1053,0.5265,0.5045878589770459,0.5483105375170475,,0.09533183133203993,0.19733951692046398,0.003798793978893714,two-sided 95% Wilson interval; conditional on the vector panel and synthetic IID draws,SYNTHETIC
integer_offsets,fixed_six_v2_vectors,boundary_values,8.0,12.5,0.45,existing_nominal_decoder,abs_error_le_0.25,2000,0,0.0,1.0842021724855044e-19,0.001917047281252934,1.0,0.998082952718747,1.0,,,,,0.0,2.1422331322913286,2.6633567980650517,-0.0072348750943773315,two-sided 95% Wilson interval; conditional on the vector panel and synthetic IID draws,SYNTHETIC
integer_offsets,fixed_six_v2_vectors,boundary_values,8.0,12.5,0.45,oracle_exact_timing,abs_error_le_0.25,2000,1890,0.945,0.9341286162883299,0.9541652116313549,0.055,0.045834788368645074,0.06587138371167012,,,,,0.9477992034686994,0.0634938946253377,0.07969812579798827,-0.0005522824427422519,two-sided 95% Wilson interval; conditional on the vector panel and synthetic IID draws,SYNTHETIC
integer_offsets,fixed_six_v2_vectors,boundary_values,8.0,12.5,0.45,blind_matched_filter_energy_search,abs_error_le_0.25,2000,1890,0.945,0.9341286162883299,0.9541652116313549,0.055,0.045834788368645074,0.06587138371167012,2000,1.0,0.9980829527187469,0.9999999999999998,,0.0634938946253377,0.07969812579798827,-0.0005522824427422519,two-sided 95% Wilson interval; conditional on the vector panel and synthetic IID draws,SYNTHETIC
integer_offsets,fixed_six_v2_vectors,boundary_values,8.0,12.5,0.45,blind_raw_frame_energy_search,abs_error_le_0.25,2000,1291,0.6455,0.6242745841811572,0.6661675550599981,0.3545,0.33383244494000186,0.3757254158188428,1341,0.6705,0.6495906360160492,0.6907556508610436,,0.1605863529219368,0.3095542295338429,-0.0007053441893503351,two-sided 95% Wilson interval; conditional on the vector panel and synthetic IID draws,SYNTHETIC
integer_offsets,fixed_six_v2_vectors,randomized_1,8.0,12.5,0.45,existing_nominal_decoder,abs_error_le_0.25,2000,0,0.0,1.0842021724855044e-19,0.001917047281252934,1.0,0.998082952718747,1.0,,,,,0.0,2.43093005278433,2.6172994878330758,-0.35220331674664146,two-sided 95% Wilson interval; conditional on the vector panel and synthetic IID draws,SYNTHETIC
integer_offsets,fixed_six_v2_vectors,randomized_1,8.0,12.5,0.45,oracle_exact_timing,abs_error_le_0.25,2000,1899,0.9495,0.9390120477558316,0.958264526738322,0.0505,0.041735473261678036,0.06098795224416842,,,,,0.9477992034686994,0.06347104838518514,0.07970954345176705,0.00029348889442268246,two-sided 95% Wilson interval; conditional on the vector panel and synthetic IID draws,SYNTHETIC
integer_offsets,fixed_six_v2_vectors,randomized_1,8.0,12.5,0.45,blind_matched_filter_energy_search,abs_error_le_0.25,2000,1899,0.9495,0.9390120477558316,0.958264526738322,0.0505,0.041735473261678036,0.06098795224416842,2000,1.0,0.9980829527187469,0.9999999999999998,,0.06347104838518514,0.07970954345176705,0.00029348889442268246,two-sided 95% Wilson interval; conditional on the vector panel and synthetic IID draws,SYNTHETIC
integer_offsets,fixed_six_v2_vectors,randomized_1,8.0,12.5,0.45,blind_raw_frame_energy_search,abs_error_le_0.25,2000,1199,0.5995,0.5778542087691927,0.620764298821838,0.4005,0.37923570117816197,0.4221457912308073,1238,0.619,0.597507663031022,0.6400360797160397,,0.19812614542092152,0.3398690929323424,-0.02045092419764491,two-sided 95% Wilson interval; conditional on the vector panel and synthetic IID draws,SYNTHETIC
integer_offsets,fixed_six_v2_vectors,randomized_2,8.0,12.5,0.45,existing_nominal_decoder,abs_error_le_0.25,2000,0,0.0,1.0842021724855044e-19,0.001917047281252934,1.0,0.998082952718747,1.0,,,,,0.0,2.3722270244362518,2.585836737117714,0.27299785063020593,two-sided 95% Wilson interval; conditional on the vector panel and synthetic IID draws,SYNTHETIC
integer_offsets,fixed_six_v2_vectors,randomized_2,8.0,12.5,0.45,oracle_exact_timing,abs_error_le_0.25,2000,1891,0.9455,0.9346702670259668,0.9546216438464368,0.0545,0.045378356153563226,0.06532973297403322,,,,,0.9477992034686994,0.06339756472897731,0.07945573453774381,0.0001637393880209828,two-sided 95% Wilson interval; conditional on the vector panel and synthetic IID draws,SYNTHETIC
integer_offsets,fixed_six_v2_vectors,randomized_2,8.0,12.5,0.45,blind_matched_filter_energy_search,abs_error_le_0.25,2000,1891,0.9455,0.9346702670259668,0.9546216438464368,0.0545,0.045378356153563226,0.06532973297403322,2000,1.0,0.9980829527187469,0.9999999999999998,,0.06339756472897731,0.07945573453774381,0.0001637393880209828,two-sided 95% Wilson interval; conditional on the vector panel and synthetic IID draws,SYNTHETIC
integer_offsets,fixed_six_v2_vectors,randomized_2,8.0,12.5,0.45,blind_raw_frame_energy_search,abs_error_le_0.25,2000,401,0.2005,0.18353471853619274,0.21861359278527775,0.7995,0.7813864072147223,0.8164652814638073,368,0.184,0.16762932898245075,0.20158224489930104,,1.0678313963537975,1.5354692934631902,0.12116246213693438,two-sided 95% Wilson interval; conditional on the vector panel and synthetic IID draws,SYNTHETIC
integer_offsets,fixed_six_v2_vectors,randomized_3,8.0,12.5,0.45,existing_nominal_decoder,abs_error_le_0.25,2000,0,0.0,1.0842021724855044e-19,0.001917047281252934,1.0,0.998082952718747,1.0,,,,,0.0,1.7216131685622393,1.9919834978265492,0.1343277627405039,two-sided 95% Wilson interval; conditional on the vector panel and synthetic IID draws,SYNTHETIC
integer_offsets,fixed_six_v2_vectors,randomized_3,8.0,12.5,0.45,oracle_exact_timing,abs_error_le_0.25,2000,1892,0.946,0.9352121487009426,0.9550778451241797,0.054,0.0449221548758203,0.0647878512990574,,,,,0.9477992034686994,0.06371150851237244,0.07997057260658642,7.193541084634214e-05,two-sided 95% Wilson interval; conditional on the vector panel and synthetic IID draws,SYNTHETIC
integer_offsets,fixed_six_v2_vectors,randomized_3,8.0,12.5,0.45,blind_matched_filter_energy_search,abs_error_le_0.25,2000,1892,0.946,0.9352121487009426,0.9550778451241797,0.054,0.0449221548758203,0.0647878512990574,2000,1.0,0.9980829527187469,0.9999999999999998,,0.06371150851237244,0.07997057260658642,7.193541084634214e-05,two-sided 95% Wilson interval; conditional on the vector panel and synthetic IID draws,SYNTHETIC
integer_offsets,fixed_six_v2_vectors,randomized_3,8.0,12.5,0.45,blind_raw_frame_energy_search,abs_error_le_0.25,2000,243,0.1215,0.10790262043403129,0.13654858435787717,0.8785,0.8634514156421228,0.8920973795659687,171,0.0855,0.07402575867765614,0.09856347351850255,,0.746856223204169,1.0786056849953571,0.05438570719567418,two-sided 95% Wilson interval; conditional on the vector panel and synthetic IID draws,SYNTHETIC
integer_offsets,fixed_six_v2_vectors,POOLED_ALL_VECTORS,8.0,12.5,0.45,existing_nominal_decoder,abs_error_le_0.25,12000,0,0.0,0.0,0.0003200191233674895,1.0,0.9996799808766325,1.0,,,,,0.0,1.87173183453259,2.301599172055768,0.013173295310320849,two-sided 95% Wilson interval; conditional on the vector panel and synthetic IID draws,SYNTHETIC
integer_offsets,fixed_six_v2_vectors,POOLED_ALL_VECTORS,8.0,12.5,0.45,oracle_exact_timing,abs_error_le_0.25,12000,11352,0.946,0.9418115047536423,0.9499030381883137,0.054,0.050096961811686325,0.05818849524635772,,,,,0.9477992034686994,0.06357696987885879,0.07975035448863606,8.818462298322264e-06,two-sided 95% Wilson interval; conditional on the vector panel and synthetic IID draws,SYNTHETIC
integer_offsets,fixed_six_v2_vectors,POOLED_ALL_VECTORS,8.0,12.5,0.45,blind_matched_filter_energy_search,abs_error_le_0.25,12000,11352,0.946,0.9418115047536423,0.9499030381883137,0.054,0.050096961811686325,0.05818849524635772,12000,1.0,0.9996799808766326,1.0,,0.06357696987885879,0.07975035448863606,8.818462298322264e-06,two-sided 95% Wilson interval; conditional on the vector panel and synthetic IID draws,SYNTHETIC
integer_offsets,fixed_six_v2_vectors,POOLED_ALL_VECTORS,8.0,12.5,0.45,blind_raw_frame_energy_search,abs_error_le_0.25,12000,5221,0.4350833333333333,0.42623525249828387,0.44397296331790004,0.5649166666666666,0.5560270366821,0.5737647475017161,5064,0.422,0.41318989456650157,0.43086002841674376,,0.42434552916511725,0.8177057247204655,0.026377876725150056,two-sided 95% Wilson interval; conditional on the vector panel and synthetic IID draws,SYNTHETIC
fractional_offsets,fixed_six_v2_vectors,mixed_signs,0.0,0.0,0.0,existing_nominal_decoder,abs_error_le_0.25,1,1,1.0,,,0.0,,,,,,,1.0,3.469446951953614e-17,8.326672684688674e-17,-6.938893903907228e-18,deterministic; no sampling interval,SYNTHETIC
fractional_offsets,fixed_six_v2_vectors,mixed_signs,0.0,0.0,0.0,oracle_best_integer_timing,abs_error_le_0.25,1,1,1.0,,,0.0,,,,,,,1.0,3.469446951953614e-17,8.326672684688674e-17,-6.938893903907228e-18,deterministic; no sampling interval,SYNTHETIC
fractional_offsets,fixed_six_v2_vectors,mixed_signs,0.0,0.0,0.0,blind_matched_filter_energy_search,abs_error_le_0.25,1,1,1.0,,,0.0,,,1,1.0,,,,3.469446951953614e-17,8.326672684688674e-17,-6.938893903907228e-18,deterministic; no sampling interval,SYNTHETIC
fractional_offsets,fixed_six_v2_vectors,sparse_and_zeros,0.0,0.0,0.0,existing_nominal_decoder,abs_error_le_0.25,1,1,1.0,,,0.0,,,,,,,1.0,0.0,0.0,0.0,deterministic; no sampling interval,SYNTHETIC
fractional_offsets,fixed_six_v2_vectors,sparse_and_zeros,0.0,0.0,0.0,oracle_best_integer_timing,abs_error_le_0.25,1,1,1.0,,,0.0,,,,,,,1.0,0.0,0.0,0.0,deterministic; no sampling interval,SYNTHETIC
fractional_offsets,fixed_six_v2_vectors,sparse_and_zeros,0.0,0.0,0.0,blind_matched_filter_energy_search,abs_error_le_0.25,1,1,1.0,,,0.0,,,1,1.0,,,,0.0,0.0,0.0,deterministic; no sampling interval,SYNTHETIC
fractional_offsets,fixed_six_v2_vectors,boundary_values,0.0,0.0,0.0,existing_nominal_decoder,abs_error_le_0.25,1,1,1.0,,,0.0,,,,,,,1.0,1.3877787807814457e-17,5.551115123125783e-17,-1.3877787807814457e-17,deterministic; no sampling interval,SYNTHETIC
fractional_offsets,fixed_six_v2_vectors,boundary_values,0.0,0.0,0.0,oracle_best_integer_timing,abs_error_le_0.25,1,1,1.0,,,0.0,,,,,,,1.0,1.3877787807814457e-17,5.551115123125783e-17,-1.3877787807814457e-17,deterministic; no sampling interval,SYNTHETIC
fractional_offsets,fixed_six_v2_vectors,boundary_values,0.0,0.0,0.0,blind_matched_filter_energy_search,abs_error_le_0.25,1,1,1.0,,,0.0,,,1,1.0,,,,1.3877787807814457e-17,5.551115123125783e-17,-1.3877787807814457e-17,deterministic; no sampling interval,SYNTHETIC
fractional_offsets,fixed_six_v2_vectors,randomized_1,0.0,0.0,0.0,existing_nominal_decoder,abs_error_le_0.25,1,1,1.0,,,0.0,,,,,,,1.0,5.377642775528102e-17,1.0614466625631893e-16,-1.734723475976807e-18,deterministic; no sampling interval,SYNTHETIC
fractional_offsets,fixed_six_v2_vectors,randomized_1,0.0,0.0,0.0,oracle_best_integer_timing,abs_error_le_0.25,1,1,1.0,,,0.0,,,,,,,1.0,5.377642775528102e-17,1.0614466625631893e-16,-1.734723475976807e-18,deterministic; no sampling interval,SYNTHETIC
fractional_offsets,fixed_six_v2_vectors,randomized_1,0.0,0.0,0.0,blind_matched_filter_energy_search,abs_error_le_0.25,1,1,1.0,,,0.0,,,1,1.0,,,,5.377642775528102e-17,1.0614466625631893e-16,-1.734723475976807e-18,deterministic; no sampling interval,SYNTHETIC
fractional_offsets,fixed_six_v2_vectors,randomized_2,0.0,0.0,0.0,existing_nominal_decoder,abs_error_le_0.25,1,1,1.0,,,0.0,,,,,,,1.0,3.122502256758253e-17,8.092071311423672e-17,-1.734723475976807e-17,deterministic; no sampling interval,SYNTHETIC
fractional_offsets,fixed_six_v2_vectors,randomized_2,0.0,0.0,0.0,oracle_best_integer_timing,abs_error_le_0.25,1,1,1.0,,,0.0,,,,,,,1.0,3.122502256758253e-17,8.092071311423672e-17,-1.734723475976807e-17,deterministic; no sampling interval,SYNTHETIC
fractional_offsets,fixed_six_v2_vectors,randomized_2,0.0,0.0,0.0,blind_matched_filter_energy_search,abs_error_le_0.25,1,1,1.0,,,0.0,,,1,1.0,,,,3.122502256758253e-17,8.092071311423672e-17,-1.734723475976807e-17,deterministic; no sampling interval,SYNTHETIC
fractional_offsets,fixed_six_v2_vectors,randomized_3,0.0,0.0,0.0,existing_nominal_decoder,abs_error_le_0.25,1,1,1.0,,,0.0,,,,,,,1.0,3.165870343657673e-17,9.816143974602446e-17,-2.3852447794681098e-17,deterministic; no sampling interval,SYNTHETIC
fractional_offsets,fixed_six_v2_vectors,randomized_3,0.0,0.0,0.0,oracle_best_integer_timing,abs_error_le_0.25,1,1,1.0,,,0.0,,,,,,,1.0,3.165870343657673e-17,9.816143974602446e-17,-2.3852447794681098e-17,deterministic; no sampling interval,SYNTHETIC
fractional_offsets,fixed_six_v2_vectors,randomized_3,0.0,0.0,0.0,blind_matched_filter_energy_search,abs_error_le_0.25,1,1,1.0,,,0.0,,,1,1.0,,,,3.165870343657673e-17,9.816143974602446e-17,-2.3852447794681098e-17,deterministic; no sampling interval,SYNTHETIC
fractional_offsets,fixed_six_v2_vectors,POOLED_ALL_VECTORS,0.0,0.0,0.0,existing_nominal_decoder,abs_error_le_0.25,6,6,1.0,,,0.0,,,,,,,1.0,2.7538735181131813e-17,7.902041503034511e-17,-1.0625181290357943e-17,deterministic; no sampling interval,SYNTHETIC
fractional_offsets,fixed_six_v2_vectors,POOLED_ALL_VECTORS,0.0,0.0,0.0,oracle_best_integer_timing,abs_error_le_0.25,6,6,1.0,,,0.0,,,,,,,1.0,2.7538735181131813e-17,7.902041503034511e-17,-1.0625181290357943e-17,deterministic; no sampling interval,SYNTHETIC
fractional_offsets,fixed_six_v2_vectors,POOLED_ALL_VECTORS,0.0,0.0,0.0,blind_matched_filter_energy_search,abs_error_le_0.25,6,6,1.0,,,0.0,,,6,1.0,,,,2.7538735181131813e-17,7.902041503034511e-17,-1.0625181290357943e-17,deterministic; no sampling interval,SYNTHETIC
fractional_offsets,fixed_six_v2_vectors,mixed_signs,0.0,0.0,0.45,existing_nominal_decoder,abs_error_le_0.25,2000,1896,0.948,0.9373820458455553,0.956900279790442,0.052,0.04309972020955799,0.06261795415444471,,,,,0.9477992034686994,0.06303108747953697,0.07908925151172139,6.761482871951546e-05,two-sided 95% Wilson interval; conditional on the vector panel and synthetic IID draws,SYNTHETIC
fractional_offsets,fixed_six_v2_vectors,mixed_signs,0.0,0.0,0.45,oracle_best_integer_timing,abs_error_le_0.25,2000,1896,0.948,0.9373820458455553,0.956900279790442,0.052,0.04309972020955799,0.06261795415444471,,,,,0.9477992034686994,0.06303108747953697,0.07908925151172139,6.761482871951546e-05,two-sided 95% Wilson interval; conditional on the vector panel and synthetic IID draws,SYNTHETIC
fractional_offsets,fixed_six_v2_vectors,mixed_signs,0.0,0.0,0.45,blind_matched_filter_energy_search,abs_error_le_0.25,2000,1896,0.948,0.9373820458455553,0.956900279790442,0.052,0.04309972020955799,0.06261795415444471,2000,1.0,0.9980829527187469,0.9999999999999998,,0.06303108747953697,0.07908925151172139,6.761482871951546e-05,two-sided 95% Wilson interval; conditional on the vector panel and synthetic IID draws,SYNTHETIC
fractional_offsets,fixed_six_v2_vectors,sparse_and_zeros,0.0,0.0,0.45,existing_nominal_decoder,abs_error_le_0.25,2000,1876,0.938,0.9265682210429607,0.9477524455386617,0.062,0.05224755446133833,0.07343177895703934,,,,,0.9477992034686994,0.06363736607895132,0.07982303788199609,-0.00013300390995438802,two-sided 95% Wilson interval; conditional on the vector panel and synthetic IID draws,SYNTHETIC
fractional_offsets,fixed_six_v2_vectors,sparse_and_zeros,0.0,0.0,0.45,oracle_best_integer_timing,abs_error_le_0.25,2000,1876,0.938,0.9265682210429607,0.9477524455386617,0.062,0.05224755446133833,0.07343177895703934,,,,,0.9477992034686994,0.06363736607895132,0.07982303788199609,-0.00013300390995438802,two-sided 95% Wilson interval; conditional on the vector panel and synthetic IID draws,SYNTHETIC
fractional_offsets,fixed_six_v2_vectors,sparse_and_zeros,0.0,0.0,0.45,blind_matched_filter_energy_search,abs_error_le_0.25,2000,1876,0.938,0.9265682210429607,0.9477524455386617,0.062,0.05224755446133833,0.07343177895703934,2000,1.0,0.9980829527187469,0.9999999999999998,,0.06363736607895132,0.07982303788199609,-0.00013300390995438802,two-sided 95% Wilson interval; conditional on the vector panel and synthetic IID draws,SYNTHETIC
fractional_offsets,fixed_six_v2_vectors,boundary_values,0.0,0.0,0.45,existing_nominal_decoder,abs_error_le_0.25,2000,1885,0.9425,0.9314237261895166,0.9518796869665744,0.0575,0.048120313033425566,0.06857627381048337,,,,,0.9477992034686994,0.06360394753719735,0.0797690699161014,-0.0004073095186428632,two-sided 95% Wilson interval; conditional on the vector panel and synthetic IID draws,SYNTHETIC
fractional_offsets,fixed_six_v2_vectors,boundary_values,0.0,0.0,0.45,oracle_best_integer_timing,abs_error_le_0.25,2000,1885,0.9425,0.9314237261895166,0.9518796869665744,0.0575,0.048120313033425566,0.06857627381048337,,,,,0.9477992034686994,0.06360394753719735,0.0797690699161014,-0.0004073095186428632,two-sided 95% Wilson interval; conditional on the vector panel and synthetic IID draws,SYNTHETIC
fractional_offsets,fixed_six_v2_vectors,boundary_values,0.0,0.0,0.45,blind_matched_filter_energy_search,abs_error_le_0.25,2000,1885,0.9425,0.9314237261895166,0.9518796869665744,0.0575,0.048120313033425566,0.06857627381048337,2000,1.0,0.9980829527187469,0.9999999999999998,,0.06360394753719735,0.0797690699161014,-0.0004073095186428632,two-sided 95% Wilson interval; conditional on the vector panel and synthetic IID draws,SYNTHETIC
fractional_offsets,fixed_six_v2_vectors,randomized_1,0.0,0.0,0.45,existing_nominal_decoder,abs_error_le_0.25,2000,1894,0.947,0.9362966169363569,0.9559895427942029,0.053,0.044010457205797104,0.0637033830636431,,,,,0.9477992034686994,0.06315392980588387,0.07914733792748935,-0.000310890966079699,two-sided 95% Wilson interval; conditional on the vector panel and synthetic IID draws,SYNTHETIC
fractional_offsets,fixed_six_v2_vectors,randomized_1,0.0,0.0,0.45,oracle_best_integer_timing,abs_error_le_0.25,2000,1894,0.947,0.9362966169363569,0.9559895427942029,0.053,0.044010457205797104,0.0637033830636431,,,,,0.9477992034686994,0.06315392980588387,0.07914733792748935,-0.000310890966079699,two-sided 95% Wilson interval; conditional on the vector panel and synthetic IID draws,SYNTHETIC
fractional_offsets,fixed_six_v2_vectors,randomized_1,0.0,0.0,0.45,blind_matched_filter_energy_search,abs_error_le_0.25,2000,1894,0.947,0.9362966169363569,0.9559895427942029,0.053,0.044010457205797104,0.0637033830636431,2000,1.0,0.9980829527187469,0.9999999999999998,,0.06315392980588387,0.07914733792748935,-0.000310890966079699,two-sided 95% Wilson interval; conditional on the vector panel and synthetic IID draws,SYNTHETIC
fractional_offsets,fixed_six_v2_vectors,randomized_2,0.0,0.0,0.45,existing_nominal_decoder,abs_error_le_0.25,2000,1895,0.9475,0.9368392097083899,0.9564450329748887,0.0525,0.0435549670251113,0.06316079029161015,,,,,0.9477992034686994,0.06328029271205866,0.07937240869660446,-0.00012557762922670176,two-sided 95% Wilson interval; conditional on the vector panel and synthetic IID draws,SYNTHETIC
fractional_offsets,fixed_six_v2_vectors,randomized_2,0.0,0.0,0.45,oracle_best_integer_timing,abs_error_le_0.25,2000,1895,0.9475,0.9368392097083899,0.9564450329748887,0.0525,0.0435549670251113,0.06316079029161015,,,,,0.9477992034686994,0.06328029271205866,0.07937240869660446,-0.00012557762922670176,two-sided 95% Wilson interval; conditional on the vector panel and synthetic IID draws,SYNTHETIC
fractional_offsets,fixed_six_v2_vectors,randomized_2,0.0,0.0,0.45,blind_matched_filter_energy_search,abs_error_le_0.25,2000,1895,0.9475,0.9368392097083899,0.9564450329748887,0.0525,0.0435549670251113,0.06316079029161015,2000,1.0,0.9980829527187469,0.9999999999999998,,0.06328029271205866,0.07937240869660446,-0.00012557762922670176,two-sided 95% Wilson interval; conditional on the vector panel and synthetic IID draws,SYNTHETIC
fractional_offsets,fixed_six_v2_vectors,randomized_3,0.0,0.0,0.45,existing_nominal_decoder,abs_error_le_0.25,2000,1911,0.9555,0.9455562350551854,0.9636973348715931,0.0445,0.03630266512840685,0.05444376494481462,,,,,0.9477992034686994,0.06348612541577603,0.0795862980418196,-9.888944090819324e-05,two-sided 95% Wilson interval; conditional on the vector panel and synthetic IID draws,SYNTHETIC
fractional_offsets,fixed_six_v2_vectors,randomized_3,0.0,0.0,0.45,oracle_best_integer_timing,abs_error_le_0.25,2000,1911,0.9555,0.9455562350551854,0.9636973348715931,0.0445,0.03630266512840685,0.05444376494481462,,,,,0.9477992034686994,0.06348612541577603,0.0795862980418196,-9.888944090819324e-05,two-sided 95% Wilson interval; conditional on the vector panel and synthetic IID draws,SYNTHETIC
fractional_offsets,fixed_six_v2_vectors,randomized_3,0.0,0.0,0.45,blind_matched_filter_energy_search,abs_error_le_0.25,2000,1911,0.9555,0.9455562350551854,0.9636973348715931,0.0445,0.03630266512840685,0.05444376494481462,2000,1.0,0.9980829527187469,0.9999999999999998,,0.06348612541577603,0.0795862980418196,-9.888944090819324e-05,two-sided 95% Wilson interval; conditional on the vector panel and synthetic IID draws,SYNTHETIC
fractional_offsets,fixed_six_v2_vectors,POOLED_ALL_VECTORS,0.0,0.0,0.45,existing_nominal_decoder,abs_error_le_0.25,12000,11357,0.9464166666666667,0.9422427664174179,0.9503048431752689,0.05358333333333333,0.049695156824731135,0.05775723358258211,,,,,0.9477992034686994,0.06336545817156736,0.07946507702127723,-0.00016800943934872163,two-sided 95% Wilson interval; conditional on the vector panel and synthetic IID draws,SYNTHETIC
fractional_offsets,fixed_six_v2_vectors,POOLED_ALL_VECTORS,0.0,0.0,0.45,oracle_best_integer_timing,abs_error_le_0.25,12000,11357,0.9464166666666667,0.9422427664174179,0.9503048431752689,0.05358333333333333,0.049695156824731135,0.05775723358258211,,,,,0.9477992034686994,0.06336545817156736,0.07946507702127723,-0.00016800943934872163,two-sided 95% Wilson interval; conditional on the vector panel and synthetic IID draws,SYNTHETIC
fractional_offsets,fixed_six_v2_vectors,POOLED_ALL_VECTORS,0.0,0.0,0.45,blind_matched_filter_energy_search,abs_error_le_0.25,12000,11357,0.9464166666666667,0.9422427664174179,0.9503048431752689,0.05358333333333333,0.049695156824731135,0.05775723358258211,12000,1.0,0.9996799808766326,1.0,,0.06336545817156736,0.07946507702127723,-0.00016800943934872163,two-sided 95% Wilson interval; conditional on the vector panel and synthetic IID draws,SYNTHETIC
fractional_offsets,fixed_six_v2_vectors,mixed_signs,0.25,0.390625,0.0,existing_nominal_decoder,abs_error_le_0.25,1,1,1.0,,,0.0,,,,,,,1.0,0.005191466556537805,0.006022852417171672,2.3418766925686896e-17,deterministic; no sampling interval,SYNTHETIC
fractional_offsets,fixed_six_v2_vectors,mixed_signs,0.25,0.390625,0.0,oracle_best_integer_timing,abs_error_le_0.25,1,1,1.0,,,0.0,,,,,,,1.0,0.005191466556537805,0.006022852417171672,2.3418766925686896e-17,deterministic; no sampling interval,SYNTHETIC
fractional_offsets,fixed_six_v2_vectors,mixed_signs,0.25,0.390625,0.0,blind_matched_filter_energy_search,abs_error_le_0.25,1,1,1.0,,,0.0,,,1,1.0,,,,0.005191466556537805,0.006022852417171672,2.3418766925686896e-17,deterministic; no sampling interval,SYNTHETIC
fractional_offsets,fixed_six_v2_vectors,sparse_and_zeros,0.25,0.390625,0.0,existing_nominal_decoder,abs_error_le_0.25,1,1,1.0,,,0.0,,,,,,,1.0,0.0010157217175834898,0.0028630257285654523,0.00011285796862039316,deterministic; no sampling interval,SYNTHETIC
fractional_offsets,fixed_six_v2_vectors,sparse_and_zeros,0.25,0.390625,0.0,oracle_best_integer_timing,abs_error_le_0.25,1,1,1.0,,,0.0,,,,,,,1.0,0.0010157217175834898,0.0028630257285654523,0.00011285796862039316,deterministic; no sampling interval,SYNTHETIC
fractional_offsets,fixed_six_v2_vectors,sparse_and_zeros,0.25,0.390625,0.0,blind_matched_filter_energy_search,abs_error_le_0.25,1,1,1.0,,,0.0,,,1,1.0,,,,0.0010157217175834898,0.0028630257285654523,0.00011285796862039316,deterministic; no sampling interval,SYNTHETIC
fractional_offsets,fixed_six_v2_vectors,boundary_values,0.25,0.390625,0.0,existing_nominal_decoder,abs_error_le_0.25,1,1,1.0,,,0.0,,,,,,,1.0,0.005266705202284754,0.006661043932338297,3.642919299551295e-17,deterministic; no sampling interval,SYNTHETIC
fractional_offsets,fixed_six_v2_vectors,boundary_values,0.25,0.390625,0.0,oracle_best_integer_timing,abs_error_le_0.25,1,1,1.0,,,0.0,,,,,,,1.0,0.005266705202284754,0.006661043932338297,3.642919299551295e-17,deterministic; no sampling interval,SYNTHETIC
fractional_offsets,fixed_six_v2_vectors,boundary_values,0.25,0.390625,0.0,blind_matched_filter_energy_search,abs_error_le_0.25,1,1,1.0,,,0.0,,,1,1.0,,,,0.005266705202284754,0.006661043932338297,3.642919299551295e-17,deterministic; no sampling interval,SYNTHETIC
fractional_offsets,fixed_six_v2_vectors,randomized_1,0.25,0.390625,0.0,existing_nominal_decoder,abs_error_le_0.25,1,1,1.0,,,0.0,,,,,,,1.0,0.006197440737026248,0.006703107530206145,-0.0008303337354878529,deterministic; no sampling interval,SYNTHETIC
fractional_offsets,fixed_six_v2_vectors,randomized_1,0.25,0.390625,0.0,oracle_best_integer_timing,abs_error_le_0.25,1,1,1.0,,,0.0,,,,,,,1.0,0.006197440737026248,0.006703107530206145,-0.0008303337354878529,deterministic; no sampling interval,SYNTHETIC
fractional_offsets,fixed_six_v2_vectors,randomized_1,0.25,0.390625,0.0,blind_matched_filter_energy_search,abs_error_le_0.25,1,1,1.0,,,0.0,,,1,1.0,,,,0.006197440737026248,0.006703107530206145,-0.0008303337354878529,deterministic; no sampling interval,SYNTHETIC
fractional_offsets,fixed_six_v2_vectors,randomized_2,0.25,0.390625,0.0,existing_nominal_decoder,abs_error_le_0.25,1,1,1.0,,,0.0,,,,,,,1.0,0.006052227894867632,0.006568143823390645,0.0006690907810611353,deterministic; no sampling interval,SYNTHETIC
fractional_offsets,fixed_six_v2_vectors,randomized_2,0.25,0.390625,0.0,oracle_best_integer_timing,abs_error_le_0.25,1,1,1.0,,,0.0,,,,,,,1.0,0.006052227894867632,0.006568143823390645,0.0006690907810611353,deterministic; no sampling interval,SYNTHETIC
fractional_offsets,fixed_six_v2_vectors,randomized_2,0.25,0.390625,0.0,blind_matched_filter_energy_search,abs_error_le_0.25,1,1,1.0,,,0.0,,,1,1.0,,,,0.006052227894867632,0.006568143823390645,0.0006690907810611353,deterministic; no sampling interval,SYNTHETIC
fractional_offsets,fixed_six_v2_vectors,randomized_3,0.25,0.390625,0.0,existing_nominal_decoder,abs_error_le_0.25,1,1,1.0,,,0.0,,,,,,,1.0,0.004497346094058545,0.005129297797246693,0.0003204983718897124,deterministic; no sampling interval,SYNTHETIC
fractional_offsets,fixed_six_v2_vectors,randomized_3,0.25,0.390625,0.0,oracle_best_integer_timing,abs_error_le_0.25,1,1,1.0,,,0.0,,,,,,,1.0,0.004497346094058545,0.005129297797246693,0.0003204983718897124,deterministic; no sampling interval,SYNTHETIC
fractional_offsets,fixed_six_v2_vectors,randomized_3,0.25,0.390625,0.0,blind_matched_filter_energy_search,abs_error_le_0.25,1,1,1.0,,,0.0,,,1,1.0,,,,0.004497346094058545,0.005129297797246693,0.0003204983718897124,deterministic; no sampling interval,SYNTHETIC
fractional_offsets,fixed_six_v2_vectors,POOLED_ALL_VECTORS,0.25,0.390625,0.0,existing_nominal_decoder,abs_error_le_0.25,6,6,1.0,,,0.0,,,,,,,1.0,0.004703484700393079,0.005819837248140908,4.535223101390797e-05,deterministic; no sampling interval,SYNTHETIC
fractional_offsets,fixed_six_v2_vectors,POOLED_ALL_VECTORS,0.25,0.390625,0.0,oracle_best_integer_timing,abs_error_le_0.25,6,6,1.0,,,0.0,,,,,,,1.0,0.004703484700393079,0.005819837248140908,4.535223101390797e-05,deterministic; no sampling interval,SYNTHETIC
fractional_offsets,fixed_six_v2_vectors,POOLED_ALL_VECTORS,0.25,0.390625,0.0,blind_matched_filter_energy_search,abs_error_le_0.25,6,6,1.0,,,0.0,,,6,1.0,,,,0.004703484700393079,0.005819837248140908,4.535223101390797e-05,deterministic; no sampling interval,SYNTHETIC
fractional_offsets,fixed_six_v2_vectors,mixed_signs,0.25,0.390625,0.45,existing_nominal_decoder,abs_error_le_0.25,2000,1873,0.9365,0.9249532738540492,0.9463731438694168,0.0635,0.053626856130583156,0.07504672614595076,,,,,0.9462266051664454,0.0637054441028177,0.07985901527802108,0.00010532979494057704,two-sided 95% Wilson interval; conditional on the vector panel and synthetic IID draws,SYNTHETIC
fractional_offsets,fixed_six_v2_vectors,mixed_signs,0.25,0.390625,0.45,oracle_best_integer_timing,abs_error_le_0.25,2000,1873,0.9365,0.9249532738540492,0.9463731438694168,0.0635,0.053626856130583156,0.07504672614595076,,,,,0.9462266051664454,0.0637054441028177,0.07985901527802108,0.00010532979494057704,two-sided 95% Wilson interval; conditional on the vector panel and synthetic IID draws,SYNTHETIC
fractional_offsets,fixed_six_v2_vectors,mixed_signs,0.25,0.390625,0.45,blind_matched_filter_energy_search,abs_error_le_0.25,2000,1873,0.9365,0.9249532738540492,0.9463731438694168,0.0635,0.053626856130583156,0.07504672614595076,2000,1.0,0.9980829527187469,0.9999999999999998,,0.0637054441028177,0.07985901527802108,0.00010532979494057704,two-sided 95% Wilson interval; conditional on the vector panel and synthetic IID draws,SYNTHETIC
fractional_offsets,fixed_six_v2_vectors,sparse_and_zeros,0.25,0.390625,0.45,existing_nominal_decoder,abs_error_le_0.25,2000,1893,0.9465,0.935754264314357,0.955533812463484,0.0535,0.04446618753651599,0.06424573568564296,,,,,0.9474431452829533,0.06330014947656447,0.07943601933659444,0.00025284977310269995,two-sided 95% Wilson interval; conditional on the vector panel and synthetic IID draws,SYNTHETIC
fractional_offsets,fixed_six_v2_vectors,sparse_and_zeros,0.25,0.390625,0.45,oracle_best_integer_timing,abs_error_le_0.25,2000,1893,0.9465,0.935754264314357,0.955533812463484,0.0535,0.04446618753651599,0.06424573568564296,,,,,0.9474431452829533,0.06330014947656447,0.07943601933659444,0.00025284977310269995,two-sided 95% Wilson interval; conditional on the vector panel and synthetic IID draws,SYNTHETIC
fractional_offsets,fixed_six_v2_vectors,sparse_and_zeros,0.25,0.390625,0.45,blind_matched_filter_energy_search,abs_error_le_0.25,2000,1893,0.9465,0.935754264314357,0.955533812463484,0.0535,0.04446618753651599,0.06424573568564296,2000,1.0,0.9980829527187469,0.9999999999999998,,0.06330014947656447,0.07943601933659444,0.00025284977310269995,two-sided 95% Wilson interval; conditional on the vector panel and synthetic IID draws,SYNTHETIC
fractional_offsets,fixed_six_v2_vectors,boundary_values,0.25,0.390625,0.45,existing_nominal_decoder,abs_error_le_0.25,2000,1911,0.9555,0.9455562350551854,0.9636973348715931,0.0445,0.03630266512840685,0.05444376494481462,,,,,0.9458728079976747,0.06381023121068724,0.07996633590870408,0.00017149062720961356,two-sided 95% Wilson interval; conditional on the vector panel and synthetic IID draws,SYNTHETIC
fractional_offsets,fixed_six_v2_vectors,boundary_values,0.25,0.390625,0.45,oracle_best_integer_timing,abs_error_le_0.25,2000,1911,0.9555,0.9455562350551854,0.9636973348715931,0.0445,0.03630266512840685,0.05444376494481462,,,,,0.9458728079976747,0.06381023121068724,0.07996633590870408,0.00017149062720961356,two-sided 95% Wilson interval; conditional on the vector panel and synthetic IID draws,SYNTHETIC
fractional_offsets,fixed_six_v2_vectors,boundary_values,0.25,0.390625,0.45,blind_matched_filter_energy_search,abs_error_le_0.25,2000,1911,0.9555,0.9455562350551854,0.9636973348715931,0.0445,0.03630266512840685,0.05444376494481462,2000,1.0,0.9980829527187469,0.9999999999999998,,0.06381023121068724,0.07996633590870408,0.00017149062720961356,two-sided 95% Wilson interval; conditional on the vector panel and synthetic IID draws,SYNTHETIC
fractional_offsets,fixed_six_v2_vectors,randomized_1,0.25,0.390625,0.45,existing_nominal_decoder,abs_error_le_0.25,2000,1891,0.9455,0.9346702670259668,0.9546216438464368,0.0545,0.045378356153563226,0.06532973297403322,,,,,0.9458519026304472,0.06367862534463392,0.07970475791091337,-0.0009319906305836011,two-sided 95% Wilson interval; conditional on the vector panel and synthetic IID draws,SYNTHETIC
fractional_offsets,fixed_six_v2_vectors,randomized_1,0.25,0.390625,0.45,oracle_best_integer_timing,abs_error_le_0.25,2000,1891,0.9455,0.9346702670259668,0.9546216438464368,0.0545,0.045378356153563226,0.06532973297403322,,,,,0.9458519026304472,0.06367862534463392,0.07970475791091337,-0.0009319906305836011,two-sided 95% Wilson interval; conditional on the vector panel and synthetic IID draws,SYNTHETIC
fractional_offsets,fixed_six_v2_vectors,randomized_1,0.25,0.390625,0.45,blind_matched_filter_energy_search,abs_error_le_0.25,2000,1891,0.9455,0.9346702670259668,0.9546216438464368,0.0545,0.045378356153563226,0.06532973297403322,2000,1.0,0.9980829527187469,0.9999999999999998,,0.06367862534463392,0.07970475791091337,-0.0009319906305836011,two-sided 95% Wilson interval; conditional on the vector panel and synthetic IID draws,SYNTHETIC
fractional_offsets,fixed_six_v2_vectors,randomized_2,0.25,0.390625,0.45,existing_nominal_decoder,abs_error_le_0.25,2000,1892,0.946,0.9352121487009426,0.9550778451241797,0.054,0.0449221548758203,0.0647878512990574,,,,,0.945929795835215,0.06373896943328586,0.07988227349190863,0.000659273258474605,two-sided 95% Wilson interval; conditional on the vector panel and synthetic IID draws,SYNTHETIC
fractional_offsets,fixed_six_v2_vectors,randomized_2,0.25,0.390625,0.45,oracle_best_integer_timing,abs_error_le_0.25,2000,1892,0.946,0.9352121487009426,0.9550778451241797,0.054,0.0449221548758203,0.0647878512990574,,,,,0.945929795835215,0.06373896943328586,0.07988227349190863,0.000659273258474605,two-sided 95% Wilson interval; conditional on the vector panel and synthetic IID draws,SYNTHETIC
fractional_offsets,fixed_six_v2_vectors,randomized_2,0.25,0.390625,0.45,blind_matched_filter_energy_search,abs_error_le_0.25,2000,1892,0.946,0.9352121487009426,0.9550778451241797,0.054,0.0449221548758203,0.0647878512990574,2000,1.0,0.9980829527187469,0.9999999999999998,,0.06373896943328586,0.07988227349190863,0.000659273258474605,two-sided 95% Wilson interval; conditional on the vector panel and synthetic IID draws,SYNTHETIC
fractional_offsets,fixed_six_v2_vectors,randomized_3,0.25,0.390625,0.45,existing_nominal_decoder,abs_error_le_0.25,2000,1892,0.946,0.9352121487009426,0.9550778451241797,0.054,0.0449221548758203,0.0647878512990574,,,,,0.9466597484701393,0.06377986219534731,0.07999400997862764,-0.00043015657245832646,two-sided 95% Wilson interval; conditional on the vector panel and synthetic IID draws,SYNTHETIC
fractional_offsets,fixed_six_v2_vectors,randomized_3,0.25,0.390625,0.45,oracle_best_integer_timing,abs_error_le_0.25,2000,1892,0.946,0.9352121487009426,0.9550778451241797,0.054,0.0449221548758203,0.0647878512990574,,,,,0.9466597484701393,0.06377986219534731,0.07999400997862764,-0.00043015657245832646,two-sided 95% Wilson interval; conditional on the vector panel and synthetic IID draws,SYNTHETIC
fractional_offsets,fixed_six_v2_vectors,randomized_3,0.25,0.390625,0.45,blind_matched_filter_energy_search,abs_error_le_0.25,2000,1892,0.946,0.9352121487009426,0.9550778451241797,0.054,0.0449221548758203,0.0647878512990574,2000,1.0,0.9980829527187469,0.9999999999999998,,0.06377986219534731,0.07999400997862764,-0.00043015657245832646,two-sided 95% Wilson interval; conditional on the vector panel and synthetic IID draws,SYNTHETIC
fractional_offsets,fixed_six_v2_vectors,POOLED_ALL_VECTORS,0.25,0.390625,0.45,existing_nominal_decoder,abs_error_le_0.25,12000,11352,0.946,0.9418115047536423,0.9499030381883137,0.054,0.050096961811686325,0.05818849524635772,,,,,0.9463306675638125,0.06366888029388942,0.07980729504272242,-2.8867291552405323e-05,two-sided 95% Wilson interval; conditional on the vector panel and synthetic IID draws,SYNTHETIC
fractional_offsets,fixed_six_v2_vectors,POOLED_ALL_VECTORS,0.25,0.390625,0.45,oracle_best_integer_timing,abs_error_le_0.25,12000,11352,0.946,0.9418115047536423,0.9499030381883137,0.054,0.050096961811686325,0.05818849524635772,,,,,0.9463306675638125,0.06366888029388942,0.07980729504272242,-2.8867291552405323e-05,two-sided 95% Wilson interval; conditional on the vector panel and synthetic IID draws,SYNTHETIC
fractional_offsets,fixed_six_v2_vectors,POOLED_ALL_VECTORS,0.25,0.390625,0.45,blind_matched_filter_energy_search,abs_error_le_0.25,12000,11352,0.946,0.9418115047536423,0.9499030381883137,0.054,0.050096961811686325,0.05818849524635772,12000,1.0,0.9996799808766326,1.0,,0.06366888029388942,0.07980729504272242,-2.8867291552405323e-05,two-sided 95% Wilson interval; conditional on the vector panel and synthetic IID draws,SYNTHETIC
fractional_offsets,fixed_six_v2_vectors,mixed_signs,0.5,0.78125,0.0,existing_nominal_decoder,abs_error_le_0.25,1,1,1.0,,,0.0,,,,,,,1.0,0.02071586956526697,0.02403340630748268,9.540979117872439e-18,deterministic; no sampling interval,SYNTHETIC
fractional_offsets,fixed_six_v2_vectors,mixed_signs,0.5,0.78125,0.0,oracle_best_integer_timing,abs_error_le_0.25,1,1,1.0,,,0.0,,,,,,,1.0,0.02071586956526697,0.02403340630748268,9.540979117872439e-18,deterministic; no sampling interval,SYNTHETIC
fractional_offsets,fixed_six_v2_vectors,mixed_signs,0.5,0.78125,0.0,blind_matched_filter_energy_search,abs_error_le_0.25,1,1,1.0,,,0.0,,,1,1.0,,,,0.02071586956526697,0.02403340630748268,9.540979117872439e-18,deterministic; no sampling interval,SYNTHETIC
fractional_offsets,fixed_six_v2_vectors,sparse_and_zeros,0.5,0.78125,0.0,existing_nominal_decoder,abs_error_le_0.25,1,1,1.0,,,0.0,,,,,,,1.0,0.0040531049149435385,0.011424530411406312,0.0004503449905492859,deterministic; no sampling interval,SYNTHETIC
fractional_offsets,fixed_six_v2_vectors,sparse_and_zeros,0.5,0.78125,0.0,oracle_best_integer_timing,abs_error_le_0.25,1,1,1.0,,,0.0,,,,,,,1.0,0.0040531049149435385,0.011424530411406312,0.0004503449905492859,deterministic; no sampling interval,SYNTHETIC
fractional_offsets,fixed_six_v2_vectors,sparse_and_zeros,0.5,0.78125,0.0,blind_matched_filter_energy_search,abs_error_le_0.25,1,1,1.0,,,0.0,,,1,1.0,,,,0.0040531049149435385,0.011424530411406312,0.0004503449905492859,deterministic; no sampling interval,SYNTHETIC
fractional_offsets,fixed_six_v2_vectors,boundary_values,0.5,0.78125,0.0,existing_nominal_decoder,abs_error_le_0.25,1,1,1.0,,,0.0,,,,,,,1.0,0.021016099558966495,0.026580026234987016,3.642919299551295e-17,deterministic; no sampling interval,SYNTHETIC
fractional_offsets,fixed_six_v2_vectors,boundary_values,0.5,0.78125,0.0,oracle_best_integer_timing,abs_error_le_0.25,1,1,1.0,,,0.0,,,,,,,1.0,0.021016099558966495,0.026580026234987016,3.642919299551295e-17,deterministic; no sampling interval,SYNTHETIC
fractional_offsets,fixed_six_v2_vectors,boundary_values,0.5,0.78125,0.0,blind_matched_filter_energy_search,abs_error_le_0.25,1,1,1.0,,,0.0,,,1,1.0,,,,0.021016099558966495,0.026580026234987016,3.642919299551295e-17,deterministic; no sampling interval,SYNTHETIC
fractional_offsets,fixed_six_v2_vectors,randomized_1,0.5,0.78125,0.0,existing_nominal_decoder,abs_error_le_0.25,1,1,1.0,,,0.0,,,,,,,1.0,0.0247300782059411,0.026747875531016742,-0.003313338374172003,deterministic; no sampling interval,SYNTHETIC
fractional_offsets,fixed_six_v2_vectors,randomized_1,0.5,0.78125,0.0,oracle_best_integer_timing,abs_error_le_0.25,1,1,1.0,,,0.0,,,,,,,1.0,0.0247300782059411,0.026747875531016742,-0.003313338374172003,deterministic; no sampling interval,SYNTHETIC
fractional_offsets,fixed_six_v2_vectors,randomized_1,0.5,0.78125,0.0,blind_matched_filter_energy_search,abs_error_le_0.25,1,1,1.0,,,0.0,,,1,1.0,,,,0.0247300782059411,0.026747875531016742,-0.003313338374172003,deterministic; no sampling interval,SYNTHETIC
fractional_offsets,fixed_six_v2_vectors,randomized_2,0.5,0.78125,0.0,existing_nominal_decoder,abs_error_le_0.25,1,1,1.0,,,0.0,,,,,,,1.0,0.02415062531635809,0.026209320478030096,0.002669919414260792,deterministic; no sampling interval,SYNTHETIC
fractional_offsets,fixed_six_v2_vectors,randomized_2,0.5,0.78125,0.0,oracle_best_integer_timing,abs_error_le_0.25,1,1,1.0,,,0.0,,,,,,,1.0,0.02415062531635809,0.026209320478030096,0.002669919414260792,deterministic; no sampling interval,SYNTHETIC
fractional_offsets,fixed_six_v2_vectors,randomized_2,0.5,0.78125,0.0,blind_matched_filter_energy_search,abs_error_le_0.25,1,1,1.0,,,0.0,,,1,1.0,,,,0.02415062531635809,0.026209320478030096,0.002669919414260792,deterministic; no sampling interval,SYNTHETIC
fractional_offsets,fixed_six_v2_vectors,randomized_3,0.5,0.78125,0.0,existing_nominal_decoder,abs_error_le_0.25,1,1,1.0,,,0.0,,,,,,,1.0,0.01794607247484844,0.020467793247239345,0.0012789069130353433,deterministic; no sampling interval,SYNTHETIC
fractional_offsets,fixed_six_v2_vectors,randomized_3,0.5,0.78125,0.0,oracle_best_integer_timing,abs_error_le_0.25,1,1,1.0,,,0.0,,,,,,,1.0,0.01794607247484844,0.020467793247239345,0.0012789069130353433,deterministic; no sampling interval,SYNTHETIC
fractional_offsets,fixed_six_v2_vectors,randomized_3,0.5,0.78125,0.0,blind_matched_filter_energy_search,abs_error_le_0.25,1,1,1.0,,,0.0,,,1,1.0,,,,0.01794607247484844,0.020467793247239345,0.0012789069130353433,deterministic; no sampling interval,SYNTHETIC
fractional_offsets,fixed_six_v2_vectors,POOLED_ALL_VECTORS,0.5,0.78125,0.0,existing_nominal_decoder,abs_error_le_0.25,6,6,1.0,,,0.0,,,,,,,1.0,0.018768641672720774,0.023223300778416785,0.00018097215727891068,deterministic; no sampling interval,SYNTHETIC
fractional_offsets,fixed_six_v2_vectors,POOLED_ALL_VECTORS,0.5,0.78125,0.0,oracle_best_integer_timing,abs_error_le_0.25,6,6,1.0,,,0.0,,,,,,,1.0,0.018768641672720774,0.023223300778416785,0.00018097215727891068,deterministic; no sampling interval,SYNTHETIC
fractional_offsets,fixed_six_v2_vectors,POOLED_ALL_VECTORS,0.5,0.78125,0.0,blind_matched_filter_energy_search,abs_error_le_0.25,6,6,1.0,,,0.0,,,6,1.0,,,,0.018768641672720774,0.023223300778416785,0.00018097215727891068,deterministic; no sampling interval,SYNTHETIC
fractional_offsets,fixed_six_v2_vectors,mixed_signs,0.5,0.78125,0.45,existing_nominal_decoder,abs_error_le_0.25,2000,1838,0.919,0.9062239429175495,0.9301695714607606,0.081,0.06983042853923938,0.09377605708245051,,,,,0.9209440542198758,0.06638069686440685,0.08314711342574424,6.943511514154066e-06,two-sided 95% Wilson interval; conditional on the vector panel and synthetic IID draws,SYNTHETIC
fractional_offsets,fixed_six_v2_vectors,mixed_signs,0.5,0.78125,0.45,oracle_best_integer_timing,abs_error_le_0.25,2000,1838,0.919,0.9062239429175495,0.9301695714607606,0.081,0.06983042853923938,0.09377605708245051,,,,,0.9209440542198758,0.06638069686440685,0.08314711342574424,6.943511514154066e-06,two-sided 95% Wilson interval; conditional on the vector panel and synthetic IID draws,SYNTHETIC
fractional_offsets,fixed_six_v2_vectors,mixed_signs,0.5,0.78125,0.45,blind_matched_filter_energy_search,abs_error_le_0.25,2000,1836,0.918,0.9051591653543039,0.9292381831185688,0.082,0.07076181688143124,0.09484083464569615,1765,0.8825,0.8676485316803879,0.8958849271494533,,0.0664235727267641,0.08324398621349816,-8.604004180544886e-05,two-sided 95% Wilson interval; conditional on the vector panel and synthetic IID draws,SYNTHETIC
fractional_offsets,fixed_six_v2_vectors,sparse_and_zeros,0.5,0.78125,0.45,existing_nominal_decoder,abs_error_le_0.25,2000,1887,0.9435,0.9325050206793213,0.9527945583822073,0.0565,0.04720544161779272,0.06749497932067872,,,,,0.9415410363698241,0.06384734761060715,0.08008494044990436,0.0003628128399017498,two-sided 95% Wilson interval; conditional on the vector panel and synthetic IID draws,SYNTHETIC
fractional_offsets,fixed_six_v2_vectors,sparse_and_zeros,0.5,0.78125,0.45,oracle_best_integer_timing,abs_error_le_0.25,2000,1887,0.9435,0.9325050206793213,0.9527945583822073,0.0565,0.04720544161779272,0.06749497932067872,,,,,0.9415410363698241,0.06384734761060715,0.08008494044990436,0.0003628128399017498,two-sided 95% Wilson interval; conditional on the vector panel and synthetic IID draws,SYNTHETIC
fractional_offsets,fixed_six_v2_vectors,sparse_and_zeros,0.5,0.78125,0.45,blind_matched_filter_energy_search,abs_error_le_0.25,2000,1887,0.9435,0.9325050206793213,0.9527945583822073,0.0565,0.04720544161779272,0.06749497932067872,1769,0.8845,0.8697490309603848,0.8977767596803314,,0.06389756990644195,0.08015173355875024,0.0003928171254279903,two-sided 95% Wilson interval; conditional on the vector panel and synthetic IID draws,SYNTHETIC
fractional_offsets,fixed_six_v2_vectors,boundary_values,0.5,0.78125,0.45,existing_nominal_decoder,abs_error_le_0.25,2000,1826,0.913,0.8998429921623659,0.9245735267833193,0.087,0.07542647321668072,0.10015700783763415,,,,,0.9142468027979941,0.06663281037943206,0.08349557427734042,-0.00017498951595136807,two-sided 95% Wilson interval; conditional on the vector panel and synthetic IID draws,SYNTHETIC
fractional_offsets,fixed_six_v2_vectors,boundary_values,0.5,0.78125,0.45,oracle_best_integer_timing,abs_error_le_0.25,2000,1826,0.913,0.8998429921623659,0.9245735267833193,0.087,0.07542647321668072,0.10015700783763415,,,,,0.9142468027979941,0.06663281037943206,0.08349557427734042,-0.00017498951595136807,two-sided 95% Wilson interval; conditional on the vector panel and synthetic IID draws,SYNTHETIC
fractional_offsets,fixed_six_v2_vectors,boundary_values,0.5,0.78125,0.45,blind_matched_filter_energy_search,abs_error_le_0.25,2000,1826,0.913,0.8998429921623659,0.9245735267833193,0.087,0.07542647321668072,0.10015700783763415,1939,0.9695,0.9610172880930726,0.9761826045098309,,0.06667513265362754,0.08354130728193462,-0.0002258148485216057,two-sided 95% Wilson interval; conditional on the vector panel and synthetic IID draws,SYNTHETIC
fractional_offsets,fixed_six_v2_vectors,randomized_1,0.5,0.78125,0.45,existing_nominal_decoder,abs_error_le_0.25,2000,1834,0.917,0.904094913280437,0.9283062692869981,0.083,0.07169373071300189,0.09590508671956299,,,,,0.9147027234093406,0.06716677078144727,0.08415457174785441,-0.0030430748303462716,two-sided 95% Wilson interval; conditional on the vector panel and synthetic IID draws,SYNTHETIC
fractional_offsets,fixed_six_v2_vectors,randomized_1,0.5,0.78125,0.45,oracle_best_integer_timing,abs_error_le_0.25,2000,1834,0.917,0.904094913280437,0.9283062692869981,0.083,0.07169373071300189,0.09590508671956299,,,,,0.9147027234093406,0.06716677078144727,0.08415457174785441,-0.0030430748303462716,two-sided 95% Wilson interval; conditional on the vector panel and synthetic IID draws,SYNTHETIC
fractional_offsets,fixed_six_v2_vectors,randomized_1,0.5,0.78125,0.45,blind_matched_filter_energy_search,abs_error_le_0.25,2000,1833,0.9165,0.903562981613867,0.9278401180008492,0.0835,0.0721598819991508,0.09643701838613306,1995,0.9975,0.9941608466835673,0.9989316912715861,,0.06716664532874383,0.08415701210467481,-0.00302733423241642,two-sided 95% Wilson interval; conditional on the vector panel and synthetic IID draws,SYNTHETIC
fractional_offsets,fixed_six_v2_vectors,randomized_2,0.5,0.78125,0.45,existing_nominal_decoder,abs_error_le_0.25,2000,1835,0.9175,0.9046269741728359,0.9287722913473178,0.0825,0.07122770865268224,0.09537302582716412,,,,,0.9160855864545456,0.06706691530776326,0.08393382672609434,0.002022335334334126,two-sided 95% Wilson interval; conditional on the vector panel and synthetic IID draws,SYNTHETIC
fractional_offsets,fixed_six_v2_vectors,randomized_2,0.5,0.78125,0.45,oracle_best_integer_timing,abs_error_le_0.25,2000,1835,0.9175,0.9046269741728359,0.9287722913473178,0.0825,0.07122770865268224,0.09537302582716412,,,,,0.9160855864545456,0.06706691530776326,0.08393382672609434,0.002022335334334126,two-sided 95% Wilson interval; conditional on the vector panel and synthetic IID draws,SYNTHETIC
fractional_offsets,fixed_six_v2_vectors,randomized_2,0.5,0.78125,0.45,blind_matched_filter_energy_search,abs_error_le_0.25,2000,1835,0.9175,0.9046269741728359,0.9287722913473178,0.0825,0.07122770865268224,0.09537302582716412,1990,0.995,0.990820304050058,0.9972818191415014,,0.0670745742544765,0.08394521508136274,0.0020165950256598605,two-sided 95% Wilson interval; conditional on the vector panel and synthetic IID draws,SYNTHETIC
fractional_offsets,fixed_six_v2_vectors,randomized_3,0.5,0.78125,0.45,existing_nominal_decoder,abs_error_le_0.25,2000,1873,0.9365,0.9249532738540492,0.9463731438694168,0.0635,0.053626856130583156,0.07504672614595076,,,,,0.9285980226733963,0.06547365373798202,0.08200358954933268,0.000853652260682146,two-sided 95% Wilson interval; conditional on the vector panel and synthetic IID draws,SYNTHETIC
fractional_offsets,fixed_six_v2_vectors,randomized_3,0.5,0.78125,0.45,oracle_best_integer_timing,abs_error_le_0.25,2000,1873,0.9365,0.9249532738540492,0.9463731438694168,0.0635,0.053626856130583156,0.07504672614595076,,,,,0.9285980226733963,0.06547365373798202,0.08200358954933268,0.000853652260682146,two-sided 95% Wilson interval; conditional on the vector panel and synthetic IID draws,SYNTHETIC
fractional_offsets,fixed_six_v2_vectors,randomized_3,0.5,0.78125,0.45,blind_matched_filter_energy_search,abs_error_le_0.25,2000,1872,0.936,0.9244153341233007,0.9459130006474469,0.064,0.05408699935255312,0.07558466587669932,1981,0.9905,0.9852096168457007,0.9939097597713902,,0.06547599086464811,0.08201091568434306,0.0008643729798109285,two-sided 95% Wilson interval; conditional on the vector panel and synthetic IID draws,SYNTHETIC
fractional_offsets,fixed_six_v2_vectors,POOLED_ALL_VECTORS,0.5,0.78125,0.45,existing_nominal_decoder,abs_error_le_0.25,12000,11093,0.9244166666666667,0.9195502700508575,0.9290114203832573,0.07558333333333334,0.07098857961674265,0.08044972994914246,,,,,0.9226863709874961,0.06609469911360644,0.08281507410663774,4.613266689089378e-06,two-sided 95% Wilson interval; conditional on the vector panel and synthetic IID draws,SYNTHETIC
fractional_offsets,fixed_six_v2_vectors,POOLED_ALL_VECTORS,0.5,0.78125,0.45,oracle_best_integer_timing,abs_error_le_0.25,12000,11093,0.9244166666666667,0.9195502700508575,0.9290114203832573,0.07558333333333334,0.07098857961674265,0.08044972994914246,,,,,0.9226863709874961,0.06609469911360644,0.08281507410663774,4.613266689089378e-06,two-sided 95% Wilson interval; conditional on the vector panel and synthetic IID draws,SYNTHETIC
fractional_offsets,fixed_six_v2_vectors,POOLED_ALL_VECTORS,0.5,0.78125,0.45,blind_matched_filter_energy_search,abs_error_le_0.25,12000,11089,0.9240833333333334,0.9192074893905015,0.928687747723029,0.07591666666666666,0.07131225227697102,0.08079251060949855,11439,0.95325,0.9493257303361353,0.9568841723285322,,0.066118914289117,0.08285328777261211,-1.0900665307449292e-05,two-sided 95% Wilson interval; conditional on the vector panel and synthetic IID draws,SYNTHETIC
fractional_offsets,fixed_six_v2_vectors,mixed_signs,0.75,1.171875,0.0,existing_nominal_decoder,abs_error_le_0.25,1,1,1.0,,,0.0,,,,,,,1.0,0.0464237005387123,0.053858210191400024,-3.729655473350135e-17,deterministic; no sampling interval,SYNTHETIC
fractional_offsets,fixed_six_v2_vectors,mixed_signs,0.75,1.171875,0.0,oracle_best_integer_timing,abs_error_le_0.25,1,1,1.0,,,0.0,,,,,,,1.0,0.011311960811815264,0.01997445410757312,-0.000547587638148557,deterministic; no sampling interval,SYNTHETIC
fractional_offsets,fixed_six_v2_vectors,mixed_signs,0.75,1.171875,0.0,blind_matched_filter_energy_search,abs_error_le_0.25,1,1,1.0,,,0.0,,,1,1.0,,,,0.011311960811815264,0.01997445410757312,-0.000547587638148557,deterministic; no sampling interval,SYNTHETIC
fractional_offsets,fixed_six_v2_vectors,sparse_and_zeros,0.75,1.171875,0.0,existing_nominal_decoder,abs_error_le_0.25,1,1,1.0,,,0.0,,,,,,,1.0,0.009082897931487189,0.025602062078232776,0.0010092108812763444,deterministic; no sampling interval,SYNTHETIC
fractional_offsets,fixed_six_v2_vectors,sparse_and_zeros,0.75,1.171875,0.0,oracle_best_integer_timing,abs_error_le_0.25,1,1,1.0,,,0.0,,,,,,,1.0,0.006272563043809869,0.0134552980041419,0.0007699631343986762,deterministic; no sampling interval,SYNTHETIC
fractional_offsets,fixed_six_v2_vectors,sparse_and_zeros,0.75,1.171875,0.0,blind_matched_filter_energy_search,abs_error_le_0.25,1,1,1.0,,,0.0,,,1,1.0,,,,0.006272563043809869,0.0134552980041419,0.0007699631343986762,deterministic; no sampling interval,SYNTHETIC
fractional_offsets,fixed_six_v2_vectors,boundary_values,0.75,1.171875,0.0,existing_nominal_decoder,abs_error_le_0.25,1,1,1.0,,,0.0,,,,,,,1.0,0.04709650779289652,0.05956511621954938,-3.642919299551295e-17,deterministic; no sampling interval,SYNTHETIC
fractional_offsets,fixed_six_v2_vectors,boundary_values,0.75,1.171875,0.0,oracle_best_integer_timing,abs_error_le_0.25,1,1,1.0,,,0.0,,,,,,,1.0,0.01677967993017771,0.025512975212207682,-0.0008761402210377067,deterministic; no sampling interval,SYNTHETIC
fractional_offsets,fixed_six_v2_vectors,boundary_values,0.75,1.171875,0.0,blind_matched_filter_energy_search,abs_error_le_0.25,1,1,1.0,,,0.0,,,1,1.0,,,,0.01677967993017771,0.025512975212207682,-0.0008761402210377067,deterministic; no sampling interval,SYNTHETIC
fractional_offsets,fixed_six_v2_vectors,randomized_1,0.75,1.171875,0.0,existing_nominal_decoder,abs_error_le_0.25,1,1,1.0,,,0.0,,,,,,,1.0,0.055419432976949554,0.05994126192900004,-0.0074251012240336735,deterministic; no sampling interval,SYNTHETIC
fractional_offsets,fixed_six_v2_vectors,randomized_1,0.75,1.171875,0.0,oracle_best_integer_timing,abs_error_le_0.25,1,1,1.0,,,0.0,,,,,,,1.0,0.025874854644166237,0.032297122861185544,-0.0016644757251549763,deterministic; no sampling interval,SYNTHETIC
fractional_offsets,fixed_six_v2_vectors,randomized_1,0.75,1.171875,0.0,blind_matched_filter_energy_search,abs_error_le_0.25,1,1,1.0,,,0.0,,,1,1.0,,,,0.025874854644166237,0.032297122861185544,-0.0016644757251549763,deterministic; no sampling interval,SYNTHETIC
fractional_offsets,fixed_six_v2_vectors,randomized_2,0.75,1.171875,0.0,existing_nominal_decoder,abs_error_le_0.25,1,1,1.0,,,0.0,,,,,,,1.0,0.054120894803712696,0.05873437469577557,0.005983216826096932,deterministic; no sampling interval,SYNTHETIC
fractional_offsets,fixed_six_v2_vectors,randomized_2,0.75,1.171875,0.0,oracle_best_integer_timing,abs_error_le_0.25,1,1,1.0,,,0.0,,,,,,,1.0,0.025538860640329578,0.030036884601959916,0.0005443912520994914,deterministic; no sampling interval,SYNTHETIC
fractional_offsets,fixed_six_v2_vectors,randomized_2,0.75,1.171875,0.0,blind_matched_filter_energy_search,abs_error_le_0.25,1,1,1.0,,,0.0,,,1,1.0,,,,0.025538860640329578,0.030036884601959916,0.0005443912520994914,deterministic; no sampling interval,SYNTHETIC
fractional_offsets,fixed_six_v2_vectors,randomized_3,0.75,1.171875,0.0,existing_nominal_decoder,abs_error_le_0.25,1,1,1.0,,,0.0,,,,,,,1.0,0.040216660555501604,0.04586776825392065,0.002865995625266256,deterministic; no sampling interval,SYNTHETIC
fractional_offsets,fixed_six_v2_vectors,randomized_3,0.75,1.171875,0.0,oracle_best_integer_timing,abs_error_le_0.25,1,1,1.0,,,0.0,,,,,,,1.0,0.021885839059871653,0.025878192503803254,0.0007657164639387377,deterministic; no sampling interval,SYNTHETIC
fractional_offsets,fixed_six_v2_vectors,randomized_3,0.75,1.171875,0.0,blind_matched_filter_energy_search,abs_error_le_0.25,1,1,1.0,,,0.0,,,1,1.0,,,,0.021885839059871653,0.025878192503803254,0.0007657164639387377,deterministic; no sampling interval,SYNTHETIC
fractional_offsets,fixed_six_v2_vectors,POOLED_ALL_VECTORS,0.75,1.171875,0.0,existing_nominal_decoder,abs_error_le_0.25,6,6,1.0,,,0.0,,,,,,,1.0,0.042060015766543314,0.05204278572333098,0.0004055536847676307,deterministic; no sampling interval,SYNTHETIC
fractional_offsets,fixed_six_v2_vectors,POOLED_ALL_VECTORS,0.75,1.171875,0.0,oracle_best_integer_timing,abs_error_le_0.25,6,6,1.0,,,0.0,,,,,,,1.0,0.01794395968836172,0.025317764495904196,-0.00016802212231738925,deterministic; no sampling interval,SYNTHETIC
fractional_offsets,fixed_six_v2_vectors,POOLED_ALL_VECTORS,0.75,1.171875,0.0,blind_matched_filter_energy_search,abs_error_le_0.25,6,6,1.0,,,0.0,,,6,1.0,,,,0.01794395968836172,0.025317764495904196,-0.00016802212231738925,deterministic; no sampling interval,SYNTHETIC
fractional_offsets,fixed_six_v2_vectors,mixed_signs,0.75,1.171875,0.45,existing_nominal_decoder,abs_error_le_0.25,2000,1532,0.766,0.7469460837538275,0.784034047092546,0.234,0.21596595290745402,0.25305391624617246,,,,,0.7784539678773993,0.07749502119231699,0.09659917023451434,0.00012243950437065837,two-sided 95% Wilson interval; conditional on the vector panel and synthetic IID draws,SYNTHETIC
fractional_offsets,fixed_six_v2_vectors,mixed_signs,0.75,1.171875,0.45,oracle_best_integer_timing,abs_error_le_0.25,2000,1871,0.9355,0.9238775789943177,0.9454526728237109,0.0645,0.05454732717628907,0.07612242100568234,,,,,0.9269162334632982,0.0655878643258956,0.08225138310090119,-0.0004921599893307004,two-sided 95% Wilson interval; conditional on the vector panel and synthetic IID draws,SYNTHETIC
fractional_offsets,fixed_six_v2_vectors,mixed_signs,0.75,1.171875,0.45,blind_matched_filter_energy_search,abs_error_le_0.25,2000,1871,0.9355,0.9238775789943177,0.9454526728237109,0.0645,0.05454732717628907,0.07612242100568234,2000,1.0,0.9980829527187469,0.9999999999999998,,0.0655878643258956,0.08225138310090119,-0.0004921599893307004,two-sided 95% Wilson interval; conditional on the vector panel and synthetic IID draws,SYNTHETIC
fractional_offsets,fixed_six_v2_vectors,sparse_and_zeros,0.75,1.171875,0.45,existing_nominal_decoder,abs_error_le_0.25,2000,1824,0.912,0.8987812438332999,0.9236391092069477,0.088,0.0763608907930523,0.10121875616670006,,,,,0.9033706024467246,0.06653469553745199,0.08359450491945192,0.000636706019750231,two-sided 95% Wilson interval; conditional on the vector panel and synthetic IID draws,SYNTHETIC
fractional_offsets,fixed_six_v2_vectors,sparse_and_zeros,0.75,1.171875,0.45,oracle_best_integer_timing,abs_error_le_0.25,2000,1892,0.946,0.9352121487009426,0.9550778451241797,0.054,0.0449221548758203,0.0647878512990574,,,,,0.9392713741073464,0.06451337254246296,0.08086851719287805,0.0003780760721051295,two-sided 95% Wilson interval; conditional on the vector panel and synthetic IID draws,SYNTHETIC
fractional_offsets,fixed_six_v2_vectors,sparse_and_zeros,0.75,1.171875,0.45,blind_matched_filter_energy_search,abs_error_le_0.25,2000,1892,0.946,0.9352121487009426,0.9550778451241797,0.054,0.0449221548758203,0.0647878512990574,1983,0.9915,0.9864293102622139,0.9946862322603145,,0.06452714088191061,0.08089485365221377,0.0003673608630547678,two-sided 95% Wilson interval; conditional on the vector panel and synthetic IID draws,SYNTHETIC
fractional_offsets,fixed_six_v2_vectors,boundary_values,0.75,1.171875,0.45,existing_nominal_decoder,abs_error_le_0.25,2000,1477,0.7385,0.718796358480818,0.7572892099660243,0.2615,0.24271079003397567,0.281203641519182,,,,,0.7272712298152538,0.07961089754891426,0.09900505898529356,0.0005091876067499988,two-sided 95% Wilson interval; conditional on the vector panel and synthetic IID draws,SYNTHETIC
fractional_offsets,fixed_six_v2_vectors,boundary_values,0.75,1.171875,0.45,oracle_best_integer_timing,abs_error_le_0.25,2000,1821,0.9105,0.897189514623585,0.9222365895585062,0.0895,0.07776341044149382,0.10281048537641502,,,,,0.9122450948287091,0.06652253536389863,0.08357370960120296,-0.0007213180614658533,two-sided 95% Wilson interval; conditional on the vector panel and synthetic IID draws,SYNTHETIC
fractional_offsets,fixed_six_v2_vectors,boundary_values,0.75,1.171875,0.45,blind_matched_filter_energy_search,abs_error_le_0.25,2000,1821,0.9105,0.897189514623585,0.9222365895585062,0.0895,0.07776341044149382,0.10281048537641502,2000,1.0,0.9980829527187469,0.9999999999999998,,0.06652253536389863,0.08357370960120296,-0.0007213180614658533,two-sided 95% Wilson interval; conditional on the vector panel and synthetic IID draws,SYNTHETIC
fractional_offsets,fixed_six_v2_vectors,randomized_1,0.75,1.171875,0.45,existing_nominal_decoder,abs_error_le_0.25,2000,1449,0.7245,0.7045036477617654,0.743635598008952,0.2755,0.25636440199104804,0.29549635223823456,,,,,0.7440457036383555,0.08052034355292986,0.09970386918605187,-0.007642086415050969,two-sided 95% Wilson interval; conditional on the vector panel and synthetic IID draws,SYNTHETIC
fractional_offsets,fixed_six_v2_vectors,randomized_1,0.75,1.171875,0.45,oracle_best_integer_timing,abs_error_le_0.25,2000,1788,0.894,0.8797451436838335,0.9067442230585392,0.106,0.09325577694146081,0.1202548563161665,,,,,0.8939759136617637,0.0683187523431699,0.08564796780822032,-0.002020740481165692,two-sided 95% Wilson interval; conditional on the vector panel and synthetic IID draws,SYNTHETIC
fractional_offsets,fixed_six_v2_vectors,randomized_1,0.75,1.171875,0.45,blind_matched_filter_energy_search,abs_error_le_0.25,2000,1788,0.894,0.8797451436838335,0.9067442230585392,0.106,0.09325577694146081,0.1202548563161665,2000,1.0,0.9980829527187469,0.9999999999999998,,0.0683187523431699,0.08564796780822032,-0.002020740481165692,two-sided 95% Wilson interval; conditional on the vector panel and synthetic IID draws,SYNTHETIC
fractional_offsets,fixed_six_v2_vectors,randomized_2,0.75,1.171875,0.45,existing_nominal_decoder,abs_error_le_0.25,2000,1511,0.7555,0.7361858377496823,0.7738345510895973,0.2445,0.2261654489104027,0.26381416225031773,,,,,0.753160643640392,0.07984174523356358,0.0989908914069766,0.006045866705857024,two-sided 95% Wilson interval; conditional on the vector panel and synthetic IID draws,SYNTHETIC
fractional_offsets,fixed_six_v2_vectors,randomized_2,0.75,1.171875,0.45,oracle_best_integer_timing,abs_error_le_0.25,2000,1804,0.902,0.8881889015430704,0.9142697924428023,0.098,0.08573020755719774,0.1118110984569296,,,,,0.9033143540695056,0.06778295056459203,0.08494657082623958,0.0005700993179783047,two-sided 95% Wilson interval; conditional on the vector panel and synthetic IID draws,SYNTHETIC
fractional_offsets,fixed_six_v2_vectors,randomized_2,0.75,1.171875,0.45,blind_matched_filter_energy_search,abs_error_le_0.25,2000,1804,0.902,0.8881889015430704,0.9142697924428023,0.098,0.08573020755719774,0.1118110984569296,2000,1.0,0.9980829527187469,0.9999999999999998,,0.06778295056459203,0.08494657082623958,0.0005700993179783047,two-sided 95% Wilson interval; conditional on the vector panel and synthetic IID draws,SYNTHETIC
fractional_offsets,fixed_six_v2_vectors,randomized_3,0.75,1.171875,0.45,existing_nominal_decoder,abs_error_le_0.25,2000,1665,0.8325,0.81550022975326,0.8482249338047069,0.1675,0.15177506619529313,0.18449977024674002,,,,,0.8301711792505729,0.07324062861362776,0.09149256663302162,0.00304613795227478,two-sided 95% Wilson interval; conditional on the vector panel and synthetic IID draws,SYNTHETIC
fractional_offsets,fixed_six_v2_vectors,randomized_3,0.75,1.171875,0.45,oracle_best_integer_timing,abs_error_le_0.25,2000,1806,0.903,0.8892461760423876,0.9152086838489225,0.097,0.08479131615107749,0.11075382395761235,,,,,0.9158209371111417,0.06661092325960415,0.0834129955031695,0.0008953568742396421,two-sided 95% Wilson interval; conditional on the vector panel and synthetic IID draws,SYNTHETIC
fractional_offsets,fixed_six_v2_vectors,randomized_3,0.75,1.171875,0.45,blind_matched_filter_energy_search,abs_error_le_0.25,2000,1806,0.903,0.8892461760423876,0.9152086838489225,0.097,0.08479131615107749,0.11075382395761235,2000,1.0,0.9980829527187469,0.9999999999999998,,0.06661092325960415,0.0834129955031695,0.0008953568742396421,two-sided 95% Wilson interval; conditional on the vector panel and synthetic IID draws,SYNTHETIC
fractional_offsets,fixed_six_v2_vectors,POOLED_ALL_VECTORS,0.75,1.171875,0.45,existing_nominal_decoder,abs_error_le_0.25,12000,9458,0.7881666666666667,0.780764257109426,0.7953846385358065,0.21183333333333335,0.20461536146419346,0.21923574289057401,,,,,0.7894122211114496,0.07620722194646741,0.09507224490593237,0.00045304189565862057,two-sided 95% Wilson interval; conditional on the vector panel and synthetic IID draws,SYNTHETIC
fractional_offsets,fixed_six_v2_vectors,POOLED_ALL_VECTORS,0.75,1.171875,0.45,oracle_best_integer_timing,abs_error_le_0.25,12000,10982,0.9151666666666667,0.9100475381291293,0.920020072658768,0.08483333333333333,0.07997992734123205,0.08995246187087069,,,,,0.9152573178736274,0.06655606639993722,0.08346535622152791,-0.00023178104460652826,two-sided 95% Wilson interval; conditional on the vector panel and synthetic IID draws,SYNTHETIC
fractional_offsets,fixed_six_v2_vectors,POOLED_ALL_VECTORS,0.75,1.171875,0.45,blind_matched_filter_energy_search,abs_error_le_0.25,12000,10982,0.9151666666666667,0.9100475381291293,0.920020072658768,0.08483333333333333,0.07997992734123205,0.08995246187087069,11983,0.9985833333333334,0.9977322741707438,0.999115280093405,,0.06655836112317849,0.08346960964881925,-0.00023356691278158856,two-sided 95% Wilson interval; conditional on the vector panel and synthetic IID draws,SYNTHETIC
fractional_offsets,fixed_six_v2_vectors,mixed_signs,1.0,1.5625,0.0,existing_nominal_decoder,abs_error_le_0.25,1,1,1.0,,,0.0,,,,,,,1.0,0.08576696172711216,0.1003222345427374,0.0005285118165489974,deterministic; no sampling interval,SYNTHETIC
fractional_offsets,fixed_six_v2_vectors,mixed_signs,1.0,1.5625,0.0,oracle_best_integer_timing,abs_error_le_0.25,1,1,1.0,,,0.0,,,,,,,1.0,3.469446951953614e-17,8.326672684688674e-17,-6.938893903907228e-18,deterministic; no sampling interval,SYNTHETIC
fractional_offsets,fixed_six_v2_vectors,mixed_signs,1.0,1.5625,0.0,blind_matched_filter_energy_search,abs_error_le_0.25,1,1,1.0,,,0.0,,,1,1.0,,,,3.469446951953614e-17,8.326672684688674e-17,-6.938893903907228e-18,deterministic; no sampling interval,SYNTHETIC
fractional_offsets,fixed_six_v2_vectors,sparse_and_zeros,1.0,1.5625,0.0,existing_nominal_decoder,abs_error_le_0.25,1,1,1.0,,,0.0,,,,,,,1.0,0.01909560405605735,0.05044910599762836,0.0023125852733157245,deterministic; no sampling interval,SYNTHETIC
fractional_offsets,fixed_six_v2_vectors,sparse_and_zeros,1.0,1.5625,0.0,oracle_best_integer_timing,abs_error_le_0.25,1,1,1.0,,,0.0,,,,,,,1.0,0.0,0.0,0.0,deterministic; no sampling interval,SYNTHETIC
fractional_offsets,fixed_six_v2_vectors,sparse_and_zeros,1.0,1.5625,0.0,blind_matched_filter_energy_search,abs_error_le_0.25,1,1,1.0,,,0.0,,,1,1.0,,,,0.0,0.0,0.0,deterministic; no sampling interval,SYNTHETIC
fractional_offsets,fixed_six_v2_vectors,boundary_values,1.0,1.5625,0.0,existing_nominal_decoder,abs_error_le_0.25,1,1,1.0,,,0.0,,,,,,,1.0,0.08932513214765786,0.11308624740263515,0.0005285118165490026,deterministic; no sampling interval,SYNTHETIC
fractional_offsets,fixed_six_v2_vectors,boundary_values,1.0,1.5625,0.0,oracle_best_integer_timing,abs_error_le_0.25,1,1,1.0,,,0.0,,,,,,,1.0,1.3877787807814457e-17,5.551115123125783e-17,-1.3877787807814457e-17,deterministic; no sampling interval,SYNTHETIC
fractional_offsets,fixed_six_v2_vectors,boundary_values,1.0,1.5625,0.0,blind_matched_filter_energy_search,abs_error_le_0.25,1,1,1.0,,,0.0,,,1,1.0,,,,1.3877787807814457e-17,5.551115123125783e-17,-1.3877787807814457e-17,deterministic; no sampling interval,SYNTHETIC
fractional_offsets,fixed_six_v2_vectors,randomized_1,1.0,1.5625,0.0,existing_nominal_decoder,abs_error_le_0.25,1,1,1.0,,,0.0,,,,,,,1.0,0.10766197050550891,0.11825955592173253,-0.012649345193047163,deterministic; no sampling interval,SYNTHETIC
fractional_offsets,fixed_six_v2_vectors,randomized_1,1.0,1.5625,0.0,oracle_best_integer_timing,abs_error_le_0.25,1,1,1.0,,,0.0,,,,,,,1.0,5.377642775528102e-17,1.0614466625631893e-16,-1.734723475976807e-18,deterministic; no sampling interval,SYNTHETIC
fractional_offsets,fixed_six_v2_vectors,randomized_1,1.0,1.5625,0.0,blind_matched_filter_energy_search,abs_error_le_0.25,1,1,1.0,,,0.0,,,1,1.0,,,,5.377642775528102e-17,1.0614466625631893e-16,-1.734723475976807e-18,deterministic; no sampling interval,SYNTHETIC
fractional_offsets,fixed_six_v2_vectors,randomized_2,1.0,1.5625,0.0,existing_nominal_decoder,abs_error_le_0.25,1,1,1.0,,,0.0,,,,,,,1.0,0.10583181330855357,0.11448095323314555,0.010899524587707902,deterministic; no sampling interval,SYNTHETIC
fractional_offsets,fixed_six_v2_vectors,randomized_2,1.0,1.5625,0.0,oracle_best_integer_timing,abs_error_le_0.25,1,1,1.0,,,0.0,,,,,,,1.0,3.122502256758253e-17,8.092071311423672e-17,-1.734723475976807e-17,deterministic; no sampling interval,SYNTHETIC
fractional_offsets,fixed_six_v2_vectors,randomized_2,1.0,1.5625,0.0,blind_matched_filter_energy_search,abs_error_le_0.25,1,1,1.0,,,0.0,,,1,1.0,,,,3.122502256758253e-17,8.092071311423672e-17,-1.734723475976807e-17,deterministic; no sampling interval,SYNTHETIC
fractional_offsets,fixed_six_v2_vectors,randomized_3,1.0,1.5625,0.0,existing_nominal_decoder,abs_error_le_0.25,1,1,1.0,,,0.0,,,,,,,1.0,0.0812792609372881,0.09129357772637103,0.004980591826232633,deterministic; no sampling interval,SYNTHETIC
fractional_offsets,fixed_six_v2_vectors,randomized_3,1.0,1.5625,0.0,oracle_best_integer_timing,abs_error_le_0.25,1,1,1.0,,,0.0,,,,,,,1.0,3.165870343657673e-17,9.816143974602446e-17,-2.3852447794681098e-17,deterministic; no sampling interval,SYNTHETIC
fractional_offsets,fixed_six_v2_vectors,randomized_3,1.0,1.5625,0.0,blind_matched_filter_energy_search,abs_error_le_0.25,1,1,1.0,,,0.0,,,1,1.0,,,,3.165870343657673e-17,9.816143974602446e-17,-2.3852447794681098e-17,deterministic; no sampling interval,SYNTHETIC
fractional_offsets,fixed_six_v2_vectors,POOLED_ALL_VECTORS,1.0,1.5625,0.0,existing_nominal_decoder,abs_error_le_0.25,6,6,1.0,,,0.0,,,,,,,1.0,0.08149345711369632,0.1006842349007314,0.0011000633545511825,deterministic; no sampling interval,SYNTHETIC
fractional_offsets,fixed_six_v2_vectors,POOLED_ALL_VECTORS,1.0,1.5625,0.0,oracle_best_integer_timing,abs_error_le_0.25,6,6,1.0,,,0.0,,,,,,,1.0,2.7538735181131813e-17,7.902041503034511e-17,-1.0625181290357943e-17,deterministic; no sampling interval,SYNTHETIC
fractional_offsets,fixed_six_v2_vectors,POOLED_ALL_VECTORS,1.0,1.5625,0.0,blind_matched_filter_energy_search,abs_error_le_0.25,6,6,1.0,,,0.0,,,6,1.0,,,,2.7538735181131813e-17,7.902041503034511e-17,-1.0625181290357943e-17,deterministic; no sampling interval,SYNTHETIC
fractional_offsets,fixed_six_v2_vectors,mixed_signs,1.0,1.5625,0.45,existing_nominal_decoder,abs_error_le_0.25,2000,537,0.2685,0.2495345229290757,0.28835306996214444,0.7315,0.7116469300378556,0.7504654770709243,,,,,0.2680380645285007,0.1050697476201485,0.12772613335376992,0.0008442512037188144,two-sided 95% Wilson interval; conditional on the vector panel and synthetic IID draws,SYNTHETIC
fractional_offsets,fixed_six_v2_vectors,mixed_signs,1.0,1.5625,0.45,oracle_best_integer_timing,abs_error_le_0.25,2000,1897,0.9485,0.9379251286390549,0.9573552799496612,0.0515,0.042644720050338814,0.06207487136094514,,,,,0.9477992034686994,0.06340180708906332,0.07937187065634625,0.00027663817836693646,two-sided 95% Wilson interval; conditional on the vector panel and synthetic IID draws,SYNTHETIC
fractional_offsets,fixed_six_v2_vectors,mixed_signs,1.0,1.5625,0.45,blind_matched_filter_energy_search,abs_error_le_0.25,2000,1897,0.9485,0.9379251286390549,0.9573552799496612,0.0515,0.042644720050338814,0.06207487136094514,2000,1.0,0.9980829527187469,0.9999999999999998,,0.06340180708906332,0.07937187065634625,0.00027663817836693646,two-sided 95% Wilson interval; conditional on the vector panel and synthetic IID draws,SYNTHETIC
fractional_offsets,fixed_six_v2_vectors,sparse_and_zeros,1.0,1.5625,0.45,existing_nominal_decoder,abs_error_le_0.25,2000,1218,0.609,0.5874245015303575,0.6301575821623292,0.391,0.3698424178376708,0.4125754984696425,,,,,0.627326954764686,0.07384296613387661,0.09479414853230365,0.00210803270037219,two-sided 95% Wilson interval; conditional on the vector panel and synthetic IID draws,SYNTHETIC
fractional_offsets,fixed_six_v2_vectors,sparse_and_zeros,1.0,1.5625,0.45,oracle_best_integer_timing,abs_error_le_0.25,2000,1897,0.9485,0.9379251286390549,0.9573552799496612,0.0515,0.042644720050338814,0.06207487136094514,,,,,0.9477992034686994,0.06384311864875074,0.08002525239916615,-0.0002014032245865141,two-sided 95% Wilson interval; conditional on the vector panel and synthetic IID draws,SYNTHETIC
fractional_offsets,fixed_six_v2_vectors,sparse_and_zeros,1.0,1.5625,0.45,blind_matched_filter_energy_search,abs_error_le_0.25,2000,1897,0.9485,0.9379251286390549,0.9573552799496612,0.0515,0.042644720050338814,0.06207487136094514,2000,1.0,0.9980829527187469,0.9999999999999998,,0.06384311864875074,0.08002525239916615,-0.0002014032245865141,two-sided 95% Wilson interval; conditional on the vector panel and synthetic IID draws,SYNTHETIC
fractional_offsets,fixed_six_v2_vectors,boundary_values,1.0,1.5625,0.45,existing_nominal_decoder,abs_error_le_0.25,2000,203,0.1015,0.0890195479939982,0.11550833868916041,0.8985,0.8844916613108396,0.9109804520060019,,,,,0.1111145530223989,0.11334167213196308,0.13854806390350097,0.0005088314085748948,two-sided 95% Wilson interval; conditional on the vector panel and synthetic IID draws,SYNTHETIC
fractional_offsets,fixed_six_v2_vectors,boundary_values,1.0,1.5625,0.45,oracle_best_integer_timing,abs_error_le_0.25,2000,1908,0.954,0.9439163444279334,0.9623429766406889,0.046,0.03765702335931109,0.056083655572066626,,,,,0.9477992034686994,0.06371863502163265,0.0798392814025331,5.405374116679989e-06,two-sided 95% Wilson interval; conditional on the vector panel and synthetic IID draws,SYNTHETIC
fractional_offsets,fixed_six_v2_vectors,boundary_values,1.0,1.5625,0.45,blind_matched_filter_energy_search,abs_error_le_0.25,2000,1908,0.954,0.9439163444279334,0.9623429766406889,0.046,0.03765702335931109,0.056083655572066626,2000,1.0,0.9980829527187469,0.9999999999999998,,0.06371863502163265,0.0798392814025331,5.405374116679989e-06,two-sided 95% Wilson interval; conditional on the vector panel and synthetic IID draws,SYNTHETIC
fractional_offsets,fixed_six_v2_vectors,randomized_1,1.0,1.5625,0.45,existing_nominal_decoder,abs_error_le_0.25,2000,271,0.1355,0.12119707349524274,0.1512004539727906,0.8645,0.8487995460272094,0.8788029265047572,,,,,0.12941646308127824,0.11954480448251428,0.14215003561112088,-0.012528195756114734,two-sided 95% Wilson interval; conditional on the vector panel and synthetic IID draws,SYNTHETIC
fractional_offsets,fixed_six_v2_vectors,randomized_1,1.0,1.5625,0.45,oracle_best_integer_timing,abs_error_le_0.25,2000,1902,0.951,0.9406443633026171,0.9596264600496927,0.049,0.04037353995030735,0.05935563669738286,,,,,0.9477992034686994,0.06319650353366439,0.07918987998088915,0.00015738280801203718,two-sided 95% Wilson interval; conditional on the vector panel and synthetic IID draws,SYNTHETIC
fractional_offsets,fixed_six_v2_vectors,randomized_1,1.0,1.5625,0.45,blind_matched_filter_energy_search,abs_error_le_0.25,2000,1902,0.951,0.9406443633026171,0.9596264600496927,0.049,0.04037353995030735,0.05935563669738286,2000,1.0,0.9980829527187469,0.9999999999999998,,0.06319650353366439,0.07918987998088915,0.00015738280801203718,two-sided 95% Wilson interval; conditional on the vector panel and synthetic IID draws,SYNTHETIC
fractional_offsets,fixed_six_v2_vectors,randomized_2,1.0,1.5625,0.45,existing_nominal_decoder,abs_error_le_0.25,2000,300,0.15,0.1350225249497082,0.1663194081471688,0.85,0.8336805918528312,0.8649774750502918,,,,,0.16097754225506627,0.1170591763986578,0.13947970053753803,0.011337638215289509,two-sided 95% Wilson interval; conditional on the vector panel and synthetic IID draws,SYNTHETIC
fractional_offsets,fixed_six_v2_vectors,randomized_2,1.0,1.5625,0.45,oracle_best_integer_timing,abs_error_le_0.25,2000,1885,0.9425,0.9314237261895166,0.9518796869665744,0.0575,0.048120313033425566,0.06857627381048337,,,,,0.9477992034686994,0.063573935743947,0.07970832482669939,0.00045328838099304293,two-sided 95% Wilson interval; conditional on the vector panel and synthetic IID draws,SYNTHETIC
fractional_offsets,fixed_six_v2_vectors,randomized_2,1.0,1.5625,0.45,blind_matched_filter_energy_search,abs_error_le_0.25,2000,1885,0.9425,0.9314237261895166,0.9518796869665744,0.0575,0.048120313033425566,0.06857627381048337,2000,1.0,0.9980829527187469,0.9999999999999998,,0.063573935743947,0.07970832482669939,0.00045328838099304293,two-sided 95% Wilson interval; conditional on the vector panel and synthetic IID draws,SYNTHETIC
fractional_offsets,fixed_six_v2_vectors,randomized_3,1.0,1.5625,0.45,existing_nominal_decoder,abs_error_le_0.25,2000,800,0.4,0.3787411080417044,0.4216423014145461,0.6,0.5783576985854539,0.6212588919582955,,,,,0.36577860158010705,0.09857298822747257,0.12041414485158576,0.004639848932954336,two-sided 95% Wilson interval; conditional on the vector panel and synthetic IID draws,SYNTHETIC
fractional_offsets,fixed_six_v2_vectors,randomized_3,1.0,1.5625,0.45,oracle_best_integer_timing,abs_error_le_0.25,2000,1920,0.96,0.9504930634412283,0.9677432530600187,0.04,0.03225674693998126,0.0495069365587717,,,,,0.9477992034686994,0.06293840854786727,0.07889396677474993,-0.00028200200630994497,two-sided 95% Wilson interval; conditional on the vector panel and synthetic IID draws,SYNTHETIC
fractional_offsets,fixed_six_v2_vectors,randomized_3,1.0,1.5625,0.45,blind_matched_filter_energy_search,abs_error_le_0.25,2000,1920,0.96,0.9504930634412283,0.9677432530600187,0.04,0.03225674693998126,0.0495069365587717,2000,1.0,0.9980829527187469,0.9999999999999998,,0.06293840854786727,0.07889396677474993,-0.00028200200630994497,two-sided 95% Wilson interval; conditional on the vector panel and synthetic IID draws,SYNTHETIC
fractional_offsets,fixed_six_v2_vectors,POOLED_ALL_VECTORS,1.0,1.5625,0.45,existing_nominal_decoder,abs_error_le_0.25,12000,3329,0.27741666666666664,0.2694782135535423,0.2854975816262101,0.7225833333333334,0.7145024183737899,0.7305217864464577,,,,,0.27710869653867287,0.10457189249910546,0.12822912274226225,0.0011517344507991686,two-sided 95% Wilson interval; conditional on the vector panel and synthetic IID draws,SYNTHETIC
fractional_offsets,fixed_six_v2_vectors,POOLED_ALL_VECTORS,1.0,1.5625,0.45,oracle_best_integer_timing,abs_error_le_0.25,12000,11409,0.95075,0.9467320550697356,0.9544794476905485,0.04925,0.04552055230945151,0.05326794493026443,,,,,0.9477992034686994,0.0634454014308209,0.0795057208208236,6.821825176537283e-05,two-sided 95% Wilson interval; conditional on the vector panel and synthetic IID draws,SYNTHETIC
fractional_offsets,fixed_six_v2_vectors,POOLED_ALL_VECTORS,1.0,1.5625,0.45,blind_matched_filter_energy_search,abs_error_le_0.25,12000,11409,0.95075,0.9467320550697356,0.9544794476905485,0.04925,0.04552055230945151,0.05326794493026443,12000,1.0,0.9996799808766326,1.0,,0.0634454014308209,0.0795057208208236,6.821825176537283e-05,two-sided 95% Wilson interval; conditional on the vector panel and synthetic IID draws,SYNTHETIC
fractional_offsets,fixed_six_v2_vectors,mixed_signs,1.5,2.34375,0.0,existing_nominal_decoder,abs_error_le_0.25,1,0,0.0,,,1.0,,,,,,,0.0,0.18604707329101053,0.21662070346957735,0.0006214641506703108,deterministic; no sampling interval,SYNTHETIC
fractional_offsets,fixed_six_v2_vectors,mixed_signs,1.5,2.34375,0.0,oracle_best_integer_timing,abs_error_le_0.25,1,1,1.0,,,0.0,,,,,,,1.0,0.02071586956526697,0.02403340630748268,9.540979117872439e-18,deterministic; no sampling interval,SYNTHETIC
fractional_offsets,fixed_six_v2_vectors,mixed_signs,1.5,2.34375,0.0,blind_matched_filter_energy_search,abs_error_le_0.25,1,1,1.0,,,0.0,,,1,1.0,,,,0.02071586956526697,0.02403340630748268,9.540979117872439e-18,deterministic; no sampling interval,SYNTHETIC
fractional_offsets,fixed_six_v2_vectors,sparse_and_zeros,1.5,2.34375,0.0,existing_nominal_decoder,abs_error_le_0.25,1,0,0.0,,,1.0,,,,,,,0.0,0.03912279752128624,0.10622190173141115,0.004571395112329414,deterministic; no sampling interval,SYNTHETIC
fractional_offsets,fixed_six_v2_vectors,sparse_and_zeros,1.5,2.34375,0.0,oracle_best_integer_timing,abs_error_le_0.25,1,1,1.0,,,0.0,,,,,,,1.0,0.0040531049149435385,0.011424530411406312,0.0004503449905492859,deterministic; no sampling interval,SYNTHETIC
fractional_offsets,fixed_six_v2_vectors,sparse_and_zeros,1.5,2.34375,0.0,blind_matched_filter_energy_search,abs_error_le_0.25,1,1,1.0,,,0.0,,,1,1.0,,,,0.0040531049149435385,0.011424530411406312,0.0004503449905492859,deterministic; no sampling interval,SYNTHETIC
fractional_offsets,fixed_six_v2_vectors,boundary_values,1.5,2.34375,0.0,existing_nominal_decoder,abs_error_le_0.25,1,0,0.0,,,1.0,,,,,,,0.0,0.1914558829783376,0.24203256138913098,0.0006214641506702735,deterministic; no sampling interval,SYNTHETIC
fractional_offsets,fixed_six_v2_vectors,boundary_values,1.5,2.34375,0.0,oracle_best_integer_timing,abs_error_le_0.25,1,1,1.0,,,0.0,,,,,,,1.0,0.021016099558966495,0.026580026234987016,3.642919299551295e-17,deterministic; no sampling interval,SYNTHETIC
fractional_offsets,fixed_six_v2_vectors,boundary_values,1.5,2.34375,0.0,blind_matched_filter_energy_search,abs_error_le_0.25,1,1,1.0,,,0.0,,,1,1.0,,,,0.021016099558966495,0.026580026234987016,3.642919299551295e-17,deterministic; no sampling interval,SYNTHETIC
fractional_offsets,fixed_six_v2_vectors,randomized_1,1.5,2.34375,0.0,existing_nominal_decoder,abs_error_le_0.25,1,0,0.0,,,1.0,,,,,,,0.0,0.22830165825292242,0.24877232042084058,-0.028500445466030467,deterministic; no sampling interval,SYNTHETIC
fractional_offsets,fixed_six_v2_vectors,randomized_1,1.5,2.34375,0.0,oracle_best_integer_timing,abs_error_le_0.25,1,1,1.0,,,0.0,,,,,,,1.0,0.0247300782059411,0.026747875531016742,-0.003313338374172003,deterministic; no sampling interval,SYNTHETIC
fractional_offsets,fixed_six_v2_vectors,randomized_1,1.5,2.34375,0.0,blind_matched_filter_energy_search,abs_error_le_0.25,1,1,1.0,,,0.0,,,1,1.0,,,,0.0247300782059411,0.026747875531016742,-0.003313338374172003,deterministic; no sampling interval,SYNTHETIC
fractional_offsets,fixed_six_v2_vectors,randomized_2,1.5,2.34375,0.0,existing_nominal_decoder,abs_error_le_0.25,1,0,0.0,,,1.0,,,,,,,0.0,0.22349386487406353,0.24211107985999605,0.023796758290048854,deterministic; no sampling interval,SYNTHETIC
fractional_offsets,fixed_six_v2_vectors,randomized_2,1.5,2.34375,0.0,oracle_best_integer_timing,abs_error_le_0.25,1,1,1.0,,,0.0,,,,,,,1.0,0.02415062531635809,0.026209320478030096,0.002669919414260792,deterministic; no sampling interval,SYNTHETIC
fractional_offsets,fixed_six_v2_vectors,randomized_2,1.5,2.34375,0.0,blind_matched_filter_energy_search,abs_error_le_0.25,1,1,1.0,,,0.0,,,1,1.0,,,,0.02415062531635809,0.026209320478030096,0.002669919414260792,deterministic; no sampling interval,SYNTHETIC
fractional_offsets,fixed_six_v2_vectors,randomized_3,1.5,2.34375,0.0,existing_nominal_decoder,abs_error_le_0.25,1,0,0.0,,,1.0,,,,,,,0.0,0.16937906663753605,0.19129741526992222,0.011116171101568319,deterministic; no sampling interval,SYNTHETIC
fractional_offsets,fixed_six_v2_vectors,randomized_3,1.5,2.34375,0.0,oracle_best_integer_timing,abs_error_le_0.25,1,1,1.0,,,0.0,,,,,,,1.0,0.01794607247484844,0.020467793247239345,0.0012789069130353433,deterministic; no sampling interval,SYNTHETIC
fractional_offsets,fixed_six_v2_vectors,randomized_3,1.5,2.34375,0.0,blind_matched_filter_energy_search,abs_error_le_0.25,1,1,1.0,,,0.0,,,1,1.0,,,,0.01794607247484844,0.020467793247239345,0.0012789069130353433,deterministic; no sampling interval,SYNTHETIC
fractional_offsets,fixed_six_v2_vectors,POOLED_ALL_VECTORS,1.5,2.34375,0.0,existing_nominal_decoder,abs_error_le_0.25,6,0,0.0,,,1.0,,,,,,,0.0,0.1729667239258594,0.21365374083594987,0.0020378012232094497,deterministic; no sampling interval,SYNTHETIC
fractional_offsets,fixed_six_v2_vectors,POOLED_ALL_VECTORS,1.5,2.34375,0.0,oracle_best_integer_timing,abs_error_le_0.25,6,6,1.0,,,0.0,,,,,,,1.0,0.018768641672720774,0.023223300778416785,0.00018097215727891068,deterministic; no sampling interval,SYNTHETIC
fractional_offsets,fixed_six_v2_vectors,POOLED_ALL_VECTORS,1.5,2.34375,0.0,blind_matched_filter_energy_search,abs_error_le_0.25,6,6,1.0,,,0.0,,,6,1.0,,,,0.018768641672720774,0.023223300778416785,0.00018097215727891068,deterministic; no sampling interval,SYNTHETIC
fractional_offsets,fixed_six_v2_vectors,mixed_signs,1.5,2.34375,0.45,existing_nominal_decoder,abs_error_le_0.25,2000,0,0.0,1.0842021724855044e-19,0.001917047281252934,1.0,0.998082952718747,1.0,,,,,2.648610273133767e-09,0.19734507752874605,0.23100652837718136,0.0007104794394308292,two-sided 95% Wilson interval; conditional on the vector panel and synthetic IID draws,SYNTHETIC
fractional_offsets,fixed_six_v2_vectors,mixed_signs,1.5,2.34375,0.45,oracle_best_integer_timing,abs_error_le_0.25,2000,1860,0.93,0.9179739154089434,0.9403774239291792,0.07,0.059622576070820776,0.08202608459105665,,,,,0.9209440542198758,0.06641508433881697,0.08316548067064441,-8.099976766065054e-06,two-sided 95% Wilson interval; conditional on the vector panel and synthetic IID draws,SYNTHETIC
fractional_offsets,fixed_six_v2_vectors,mixed_signs,1.5,2.34375,0.45,blind_matched_filter_energy_search,abs_error_le_0.25,2000,1849,0.9245,0.9120900214010068,0.9352824054572093,0.0755,0.06471759454279069,0.08790997859899319,1766,0.883,0.86817353316771,0.8963580086148503,,0.0664754187317607,0.08326940803462161,-0.00010282874125552766,two-sided 95% Wilson interval; conditional on the vector panel and synthetic IID draws,SYNTHETIC
fractional_offsets,fixed_six_v2_vectors,sparse_and_zeros,1.5,2.34375,0.45,existing_nominal_decoder,abs_error_le_0.25,2000,3,0.0015,0.0005102635836384819,0.004401032555770693,0.9985,0.9955989674442293,0.9994897364163615,,,,,0.002551466338850603,0.09211320667535307,0.13268766104560148,0.004573325064251487,two-sided 95% Wilson interval; conditional on the vector panel and synthetic IID draws,SYNTHETIC
fractional_offsets,fixed_six_v2_vectors,sparse_and_zeros,1.5,2.34375,0.45,oracle_best_integer_timing,abs_error_le_0.25,2000,1869,0.9345,0.9228026146574697,0.9445314712551214,0.0655,0.05546852874487862,0.07719738534253029,,,,,0.9415410363698241,0.06397116284613019,0.08021368862117623,0.00033336509158859637,two-sided 95% Wilson interval; conditional on the vector panel and synthetic IID draws,SYNTHETIC
fractional_offsets,fixed_six_v2_vectors,sparse_and_zeros,1.5,2.34375,0.45,blind_matched_filter_energy_search,abs_error_le_0.25,2000,1869,0.9345,0.9228026146574697,0.9445314712551214,0.0655,0.05546852874487862,0.07719738534253029,1770,0.885,0.8702743628704945,0.8982495107229407,,0.06412915447214257,0.0803635618711758,0.0002896101846527116,two-sided 95% Wilson interval; conditional on the vector panel and synthetic IID draws,SYNTHETIC
fractional_offsets,fixed_six_v2_vectors,boundary_values,1.5,2.34375,0.45,existing_nominal_decoder,abs_error_le_0.25,2000,0,0.0,1.0842021724855044e-19,0.001917047281252934,1.0,0.998082952718747,1.0,,,,,1.7936363255124797e-14,0.20995642495692687,0.2546788844143489,0.0008354189459041922,two-sided 95% Wilson interval; conditional on the vector panel and synthetic IID draws,SYNTHETIC
fractional_offsets,fixed_six_v2_vectors,boundary_values,1.5,2.34375,0.45,oracle_best_integer_timing,abs_error_le_0.25,2000,1823,0.9115,0.8982505492332389,0.9231717208542898,0.0885,0.07682827914571022,0.10174945076676112,,,,,0.9142468027979941,0.06676178119094561,0.08368806100931477,0.0003096679251315177,two-sided 95% Wilson interval; conditional on the vector panel and synthetic IID draws,SYNTHETIC
fractional_offsets,fixed_six_v2_vectors,boundary_values,1.5,2.34375,0.45,blind_matched_filter_energy_search,abs_error_le_0.25,2000,1823,0.9115,0.8982505492332389,0.9231717208542898,0.0885,0.07682827914571022,0.10174945076676112,1932,0.966,0.9571215720934327,0.9730917398404393,,0.0667924839193258,0.08372812464099443,0.00025678773468043765,two-sided 95% Wilson interval; conditional on the vector panel and synthetic IID draws,SYNTHETIC
fractional_offsets,fixed_six_v2_vectors,randomized_1,1.5,2.34375,0.45,existing_nominal_decoder,abs_error_le_0.25,2000,0,0.0,1.0842021724855044e-19,0.001917047281252934,1.0,0.998082952718747,1.0,,,,,6.798065439250287e-13,0.23298430084339117,0.26119446301863025,-0.028652544566902173,two-sided 95% Wilson interval; conditional on the vector panel and synthetic IID draws,SYNTHETIC
fractional_offsets,fixed_six_v2_vectors,randomized_1,1.5,2.34375,0.45,oracle_best_integer_timing,abs_error_le_0.25,2000,1836,0.918,0.9051591653543039,0.9292381831185688,0.082,0.07076181688143124,0.09484083464569615,,,,,0.9147027234093406,0.06672651856554854,0.08365164340152095,-0.003515748063630272,two-sided 95% Wilson interval; conditional on the vector panel and synthetic IID draws,SYNTHETIC
fractional_offsets,fixed_six_v2_vectors,randomized_1,1.5,2.34375,0.45,blind_matched_filter_energy_search,abs_error_le_0.25,2000,1836,0.918,0.9051591653543039,0.9292381831185688,0.082,0.07076181688143124,0.09484083464569615,2000,1.0,0.9980829527187469,0.9999999999999998,,0.06672651856554854,0.08365164340152095,-0.003515748063630272,two-sided 95% Wilson interval; conditional on the vector panel and synthetic IID draws,SYNTHETIC
fractional_offsets,fixed_six_v2_vectors,randomized_2,1.5,2.34375,0.45,existing_nominal_decoder,abs_error_le_0.25,2000,0,0.0,1.0842021724855044e-19,0.001917047281252934,1.0,0.998082952718747,1.0,,,,,1.0048398601997164e-11,0.22806968441433026,0.2548941149269627,0.023844584792823,two-sided 95% Wilson interval; conditional on the vector panel and synthetic IID draws,SYNTHETIC
fractional_offsets,fixed_six_v2_vectors,randomized_2,1.5,2.34375,0.45,oracle_best_integer_timing,abs_error_le_0.25,2000,1827,0.9135,0.9003740477452268,0.9250405541531769,0.0865,0.07495944584682313,0.09962595225477322,,,,,0.9160855864545456,0.0666271818209493,0.08341951348593403,0.0027304117594234814,two-sided 95% Wilson interval; conditional on the vector panel and synthetic IID draws,SYNTHETIC
fractional_offsets,fixed_six_v2_vectors,randomized_2,1.5,2.34375,0.45,blind_matched_filter_energy_search,abs_error_le_0.25,2000,1827,0.9135,0.9003740477452268,0.9250405541531769,0.0865,0.07495944584682313,0.09962595225477322,1991,0.9955,0.9914694867812403,0.9976307193630382,,0.06664988590638768,0.08345002271229175,0.002713770916920622,two-sided 95% Wilson interval; conditional on the vector panel and synthetic IID draws,SYNTHETIC
fractional_offsets,fixed_six_v2_vectors,randomized_3,1.5,2.34375,0.45,existing_nominal_decoder,abs_error_le_0.25,2000,0,0.0,1.0842021724855044e-19,0.001917047281252934,1.0,0.998082952718747,1.0,,,,,1.9298756614878796e-06,0.1763052745234632,0.20688354040384369,0.011271830147493717,two-sided 95% Wilson interval; conditional on the vector panel and synthetic IID draws,SYNTHETIC
fractional_offsets,fixed_six_v2_vectors,randomized_3,1.5,2.34375,0.45,oracle_best_integer_timing,abs_error_le_0.25,2000,1862,0.931,0.9190457750413559,0.9413017302022042,0.069,0.0586982697977958,0.08095422495864413,,,,,0.9285980226733963,0.06557602382157887,0.08217474734302348,0.001325033366609308,two-sided 95% Wilson interval; conditional on the vector panel and synthetic IID draws,SYNTHETIC
fractional_offsets,fixed_six_v2_vectors,randomized_3,1.5,2.34375,0.45,blind_matched_filter_energy_search,abs_error_le_0.25,2000,1862,0.931,0.9190457750413559,0.9413017302022042,0.069,0.0586982697977958,0.08095422495864413,1989,0.9945,0.9901779372483848,0.9969261029904561,,0.06558015888550625,0.08218733220844564,0.0013090658587329748,two-sided 95% Wilson interval; conditional on the vector panel and synthetic IID draws,SYNTHETIC
fractional_offsets,fixed_six_v2_vectors,POOLED_ALL_VECTORS,1.5,2.34375,0.45,existing_nominal_decoder,abs_error_le_0.25,12000,3,0.00025,8.502612075945309e-05,0.0007348329930463527,0.99975,0.9992651670069537,0.9999149738792406,,,,,0.0004255664789780842,0.1894623281570351,0.2279713879485707,0.0020971823038335087,two-sided 95% Wilson interval; conditional on the vector panel and synthetic IID draws,SYNTHETIC
fractional_offsets,fixed_six_v2_vectors,POOLED_ALL_VECTORS,1.5,2.34375,0.45,oracle_best_integer_timing,abs_error_le_0.25,12000,11077,0.9230833333333334,0.9181793069811183,0.927716570170659,0.07691666666666666,0.072283429829341,0.08182069301888173,,,,,0.9226863709874961,0.0660129587639949,0.0827279944031322,0.00019577168372609442,two-sided 95% Wilson interval; conditional on the vector panel and synthetic IID draws,SYNTHETIC
fractional_offsets,fixed_six_v2_vectors,POOLED_ALL_VECTORS,1.5,2.34375,0.45,blind_matched_filter_energy_search,abs_error_le_0.25,12000,11066,0.9221666666666667,0.9172370138990729,0.9268261166210972,0.07783333333333334,0.07317388337890285,0.08276298610092714,11448,0.954,0.9501044009293726,0.9576050217066094,,0.0660589367467786,0.08278361004948902,0.00015844298168349102,two-sided 95% Wilson interval; conditional on the vector panel and synthetic IID draws,SYNTHETIC
fractional_offsets,fixed_six_v2_vectors,mixed_signs,2.0,3.125,0.0,existing_nominal_decoder,abs_error_le_0.25,1,0,0.0,,,1.0,,,,,,,0.0,0.32060923929527085,0.3727318966199217,0.0006905339660024778,deterministic; no sampling interval,SYNTHETIC
fractional_offsets,fixed_six_v2_vectors,mixed_signs,2.0,3.125,0.0,oracle_best_integer_timing,abs_error_le_0.25,1,1,1.0,,,0.0,,,,,,,1.0,3.469446951953614e-17,8.326672684688674e-17,-6.938893903907228e-18,deterministic; no sampling interval,SYNTHETIC
fractional_offsets,fixed_six_v2_vectors,mixed_signs,2.0,3.125,0.0,blind_matched_filter_energy_search,abs_error_le_0.25,1,1,1.0,,,0.0,,,1,1.0,,,,3.469446951953614e-17,8.326672684688674e-17,-6.938893903907228e-18,deterministic; no sampling interval,SYNTHETIC
fractional_offsets,fixed_six_v2_vectors,sparse_and_zeros,2.0,3.125,0.0,existing_nominal_decoder,abs_error_le_0.25,1,0,0.0,,,1.0,,,,,,,0.0,0.06575273364797693,0.1807923635017509,0.007555218781942768,deterministic; no sampling interval,SYNTHETIC
fractional_offsets,fixed_six_v2_vectors,sparse_and_zeros,2.0,3.125,0.0,oracle_best_integer_timing,abs_error_le_0.25,1,1,1.0,,,0.0,,,,,,,1.0,0.0,0.0,0.0,deterministic; no sampling interval,SYNTHETIC
fractional_offsets,fixed_six_v2_vectors,sparse_and_zeros,2.0,3.125,0.0,blind_matched_filter_energy_search,abs_error_le_0.25,1,1,1.0,,,0.0,,,1,1.0,,,,0.0,0.0,0.0,deterministic; no sampling interval,SYNTHETIC
fractional_offsets,fixed_six_v2_vectors,boundary_values,2.0,3.125,0.0,existing_nominal_decoder,abs_error_le_0.25,1,0,0.0,,,1.0,,,,,,,0.0,0.32825648703389054,0.4149335313874042,0.0006905339660024448,deterministic; no sampling interval,SYNTHETIC
fractional_offsets,fixed_six_v2_vectors,boundary_values,2.0,3.125,0.0,oracle_best_integer_timing,abs_error_le_0.25,1,1,1.0,,,0.0,,,,,,,1.0,1.3877787807814457e-17,5.551115123125783e-17,-1.3877787807814457e-17,deterministic; no sampling interval,SYNTHETIC
fractional_offsets,fixed_six_v2_vectors,boundary_values,2.0,3.125,0.0,blind_matched_filter_energy_search,abs_error_le_0.25,1,1,1.0,,,0.0,,,1,1.0,,,,1.3877787807814457e-17,5.551115123125783e-17,-1.3877787807814457e-17,deterministic; no sampling interval,SYNTHETIC
fractional_offsets,fixed_six_v2_vectors,randomized_1,2.0,3.125,0.0,existing_nominal_decoder,abs_error_le_0.25,1,0,0.0,,,1.0,,,,,,,0.0,0.38962799771860396,0.4233256462537785,-0.04988296635133232,deterministic; no sampling interval,SYNTHETIC
fractional_offsets,fixed_six_v2_vectors,randomized_1,2.0,3.125,0.0,oracle_best_integer_timing,abs_error_le_0.25,1,1,1.0,,,0.0,,,,,,,1.0,5.377642775528102e-17,1.0614466625631893e-16,-1.734723475976807e-18,deterministic; no sampling interval,SYNTHETIC
fractional_offsets,fixed_six_v2_vectors,randomized_1,2.0,3.125,0.0,blind_matched_filter_energy_search,abs_error_le_0.25,1,1,1.0,,,0.0,,,1,1.0,,,,5.377642775528102e-17,1.0614466625631893e-16,-1.734723475976807e-18,deterministic; no sampling interval,SYNTHETIC
fractional_offsets,fixed_six_v2_vectors,randomized_2,2.0,3.125,0.0,existing_nominal_decoder,abs_error_le_0.25,1,0,0.0,,,1.0,,,,,,,0.0,0.3807358028160718,0.41296291319145356,0.041119334745200645,deterministic; no sampling interval,SYNTHETIC
fractional_offsets,fixed_six_v2_vectors,randomized_2,2.0,3.125,0.0,oracle_best_integer_timing,abs_error_le_0.25,1,1,1.0,,,0.0,,,,,,,1.0,3.122502256758253e-17,8.092071311423672e-17,-1.734723475976807e-17,deterministic; no sampling interval,SYNTHETIC
fractional_offsets,fixed_six_v2_vectors,randomized_2,2.0,3.125,0.0,blind_matched_filter_energy_search,abs_error_le_0.25,1,1,1.0,,,0.0,,,1,1.0,,,,3.122502256758253e-17,8.092071311423672e-17,-1.734723475976807e-17,deterministic; no sampling interval,SYNTHETIC
fractional_offsets,fixed_six_v2_vectors,randomized_3,2.0,3.125,0.0,existing_nominal_decoder,abs_error_le_0.25,1,0,0.0,,,1.0,,,,,,,0.0,0.2868618747454757,0.32496756604843624,0.019382375981562,deterministic; no sampling interval,SYNTHETIC
fractional_offsets,fixed_six_v2_vectors,randomized_3,2.0,3.125,0.0,oracle_best_integer_timing,abs_error_le_0.25,1,1,1.0,,,0.0,,,,,,,1.0,3.165870343657673e-17,9.816143974602446e-17,-2.3852447794681098e-17,deterministic; no sampling interval,SYNTHETIC
fractional_offsets,fixed_six_v2_vectors,randomized_3,2.0,3.125,0.0,blind_matched_filter_energy_search,abs_error_le_0.25,1,1,1.0,,,0.0,,,1,1.0,,,,3.165870343657673e-17,9.816143974602446e-17,-2.3852447794681098e-17,deterministic; no sampling interval,SYNTHETIC
fractional_offsets,fixed_six_v2_vectors,POOLED_ALL_VECTORS,2.0,3.125,0.0,existing_nominal_decoder,abs_error_le_0.25,6,0,0.0,,,1.0,,,,,,,0.0,0.295307355876215,0.3649501496458685,0.003259171848229664,deterministic; no sampling interval,SYNTHETIC
fractional_offsets,fixed_six_v2_vectors,POOLED_ALL_VECTORS,2.0,3.125,0.0,oracle_best_integer_timing,abs_error_le_0.25,6,6,1.0,,,0.0,,,,,,,1.0,2.7538735181131813e-17,7.902041503034511e-17,-1.0625181290357943e-17,deterministic; no sampling interval,SYNTHETIC
fractional_offsets,fixed_six_v2_vectors,POOLED_ALL_VECTORS,2.0,3.125,0.0,blind_matched_filter_energy_search,abs_error_le_0.25,6,6,1.0,,,0.0,,,6,1.0,,,,2.7538735181131813e-17,7.902041503034511e-17,-1.0625181290357943e-17,deterministic; no sampling interval,SYNTHETIC
fractional_offsets,fixed_six_v2_vectors,mixed_signs,2.0,3.125,0.45,existing_nominal_decoder,abs_error_le_0.25,2000,0,0.0,1.0842021724855044e-19,0.001917047281252934,1.0,0.998082952718747,1.0,,,,,1.0259746590936451e-51,0.3278535978465139,0.3812848154996918,0.0010184960397726112,two-sided 95% Wilson interval; conditional on the vector panel and synthetic IID draws,SYNTHETIC
fractional_offsets,fixed_six_v2_vectors,mixed_signs,2.0,3.125,0.45,oracle_best_integer_timing,abs_error_le_0.25,2000,1897,0.9485,0.9379251286390549,0.9573552799496612,0.0515,0.042644720050338814,0.06207487136094514,,,,,0.9477992034686994,0.0634996915209008,0.07944416570372674,0.0002535826849111345,two-sided 95% Wilson interval; conditional on the vector panel and synthetic IID draws,SYNTHETIC
fractional_offsets,fixed_six_v2_vectors,mixed_signs,2.0,3.125,0.45,blind_matched_filter_energy_search,abs_error_le_0.25,2000,1897,0.9485,0.9379251286390549,0.9573552799496612,0.0515,0.042644720050338814,0.06207487136094514,2000,1.0,0.9980829527187469,0.9999999999999998,,0.0634996915209008,0.07944416570372674,0.0002535826849111345,two-sided 95% Wilson interval; conditional on the vector panel and synthetic IID draws,SYNTHETIC
fractional_offsets,fixed_six_v2_vectors,sparse_and_zeros,2.0,3.125,0.45,existing_nominal_decoder,abs_error_le_0.25,2000,0,0.0,1.0842021724855044e-19,0.001917047281252934,1.0,0.998082952718747,1.0,,,,,1.3165579211399423e-14,0.11832819713889699,0.1978937599757555,0.007129149342261527,two-sided 95% Wilson interval; conditional on the vector panel and synthetic IID draws,SYNTHETIC
fractional_offsets,fixed_six_v2_vectors,sparse_and_zeros,2.0,3.125,0.45,oracle_best_integer_timing,abs_error_le_0.25,2000,1886,0.943,0.9319642649870394,0.9523372311217704,0.057,0.04766276887822962,0.06803573501296056,,,,,0.9477992034686994,0.06348181073423118,0.0798077836580552,-0.00022221495847279092,two-sided 95% Wilson interval; conditional on the vector panel and synthetic IID draws,SYNTHETIC
fractional_offsets,fixed_six_v2_vectors,sparse_and_zeros,2.0,3.125,0.45,blind_matched_filter_energy_search,abs_error_le_0.25,2000,1886,0.943,0.9319642649870394,0.9523372311217704,0.057,0.04766276887822962,0.06803573501296056,2000,1.0,0.9980829527187469,0.9999999999999998,,0.06348181073423118,0.0798077836580552,-0.00022221495847279092,two-sided 95% Wilson interval; conditional on the vector panel and synthetic IID draws,SYNTHETIC
fractional_offsets,fixed_six_v2_vectors,boundary_values,2.0,3.125,0.45,existing_nominal_decoder,abs_error_le_0.25,2000,0,0.0,1.0842021724855044e-19,0.001917047281252934,1.0,0.998082952718747,1.0,,,,,1.8767947329054692e-75,0.3451787380495956,0.4230174872321346,0.0004918725428370785,two-sided 95% Wilson interval; conditional on the vector panel and synthetic IID draws,SYNTHETIC
fractional_offsets,fixed_six_v2_vectors,boundary_values,2.0,3.125,0.45,oracle_best_integer_timing,abs_error_le_0.25,2000,1904,0.952,0.9417339082484883,0.9605330810092589,0.048,0.03946691899074106,0.05826609175151165,,,,,0.9477992034686994,0.06289685143181421,0.07911285290446557,-0.00027214749988843374,two-sided 95% Wilson interval; conditional on the vector panel and synthetic IID draws,SYNTHETIC
fractional_offsets,fixed_six_v2_vectors,boundary_values,2.0,3.125,0.45,blind_matched_filter_energy_search,abs_error_le_0.25,2000,1904,0.952,0.9417339082484883,0.9605330810092589,0.048,0.03946691899074106,0.05826609175151165,2000,1.0,0.9980829527187469,0.9999999999999998,,0.06289685143181421,0.07911285290446557,-0.00027214749988843374,two-sided 95% Wilson interval; conditional on the vector panel and synthetic IID draws,SYNTHETIC
fractional_offsets,fixed_six_v2_vectors,randomized_1,2.0,3.125,0.45,existing_nominal_decoder,abs_error_le_0.25,2000,0,0.0,1.0842021724855044e-19,0.001917047281252934,1.0,0.998082952718747,1.0,,,,,3.5021239616730265e-69,0.39142446924010593,0.43075668751801344,-0.050123042121005025,two-sided 95% Wilson interval; conditional on the vector panel and synthetic IID draws,SYNTHETIC
fractional_offsets,fixed_six_v2_vectors,randomized_1,2.0,3.125,0.45,oracle_best_integer_timing,abs_error_le_0.25,2000,1888,0.944,0.9330459959530119,0.9532516660612355,0.056,0.04674833393876454,0.06695400404698815,,,,,0.9477992034686994,0.06377374760433664,0.07987061428591682,5.315068635903286e-05,two-sided 95% Wilson interval; conditional on the vector panel and synthetic IID draws,SYNTHETIC
fractional_offsets,fixed_six_v2_vectors,randomized_1,2.0,3.125,0.45,blind_matched_filter_energy_search,abs_error_le_0.25,2000,1888,0.944,0.9330459959530119,0.9532516660612355,0.056,0.04674833393876454,0.06695400404698815,2000,1.0,0.9980829527187469,0.9999999999999998,,0.06377374760433664,0.07987061428591682,5.315068635903286e-05,two-sided 95% Wilson interval; conditional on the vector panel and synthetic IID draws,SYNTHETIC
fractional_offsets,fixed_six_v2_vectors,randomized_2,2.0,3.125,0.45,existing_nominal_decoder,abs_error_le_0.25,2000,0,0.0,1.0842021724855044e-19,0.001917047281252934,1.0,0.998082952718747,1.0,,,,,6.611785247972225e-64,0.3841067298827673,0.4210038771422652,0.0411954580489457,two-sided 95% Wilson interval; conditional on the vector panel and synthetic IID draws,SYNTHETIC
fractional_offsets,fixed_six_v2_vectors,randomized_2,2.0,3.125,0.45,oracle_best_integer_timing,abs_error_le_0.25,2000,1884,0.942,0.9308834016573861,0.9514219285459862,0.058,0.04857807145401383,0.06911659834261386,,,,,0.9477992034686994,0.06341660111134334,0.07966671856222383,-4.905981570002149e-05,two-sided 95% Wilson interval; conditional on the vector panel and synthetic IID draws,SYNTHETIC
fractional_offsets,fixed_six_v2_vectors,randomized_2,2.0,3.125,0.45,blind_matched_filter_energy_search,abs_error_le_0.25,2000,1884,0.942,0.9308834016573861,0.9514219285459862,0.058,0.04857807145401383,0.06911659834261386,2000,1.0,0.9980829527187469,0.9999999999999998,,0.06341660111134334,0.07966671856222383,-4.905981570002149e-05,two-sided 95% Wilson interval; conditional on the vector panel and synthetic IID draws,SYNTHETIC
fractional_offsets,fixed_six_v2_vectors,randomized_3,2.0,3.125,0.45,existing_nominal_decoder,abs_error_le_0.25,2000,0,0.0,1.0842021724855044e-19,0.001917047281252934,1.0,0.998082952718747,1.0,,,,,2.65868851877403e-34,0.29032658463746563,0.33452633592803543,0.019330587696230746,two-sided 95% Wilson interval; conditional on the vector panel and synthetic IID draws,SYNTHETIC
fractional_offsets,fixed_six_v2_vectors,randomized_3,2.0,3.125,0.45,oracle_best_integer_timing,abs_error_le_0.25,2000,1905,0.9525,0.9422790928066445,0.9609859794038216,0.0475,0.03901402059617842,0.05772090719335554,,,,,0.9477992034686994,0.06362765167508916,0.07973987949586356,-0.0003138679042176958,two-sided 95% Wilson interval; conditional on the vector panel and synthetic IID draws,SYNTHETIC
fractional_offsets,fixed_six_v2_vectors,randomized_3,2.0,3.125,0.45,blind_matched_filter_energy_search,abs_error_le_0.25,2000,1905,0.9525,0.9422790928066445,0.9609859794038216,0.0475,0.03901402059617842,0.05772090719335554,2000,1.0,0.9980829527187469,0.9999999999999998,,0.06362765167508916,0.07973987949586356,-0.0003138679042176958,two-sided 95% Wilson interval; conditional on the vector panel and synthetic IID draws,SYNTHETIC
fractional_offsets,fixed_six_v2_vectors,POOLED_ALL_VECTORS,2.0,3.125,0.45,existing_nominal_decoder,abs_error_le_0.25,12000,0,0.0,0.0,0.0003200191233674895,1.0,0.9996799808766325,1.0,,,,,2.1942632018999037e-15,0.3095363861325576,0.37376180095347555,0.0031737535915071055,two-sided 95% Wilson interval; conditional on the vector panel and synthetic IID draws,SYNTHETIC
fractional_offsets,fixed_six_v2_vectors,POOLED_ALL_VECTORS,2.0,3.125,0.45,oracle_best_integer_timing,abs_error_le_0.25,12000,11364,0.947,0.9428466468863554,0.9508672560173539,0.053,0.04913274398264611,0.057153353113644556,,,,,0.9477992034686994,0.0634493923462859,0.07960742296456287,-9.175946783479575e-05,two-sided 95% Wilson interval; conditional on the vector panel and synthetic IID draws,SYNTHETIC
fractional_offsets,fixed_six_v2_vectors,POOLED_ALL_VECTORS,2.0,3.125,0.45,blind_matched_filter_energy_search,abs_error_le_0.25,12000,11364,0.947,0.9428466468863554,0.9508672560173539,0.053,0.04913274398264611,0.057153353113644556,12000,1.0,0.9996799808766326,1.0,,0.0634493923462859,0.07960742296456287,-9.175946783479575e-05,two-sided 95% Wilson interval; conditional on the vector panel and synthetic IID draws,SYNTHETIC
fractional_offsets,fixed_six_v2_vectors,mixed_signs,3.0,4.6875,0.0,existing_nominal_decoder,abs_error_le_0.25,1,0,0.0,,,1.0,,,,,,,0.0,0.6670768418174109,0.7741099935833528,0.00021891676228896415,deterministic; no sampling interval,SYNTHETIC
fractional_offsets,fixed_six_v2_vectors,mixed_signs,3.0,4.6875,0.0,oracle_best_integer_timing,abs_error_le_0.25,1,1,1.0,,,0.0,,,,,,,1.0,3.469446951953614e-17,8.326672684688674e-17,-6.938893903907228e-18,deterministic; no sampling interval,SYNTHETIC
fractional_offsets,fixed_six_v2_vectors,mixed_signs,3.0,4.6875,0.0,blind_matched_filter_energy_search,abs_error_le_0.25,1,1,1.0,,,0.0,,,1,1.0,,,,3.469446951953614e-17,8.326672684688674e-17,-6.938893903907228e-18,deterministic; no sampling interval,SYNTHETIC
fractional_offsets,fixed_six_v2_vectors,sparse_and_zeros,3.0,4.6875,0.0,existing_nominal_decoder,abs_error_le_0.25,1,0,0.0,,,1.0,,,,,,,0.0,0.1314739848686509,0.3691254079635657,0.014687273816232246,deterministic; no sampling interval,SYNTHETIC
fractional_offsets,fixed_six_v2_vectors,sparse_and_zeros,3.0,4.6875,0.0,oracle_best_integer_timing,abs_error_le_0.25,1,1,1.0,,,0.0,,,,,,,1.0,0.0,0.0,0.0,deterministic; no sampling interval,SYNTHETIC
fractional_offsets,fixed_six_v2_vectors,sparse_and_zeros,3.0,4.6875,0.0,blind_matched_filter_energy_search,abs_error_le_0.25,1,1,1.0,,,0.0,,,1,1.0,,,,0.0,0.0,0.0,deterministic; no sampling interval,SYNTHETIC
fractional_offsets,fixed_six_v2_vectors,boundary_values,3.0,4.6875,0.0,existing_nominal_decoder,abs_error_le_0.25,1,0,0.0,,,1.0,,,,,,,0.0,0.6776303740460528,0.8569810586670851,0.0002189167622889815,deterministic; no sampling interval,SYNTHETIC
fractional_offsets,fixed_six_v2_vectors,boundary_values,3.0,4.6875,0.0,oracle_best_integer_timing,abs_error_le_0.25,1,1,1.0,,,0.0,,,,,,,1.0,1.3877787807814457e-17,5.551115123125783e-17,-1.3877787807814457e-17,deterministic; no sampling interval,SYNTHETIC
fractional_offsets,fixed_six_v2_vectors,boundary_values,3.0,4.6875,0.0,blind_matched_filter_energy_search,abs_error_le_0.25,1,1,1.0,,,0.0,,,1,1.0,,,,1.3877787807814457e-17,5.551115123125783e-17,-1.3877787807814457e-17,deterministic; no sampling interval,SYNTHETIC
fractional_offsets,fixed_six_v2_vectors,randomized_1,3.0,4.6875,0.0,existing_nominal_decoder,abs_error_le_0.25,1,0,0.0,,,1.0,,,,,,,0.0,0.7985245731214226,0.8642120436801074,-0.10625108416312701,deterministic; no sampling interval,SYNTHETIC
fractional_offsets,fixed_six_v2_vectors,randomized_1,3.0,4.6875,0.0,oracle_best_integer_timing,abs_error_le_0.25,1,1,1.0,,,0.0,,,,,,,1.0,5.377642775528102e-17,1.0614466625631893e-16,-1.734723475976807e-18,deterministic; no sampling interval,SYNTHETIC
fractional_offsets,fixed_six_v2_vectors,randomized_1,3.0,4.6875,0.0,blind_matched_filter_energy_search,abs_error_le_0.25,1,1,1.0,,,0.0,,,1,1.0,,,,5.377642775528102e-17,1.0614466625631893e-16,-1.734723475976807e-18,deterministic; no sampling interval,SYNTHETIC
fractional_offsets,fixed_six_v2_vectors,randomized_2,3.0,4.6875,0.0,existing_nominal_decoder,abs_error_le_0.25,1,0,0.0,,,1.0,,,,,,,0.0,0.7798725710465622,0.8462272376958193,0.08591079680150988,deterministic; no sampling interval,SYNTHETIC
fractional_offsets,fixed_six_v2_vectors,randomized_2,3.0,4.6875,0.0,oracle_best_integer_timing,abs_error_le_0.25,1,1,1.0,,,0.0,,,,,,,1.0,3.122502256758253e-17,8.092071311423672e-17,-1.734723475976807e-17,deterministic; no sampling interval,SYNTHETIC
fractional_offsets,fixed_six_v2_vectors,randomized_2,3.0,4.6875,0.0,blind_matched_filter_energy_search,abs_error_le_0.25,1,1,1.0,,,0.0,,,1,1.0,,,,3.122502256758253e-17,8.092071311423672e-17,-1.734723475976807e-17,deterministic; no sampling interval,SYNTHETIC
fractional_offsets,fixed_six_v2_vectors,randomized_3,3.0,4.6875,0.0,existing_nominal_decoder,abs_error_le_0.25,1,0,0.0,,,1.0,,,,,,,0.0,0.580777004791124,0.6616308555970483,0.04105221719921994,deterministic; no sampling interval,SYNTHETIC
fractional_offsets,fixed_six_v2_vectors,randomized_3,3.0,4.6875,0.0,oracle_best_integer_timing,abs_error_le_0.25,1,1,1.0,,,0.0,,,,,,,1.0,3.165870343657673e-17,9.816143974602446e-17,-2.3852447794681098e-17,deterministic; no sampling interval,SYNTHETIC
fractional_offsets,fixed_six_v2_vectors,randomized_3,3.0,4.6875,0.0,blind_matched_filter_energy_search,abs_error_le_0.25,1,1,1.0,,,0.0,,,1,1.0,,,,3.165870343657673e-17,9.816143974602446e-17,-2.3852447794681098e-17,deterministic; no sampling interval,SYNTHETIC
fractional_offsets,fixed_six_v2_vectors,POOLED_ALL_VECTORS,3.0,4.6875,0.0,existing_nominal_decoder,abs_error_le_0.25,6,0,0.0,,,1.0,,,,,,,0.0,0.6058925582818706,0.7495148172008979,0.005972839529735502,deterministic; no sampling interval,SYNTHETIC
fractional_offsets,fixed_six_v2_vectors,POOLED_ALL_VECTORS,3.0,4.6875,0.0,oracle_best_integer_timing,abs_error_le_0.25,6,6,1.0,,,0.0,,,,,,,1.0,2.7538735181131813e-17,7.902041503034511e-17,-1.0625181290357943e-17,deterministic; no sampling interval,SYNTHETIC
fractional_offsets,fixed_six_v2_vectors,POOLED_ALL_VECTORS,3.0,4.6875,0.0,blind_matched_filter_energy_search,abs_error_le_0.25,6,6,1.0,,,0.0,,,6,1.0,,,,2.7538735181131813e-17,7.902041503034511e-17,-1.0625181290357943e-17,deterministic; no sampling interval,SYNTHETIC
fractional_offsets,fixed_six_v2_vectors,mixed_signs,3.0,4.6875,0.45,existing_nominal_decoder,abs_error_le_0.25,2000,0,0.0,1.0842021724855044e-19,0.001917047281252934,1.0,0.998082952718747,1.0,,,,,0.0,0.6694813288888287,0.7786838477402235,-0.0003729161766889852,two-sided 95% Wilson interval; conditional on the vector panel and synthetic IID draws,SYNTHETIC
fractional_offsets,fixed_six_v2_vectors,mixed_signs,3.0,4.6875,0.45,oracle_best_integer_timing,abs_error_le_0.25,2000,1906,0.953,0.9428245575283534,0.9614385976348314,0.047,0.038561402365168584,0.05717544247164663,,,,,0.9477992034686994,0.06315389648546829,0.07904767061819415,-0.0005513490282952465,two-sided 95% Wilson interval; conditional on the vector panel and synthetic IID draws,SYNTHETIC
fractional_offsets,fixed_six_v2_vectors,mixed_signs,3.0,4.6875,0.45,blind_matched_filter_energy_search,abs_error_le_0.25,2000,1906,0.953,0.9428245575283534,0.9614385976348314,0.047,0.038561402365168584,0.05717544247164663,2000,1.0,0.9980829527187469,0.9999999999999998,,0.06315389648546829,0.07904767061819415,-0.0005513490282952465,two-sided 95% Wilson interval; conditional on the vector panel and synthetic IID draws,SYNTHETIC
fractional_offsets,fixed_six_v2_vectors,sparse_and_zeros,3.0,4.6875,0.45,existing_nominal_decoder,abs_error_le_0.25,2000,0,0.0,1.0842021724855044e-19,0.001917047281252934,1.0,0.998082952718747,1.0,,,,,0.0,0.1847377702178743,0.37753318328812135,0.014593960498941325,two-sided 95% Wilson interval; conditional on the vector panel and synthetic IID draws,SYNTHETIC
fractional_offsets,fixed_six_v2_vectors,sparse_and_zeros,3.0,4.6875,0.45,oracle_best_integer_timing,abs_error_le_0.25,2000,1899,0.9495,0.9390120477558316,0.958264526738322,0.0505,0.041735473261678036,0.06098795224416842,,,,,0.9477992034686994,0.06332446476087132,0.0795456355556702,-0.0004036552055812008,two-sided 95% Wilson interval; conditional on the vector panel and synthetic IID draws,SYNTHETIC
fractional_offsets,fixed_six_v2_vectors,sparse_and_zeros,3.0,4.6875,0.45,blind_matched_filter_energy_search,abs_error_le_0.25,2000,1899,0.9495,0.9390120477558316,0.958264526738322,0.0505,0.041735473261678036,0.06098795224416842,2000,1.0,0.9980829527187469,0.9999999999999998,,0.06332446476087132,0.0795456355556702,-0.0004036552055812008,two-sided 95% Wilson interval; conditional on the vector panel and synthetic IID draws,SYNTHETIC
fractional_offsets,fixed_six_v2_vectors,boundary_values,3.0,4.6875,0.45,existing_nominal_decoder,abs_error_le_0.25,2000,0,0.0,1.0842021724855044e-19,0.001917047281252934,1.0,0.998082952718747,1.0,,,,,0.0,0.69334666046181,0.8606848713149837,0.0005927355854322667,two-sided 95% Wilson interval; conditional on the vector panel and synthetic IID draws,SYNTHETIC
fractional_offsets,fixed_six_v2_vectors,boundary_values,3.0,4.6875,0.45,oracle_best_integer_timing,abs_error_le_0.25,2000,1876,0.938,0.9265682210429607,0.9477524455386617,0.062,0.05224755446133833,0.07343177895703934,,,,,0.9477992034686994,0.06352000751933258,0.07969573210403971,-0.00026739996279496006,two-sided 95% Wilson interval; conditional on the vector panel and synthetic IID draws,SYNTHETIC
fractional_offsets,fixed_six_v2_vectors,boundary_values,3.0,4.6875,0.45,blind_matched_filter_energy_search,abs_error_le_0.25,2000,1876,0.938,0.9265682210429607,0.9477524455386617,0.062,0.05224755446133833,0.07343177895703934,2000,1.0,0.9980829527187469,0.9999999999999998,,0.06352000751933258,0.07969573210403971,-0.00026739996279496006,two-sided 95% Wilson interval; conditional on the vector panel and synthetic IID draws,SYNTHETIC
fractional_offsets,fixed_six_v2_vectors,randomized_1,3.0,4.6875,0.45,existing_nominal_decoder,abs_error_le_0.25,2000,0,0.0,1.0842021724855044e-19,0.001917047281252934,1.0,0.998082952718747,1.0,,,,,0.0,0.7987555527023215,0.8677494965361451,-0.10629218763461044,two-sided 95% Wilson interval; conditional on the vector panel and synthetic IID draws,SYNTHETIC
fractional_offsets,fixed_six_v2_vectors,randomized_1,3.0,4.6875,0.45,oracle_best_integer_timing,abs_error_le_0.25,2000,1873,0.9365,0.9249532738540492,0.9463731438694168,0.0635,0.053626856130583156,0.07504672614595076,,,,,0.9477992034686994,0.06345316797650372,0.07959571707838081,-0.00012156698539779375,two-sided 95% Wilson interval; conditional on the vector panel and synthetic IID draws,SYNTHETIC
fractional_offsets,fixed_six_v2_vectors,randomized_1,3.0,4.6875,0.45,blind_matched_filter_energy_search,abs_error_le_0.25,2000,1873,0.9365,0.9249532738540492,0.9463731438694168,0.0635,0.053626856130583156,0.07504672614595076,2000,1.0,0.9980829527187469,0.9999999999999998,,0.06345316797650372,0.07959571707838081,-0.00012156698539779375,two-sided 95% Wilson interval; conditional on the vector panel and synthetic IID draws,SYNTHETIC
fractional_offsets,fixed_six_v2_vectors,randomized_2,3.0,4.6875,0.45,existing_nominal_decoder,abs_error_le_0.25,2000,0,0.0,1.0842021724855044e-19,0.001917047281252934,1.0,0.998082952718747,1.0,,,,,0.0,0.7813034958231296,0.8500570194818208,0.08607051542603808,two-sided 95% Wilson interval; conditional on the vector panel and synthetic IID draws,SYNTHETIC
fractional_offsets,fixed_six_v2_vectors,randomized_2,3.0,4.6875,0.45,oracle_best_integer_timing,abs_error_le_0.25,2000,1886,0.943,0.9319642649870394,0.9523372311217704,0.057,0.04766276887822962,0.06803573501296056,,,,,0.9477992034686994,0.06382461522854732,0.07986182700654877,-0.00023675261772812287,two-sided 95% Wilson interval; conditional on the vector panel and synthetic IID draws,SYNTHETIC
fractional_offsets,fixed_six_v2_vectors,randomized_2,3.0,4.6875,0.45,blind_matched_filter_energy_search,abs_error_le_0.25,2000,1886,0.943,0.9319642649870394,0.9523372311217704,0.057,0.04766276887822962,0.06803573501296056,2000,1.0,0.9980829527187469,0.9999999999999998,,0.06382461522854732,0.07986182700654877,-0.00023675261772812287,two-sided 95% Wilson interval; conditional on the vector panel and synthetic IID draws,SYNTHETIC
fractional_offsets,fixed_six_v2_vectors,randomized_3,3.0,4.6875,0.45,existing_nominal_decoder,abs_error_le_0.25,2000,0,0.0,1.0842021724855044e-19,0.001917047281252934,1.0,0.998082952718747,1.0,,,,,0.0,0.5816615057756874,0.6654371964909204,0.04128441218838159,two-sided 95% Wilson interval; conditional on the vector panel and synthetic IID draws,SYNTHETIC
fractional_offsets,fixed_six_v2_vectors,randomized_3,3.0,4.6875,0.45,oracle_best_integer_timing,abs_error_le_0.25,2000,1904,0.952,0.9417339082484883,0.9605330810092589,0.048,0.03946691899074106,0.05826609175151165,,,,,0.9477992034686994,0.06311263544326247,0.07904097995722174,0.0004512840398564083,two-sided 95% Wilson interval; conditional on the vector panel and synthetic IID draws,SYNTHETIC
fractional_offsets,fixed_six_v2_vectors,randomized_3,3.0,4.6875,0.45,blind_matched_filter_energy_search,abs_error_le_0.25,2000,1904,0.952,0.9417339082484883,0.9605330810092589,0.048,0.03946691899074106,0.05826609175151165,2000,1.0,0.9980829527187469,0.9999999999999998,,0.06311263544326247,0.07904097995722174,0.0004512840398564083,two-sided 95% Wilson interval; conditional on the vector panel and synthetic IID draws,SYNTHETIC
fractional_offsets,fixed_six_v2_vectors,POOLED_ALL_VECTORS,3.0,4.6875,0.45,existing_nominal_decoder,abs_error_le_0.25,12000,0,0.0,0.0,0.0003200191233674895,1.0,0.9996799808766325,1.0,,,,,0.0,0.6182143856449419,0.7536633946385279,0.0059794199812489715,two-sided 95% Wilson interval; conditional on the vector panel and synthetic IID draws,SYNTHETIC
fractional_offsets,fixed_six_v2_vectors,POOLED_ALL_VECTORS,3.0,4.6875,0.45,oracle_best_integer_timing,abs_error_le_0.25,12000,11344,0.9453333333333334,0.9411216253618772,0.9492600109389101,0.05466666666666667,0.050739989061089896,0.05887837463812284,,,,,0.9477992034686994,0.06339813123566429,0.07946521061064014,-0.0001882399599901526,two-sided 95% Wilson interval; conditional on the vector panel and synthetic IID draws,SYNTHETIC
fractional_offsets,fixed_six_v2_vectors,POOLED_ALL_VECTORS,3.0,4.6875,0.45,blind_matched_filter_energy_search,abs_error_le_0.25,12000,11344,0.9453333333333334,0.9411216253618772,0.9492600109389101,0.05466666666666667,0.050739989061089896,0.05887837463812284,12000,1.0,0.9996799808766326,1.0,,0.06339813123566429,0.07946521061064014,-0.0001882399599901526,two-sided 95% Wilson interval; conditional on the vector panel and synthetic IID draws,SYNTHETIC
fractional_offsets,fixed_six_v2_vectors,mixed_signs,4.0,6.25,0.0,existing_nominal_decoder,abs_error_le_0.25,1,0,0.0,,,1.0,,,,,,,0.0,1.0712890625,1.242068111032502,-0.0009765625000000711,deterministic; no sampling interval,SYNTHETIC
fractional_offsets,fixed_six_v2_vectors,mixed_signs,4.0,6.25,0.0,oracle_best_integer_timing,abs_error_le_0.25,1,1,1.0,,,0.0,,,,,,,1.0,3.469446951953614e-17,8.326672684688674e-17,-6.938893903907228e-18,deterministic; no sampling interval,SYNTHETIC
fractional_offsets,fixed_six_v2_vectors,mixed_signs,4.0,6.25,0.0,blind_matched_filter_energy_search,abs_error_le_0.25,1,1,1.0,,,0.0,,,1,1.0,,,,3.469446951953614e-17,8.326672684688674e-17,-6.938893903907228e-18,deterministic; no sampling interval,SYNTHETIC
fractional_offsets,fixed_six_v2_vectors,sparse_and_zeros,4.0,6.25,0.0,existing_nominal_decoder,abs_error_le_0.25,1,0,0.0,,,1.0,,,,,,,0.0,0.2099609375,0.5853292741627524,0.022460937499999986,deterministic; no sampling interval,SYNTHETIC
fractional_offsets,fixed_six_v2_vectors,sparse_and_zeros,4.0,6.25,0.0,oracle_best_integer_timing,abs_error_le_0.25,1,1,1.0,,,0.0,,,,,,,1.0,0.0,0.0,0.0,deterministic; no sampling interval,SYNTHETIC
fractional_offsets,fixed_six_v2_vectors,sparse_and_zeros,4.0,6.25,0.0,blind_matched_filter_energy_search,abs_error_le_0.25,1,1,1.0,,,0.0,,,1,1.0,,,,0.0,0.0,0.0,deterministic; no sampling interval,SYNTHETIC
fractional_offsets,fixed_six_v2_vectors,boundary_values,4.0,6.25,0.0,existing_nominal_decoder,abs_error_le_0.25,1,0,0.0,,,1.0,,,,,,,0.0,1.0869140625,1.3699508172555752,-0.0009765625000000555,deterministic; no sampling interval,SYNTHETIC
fractional_offsets,fixed_six_v2_vectors,boundary_values,4.0,6.25,0.0,oracle_best_integer_timing,abs_error_le_0.25,1,1,1.0,,,0.0,,,,,,,1.0,1.3877787807814457e-17,5.551115123125783e-17,-1.3877787807814457e-17,deterministic; no sampling interval,SYNTHETIC
fractional_offsets,fixed_six_v2_vectors,boundary_values,4.0,6.25,0.0,blind_matched_filter_energy_search,abs_error_le_0.25,1,1,1.0,,,0.0,,,1,1.0,,,,1.3877787807814457e-17,5.551115123125783e-17,-1.3877787807814457e-17,deterministic; no sampling interval,SYNTHETIC
fractional_offsets,fixed_six_v2_vectors,randomized_1,4.0,6.25,0.0,existing_nominal_decoder,abs_error_le_0.25,1,0,0.0,,,1.0,,,,,,,0.0,1.2691296851584928,1.3705230194206863,-0.17331829566496434,deterministic; no sampling interval,SYNTHETIC
fractional_offsets,fixed_six_v2_vectors,randomized_1,4.0,6.25,0.0,oracle_best_integer_timing,abs_error_le_0.25,1,1,1.0,,,0.0,,,,,,,1.0,5.377642775528102e-17,1.0614466625631893e-16,-1.734723475976807e-18,deterministic; no sampling interval,SYNTHETIC
fractional_offsets,fixed_six_v2_vectors,randomized_1,4.0,6.25,0.0,blind_matched_filter_energy_search,abs_error_le_0.25,1,1,1.0,,,0.0,,,1,1.0,,,,5.377642775528102e-17,1.0614466625631893e-16,-1.734723475976807e-18,deterministic; no sampling interval,SYNTHETIC
fractional_offsets,fixed_six_v2_vectors,randomized_2,4.0,6.25,0.0,existing_nominal_decoder,abs_error_le_0.25,1,0,0.0,,,1.0,,,,,,,0.0,1.2391324885071198,1.3455372941329047,0.1383559653323544,deterministic; no sampling interval,SYNTHETIC
fractional_offsets,fixed_six_v2_vectors,randomized_2,4.0,6.25,0.0,oracle_best_integer_timing,abs_error_le_0.25,1,1,1.0,,,0.0,,,,,,,1.0,3.122502256758253e-17,8.092071311423672e-17,-1.734723475976807e-17,deterministic; no sampling interval,SYNTHETIC
fractional_offsets,fixed_six_v2_vectors,randomized_2,4.0,6.25,0.0,blind_matched_filter_energy_search,abs_error_le_0.25,1,1,1.0,,,0.0,,,1,1.0,,,,3.122502256758253e-17,8.092071311423672e-17,-1.734723475976807e-17,deterministic; no sampling interval,SYNTHETIC
fractional_offsets,fixed_six_v2_vectors,randomized_3,4.0,6.25,0.0,existing_nominal_decoder,abs_error_le_0.25,1,0,0.0,,,1.0,,,,,,,0.0,0.9151565069510437,1.0472963085666087,0.06671740871747059,deterministic; no sampling interval,SYNTHETIC
fractional_offsets,fixed_six_v2_vectors,randomized_3,4.0,6.25,0.0,oracle_best_integer_timing,abs_error_le_0.25,1,1,1.0,,,0.0,,,,,,,1.0,3.165870343657673e-17,9.816143974602446e-17,-2.3852447794681098e-17,deterministic; no sampling interval,SYNTHETIC
fractional_offsets,fixed_six_v2_vectors,randomized_3,4.0,6.25,0.0,blind_matched_filter_energy_search,abs_error_le_0.25,1,1,1.0,,,0.0,,,1,1.0,,,,3.165870343657673e-17,9.816143974602446e-17,-2.3852447794681098e-17,deterministic; no sampling interval,SYNTHETIC
fractional_offsets,fixed_six_v2_vectors,POOLED_ALL_VECTORS,4.0,6.25,0.0,existing_nominal_decoder,abs_error_le_0.25,6,0,0.0,,,1.0,,,,,,,0.0,0.9652637905194427,1.1935760210348776,0.00871048181414343,deterministic; no sampling interval,SYNTHETIC
fractional_offsets,fixed_six_v2_vectors,POOLED_ALL_VECTORS,4.0,6.25,0.0,oracle_best_integer_timing,abs_error_le_0.25,6,6,1.0,,,0.0,,,,,,,1.0,2.7538735181131813e-17,7.902041503034511e-17,-1.0625181290357943e-17,deterministic; no sampling interval,SYNTHETIC
fractional_offsets,fixed_six_v2_vectors,POOLED_ALL_VECTORS,4.0,6.25,0.0,blind_matched_filter_energy_search,abs_error_le_0.25,6,6,1.0,,,0.0,,,6,1.0,,,,2.7538735181131813e-17,7.902041503034511e-17,-1.0625181290357943e-17,deterministic; no sampling interval,SYNTHETIC
fractional_offsets,fixed_six_v2_vectors,mixed_signs,4.0,6.25,0.45,existing_nominal_decoder,abs_error_le_0.25,2000,0,0.0,1.0842021724855044e-19,0.001917047281252934,1.0,0.998082952718747,1.0,,,,,0.0,1.0712901977583165,1.2441874152192034,-0.0009085535319675302,two-sided 95% Wilson interval; conditional on the vector panel and synthetic IID draws,SYNTHETIC
fractional_offsets,fixed_six_v2_vectors,mixed_signs,4.0,6.25,0.45,oracle_best_integer_timing,abs_error_le_0.25,2000,1899,0.9495,0.9390120477558316,0.958264526738322,0.0505,0.041735473261678036,0.06098795224416842,,,,,0.9477992034686994,0.0636656209747779,0.079762259938838,0.00024353876669198628,two-sided 95% Wilson interval; conditional on the vector panel and synthetic IID draws,SYNTHETIC
fractional_offsets,fixed_six_v2_vectors,mixed_signs,4.0,6.25,0.45,blind_matched_filter_energy_search,abs_error_le_0.25,2000,1899,0.9495,0.9390120477558316,0.958264526738322,0.0505,0.041735473261678036,0.06098795224416842,2000,1.0,0.9980829527187469,0.9999999999999998,,0.0636656209747779,0.079762259938838,0.00024353876669198628,two-sided 95% Wilson interval; conditional on the vector panel and synthetic IID draws,SYNTHETIC
fractional_offsets,fixed_six_v2_vectors,sparse_and_zeros,4.0,6.25,0.45,existing_nominal_decoder,abs_error_le_0.25,2000,0,0.0,1.0842021724855044e-19,0.001917047281252934,1.0,0.998082952718747,1.0,,,,,0.0,0.26154035791989183,0.5907652990205942,0.022559319146771048,two-sided 95% Wilson interval; conditional on the vector panel and synthetic IID draws,SYNTHETIC
fractional_offsets,fixed_six_v2_vectors,sparse_and_zeros,4.0,6.25,0.45,oracle_best_integer_timing,abs_error_le_0.25,2000,1913,0.9565,0.9466510236907602,0.9645987121414559,0.0435,0.03540128785854413,0.05334897630923985,,,,,0.9477992034686994,0.06344902213294056,0.0793910071817826,1.7877555122131516e-05,two-sided 95% Wilson interval; conditional on the vector panel and synthetic IID draws,SYNTHETIC
fractional_offsets,fixed_six_v2_vectors,sparse_and_zeros,4.0,6.25,0.45,blind_matched_filter_energy_search,abs_error_le_0.25,2000,1913,0.9565,0.9466510236907602,0.9645987121414559,0.0435,0.03540128785854413,0.05334897630923985,2000,1.0,0.9980829527187469,0.9999999999999998,,0.06344902213294056,0.0793910071817826,1.7877555122131516e-05,two-sided 95% Wilson interval; conditional on the vector panel and synthetic IID draws,SYNTHETIC
fractional_offsets,fixed_six_v2_vectors,boundary_values,4.0,6.25,0.45,existing_nominal_decoder,abs_error_le_0.25,2000,0,0.0,1.0842021724855044e-19,0.001917047281252934,1.0,0.998082952718747,1.0,,,,,0.0,1.1005154149044512,1.3724075010414118,-0.001179415298299227,two-sided 95% Wilson interval; conditional on the vector panel and synthetic IID draws,SYNTHETIC
fractional_offsets,fixed_six_v2_vectors,boundary_values,4.0,6.25,0.45,oracle_best_integer_timing,abs_error_le_0.25,2000,1891,0.9455,0.9346702670259668,0.9546216438464368,0.0545,0.045378356153563226,0.06532973297403322,,,,,0.9477992034686994,0.06344640469281015,0.07955789884162211,0.00037255903138044664,two-sided 95% Wilson interval; conditional on the vector panel and synthetic IID draws,SYNTHETIC
fractional_offsets,fixed_six_v2_vectors,boundary_values,4.0,6.25,0.45,blind_matched_filter_energy_search,abs_error_le_0.25,2000,1891,0.9455,0.9346702670259668,0.9546216438464368,0.0545,0.045378356153563226,0.06532973297403322,2000,1.0,0.9980829527187469,0.9999999999999998,,0.06344640469281015,0.07955789884162211,0.00037255903138044664,two-sided 95% Wilson interval; conditional on the vector panel and synthetic IID draws,SYNTHETIC
fractional_offsets,fixed_six_v2_vectors,randomized_1,4.0,6.25,0.45,existing_nominal_decoder,abs_error_le_0.25,2000,0,0.0,1.0842021724855044e-19,0.001917047281252934,1.0,0.998082952718747,1.0,,,,,0.0,1.2688829477276826,1.3726428645557929,-0.1733453341994655,two-sided 95% Wilson interval; conditional on the vector panel and synthetic IID draws,SYNTHETIC
fractional_offsets,fixed_six_v2_vectors,randomized_1,4.0,6.25,0.45,oracle_best_integer_timing,abs_error_le_0.25,2000,1900,0.95,0.9395558910656041,0.9587187663812682,0.05,0.041281233618731816,0.06044410893439589,,,,,0.9477992034686994,0.06314395846963895,0.0792261407957159,0.00034767815885957445,two-sided 95% Wilson interval; conditional on the vector panel and synthetic IID draws,SYNTHETIC
fractional_offsets,fixed_six_v2_vectors,randomized_1,4.0,6.25,0.45,blind_matched_filter_energy_search,abs_error_le_0.25,2000,1900,0.95,0.9395558910656041,0.9587187663812682,0.05,0.041281233618731816,0.06044410893439589,2000,1.0,0.9980829527187469,0.9999999999999998,,0.06314395846963895,0.0792261407957159,0.00034767815885957445,two-sided 95% Wilson interval; conditional on the vector panel and synthetic IID draws,SYNTHETIC
fractional_offsets,fixed_six_v2_vectors,randomized_2,4.0,6.25,0.45,existing_nominal_decoder,abs_error_le_0.25,2000,0,0.0,1.0842021724855044e-19,0.001917047281252934,1.0,0.998082952718747,1.0,,,,,0.0,1.239770551046554,1.3478355484743971,0.13805933378086835,two-sided 95% Wilson interval; conditional on the vector panel and synthetic IID draws,SYNTHETIC
fractional_offsets,fixed_six_v2_vectors,randomized_2,4.0,6.25,0.45,oracle_best_integer_timing,abs_error_le_0.25,2000,1899,0.9495,0.9390120477558316,0.958264526738322,0.0505,0.041735473261678036,0.06098795224416842,,,,,0.9477992034686994,0.06349374155298686,0.07949419495898209,9.570775578651215e-05,two-sided 95% Wilson interval; conditional on the vector panel and synthetic IID draws,SYNTHETIC
fractional_offsets,fixed_six_v2_vectors,randomized_2,4.0,6.25,0.45,blind_matched_filter_energy_search,abs_error_le_0.25,2000,1899,0.9495,0.9390120477558316,0.958264526738322,0.0505,0.041735473261678036,0.06098795224416842,2000,1.0,0.9980829527187469,0.9999999999999998,,0.06349374155298686,0.07949419495898209,9.570775578651215e-05,two-sided 95% Wilson interval; conditional on the vector panel and synthetic IID draws,SYNTHETIC
fractional_offsets,fixed_six_v2_vectors,randomized_3,4.0,6.25,0.45,existing_nominal_decoder,abs_error_le_0.25,2000,0,0.0,1.0842021724855044e-19,0.001917047281252934,1.0,0.998082952718747,1.0,,,,,0.0,0.9164548958987185,1.050354996408621,0.06678996023562525,two-sided 95% Wilson interval; conditional on the vector panel and synthetic IID draws,SYNTHETIC
fractional_offsets,fixed_six_v2_vectors,randomized_3,4.0,6.25,0.45,oracle_best_integer_timing,abs_error_le_0.25,2000,1896,0.948,0.9373820458455553,0.956900279790442,0.052,0.04309972020955799,0.06261795415444471,,,,,0.9477992034686994,0.06325428743637254,0.07927518411300923,-0.00024471993322048305,two-sided 95% Wilson interval; conditional on the vector panel and synthetic IID draws,SYNTHETIC
fractional_offsets,fixed_six_v2_vectors,randomized_3,4.0,6.25,0.45,blind_matched_filter_energy_search,abs_error_le_0.25,2000,1896,0.948,0.9373820458455553,0.956900279790442,0.052,0.04309972020955799,0.06261795415444471,2000,1.0,0.9980829527187469,0.9999999999999998,,0.06325428743637254,0.07927518411300923,-0.00024471993322048305,two-sided 95% Wilson interval; conditional on the vector panel and synthetic IID draws,SYNTHETIC
fractional_offsets,fixed_six_v2_vectors,POOLED_ALL_VECTORS,4.0,6.25,0.45,existing_nominal_decoder,abs_error_le_0.25,12000,0,0.0,0.0,0.0003200191233674895,1.0,0.9996799808766325,1.0,,,,,0.0,0.9764090608759357,1.1961440151210356,0.008662551688922054,two-sided 95% Wilson interval; conditional on the vector panel and synthetic IID draws,SYNTHETIC
fractional_offsets,fixed_six_v2_vectors,POOLED_ALL_VECTORS,4.0,6.25,0.45,oracle_best_integer_timing,abs_error_le_0.25,12000,11398,0.9498333333333333,0.9457817412518248,0.9535970148768522,0.050166666666666665,0.04640298512314778,0.05421825874817521,,,,,0.9477992034686994,0.06340883920992116,0.07945131909298628,0.000138773555770028,two-sided 95% Wilson interval; conditional on the vector panel and synthetic IID draws,SYNTHETIC
fractional_offsets,fixed_six_v2_vectors,POOLED_ALL_VECTORS,4.0,6.25,0.45,blind_matched_filter_energy_search,abs_error_le_0.25,12000,11398,0.9498333333333333,0.9457817412518248,0.9535970148768522,0.050166666666666665,0.04640298512314778,0.05421825874817521,12000,1.0,0.9996799808766326,1.0,,0.06340883920992116,0.07945131909298628,0.000138773555770028,two-sided 95% Wilson interval; conditional on the vector panel and synthetic IID draws,SYNTHETIC
fractional_offsets,fixed_six_v2_vectors,mixed_signs,8.0,12.5,0.0,existing_nominal_decoder,abs_error_le_0.25,1,0,0.0,,,1.0,,,,,,,0.0,2.1015625,2.434205004494537,-0.0078125,deterministic; no sampling interval,SYNTHETIC
fractional_offsets,fixed_six_v2_vectors,mixed_signs,8.0,12.5,0.0,oracle_best_integer_timing,abs_error_le_0.25,1,1,1.0,,,0.0,,,,,,,1.0,3.469446951953614e-17,8.326672684688674e-17,-6.938893903907228e-18,deterministic; no sampling interval,SYNTHETIC
fractional_offsets,fixed_six_v2_vectors,mixed_signs,8.0,12.5,0.0,blind_matched_filter_energy_search,abs_error_le_0.25,1,1,1.0,,,0.0,,,1,1.0,,,,3.469446951953614e-17,8.326672684688674e-17,-6.938893903907228e-18,deterministic; no sampling interval,SYNTHETIC
fractional_offsets,fixed_six_v2_vectors,sparse_and_zeros,8.0,12.5,0.0,existing_nominal_decoder,abs_error_le_0.25,1,0,0.0,,,1.0,,,,,,,0.0,0.4140625,1.1164223778576143,0.0390625,deterministic; no sampling interval,SYNTHETIC
fractional_offsets,fixed_six_v2_vectors,sparse_and_zeros,8.0,12.5,0.0,oracle_best_integer_timing,abs_error_le_0.25,1,1,1.0,,,0.0,,,,,,,1.0,0.0,0.0,0.0,deterministic; no sampling interval,SYNTHETIC
fractional_offsets,fixed_six_v2_vectors,sparse_and_zeros,8.0,12.5,0.0,blind_matched_filter_energy_search,abs_error_le_0.25,1,1,1.0,,,0.0,,,1,1.0,,,,0.0,0.0,0.0,deterministic; no sampling interval,SYNTHETIC
fractional_offsets,fixed_six_v2_vectors,boundary_values,8.0,12.5,0.0,existing_nominal_decoder,abs_error_le_0.25,1,0,0.0,,,1.0,,,,,,,0.0,2.1328125,2.663088239009365,-0.007812500000000028,deterministic; no sampling interval,SYNTHETIC
fractional_offsets,fixed_six_v2_vectors,boundary_values,8.0,12.5,0.0,oracle_best_integer_timing,abs_error_le_0.25,1,1,1.0,,,0.0,,,,,,,1.0,1.3877787807814457e-17,5.551115123125783e-17,-1.3877787807814457e-17,deterministic; no sampling interval,SYNTHETIC
fractional_offsets,fixed_six_v2_vectors,boundary_values,8.0,12.5,0.0,blind_matched_filter_energy_search,abs_error_le_0.25,1,1,1.0,,,0.0,,,1,1.0,,,,1.3877787807814457e-17,5.551115123125783e-17,-1.3877787807814457e-17,deterministic; no sampling interval,SYNTHETIC
fractional_offsets,fixed_six_v2_vectors,randomized_1,8.0,12.5,0.0,existing_nominal_decoder,abs_error_le_0.25,1,0,0.0,,,1.0,,,,,,,0.0,2.4308082554720087,2.616056968985801,-0.35192131420137296,deterministic; no sampling interval,SYNTHETIC
fractional_offsets,fixed_six_v2_vectors,randomized_1,8.0,12.5,0.0,oracle_best_integer_timing,abs_error_le_0.25,1,1,1.0,,,0.0,,,,,,,1.0,5.377642775528102e-17,1.0614466625631893e-16,-1.734723475976807e-18,deterministic; no sampling interval,SYNTHETIC
fractional_offsets,fixed_six_v2_vectors,randomized_1,8.0,12.5,0.0,blind_matched_filter_energy_search,abs_error_le_0.25,1,1,1.0,,,0.0,,,1,1.0,,,,5.377642775528102e-17,1.0614466625631893e-16,-1.734723475976807e-18,deterministic; no sampling interval,SYNTHETIC
fractional_offsets,fixed_six_v2_vectors,randomized_2,8.0,12.5,0.0,existing_nominal_decoder,abs_error_le_0.25,1,0,0.0,,,1.0,,,,,,,0.0,2.371770993150747,2.584266178515517,0.27313706636291946,deterministic; no sampling interval,SYNTHETIC
fractional_offsets,fixed_six_v2_vectors,randomized_2,8.0,12.5,0.0,oracle_best_integer_timing,abs_error_le_0.25,1,1,1.0,,,0.0,,,,,,,1.0,3.122502256758253e-17,8.092071311423672e-17,-1.734723475976807e-17,deterministic; no sampling interval,SYNTHETIC
fractional_offsets,fixed_six_v2_vectors,randomized_2,8.0,12.5,0.0,blind_matched_filter_energy_search,abs_error_le_0.25,1,1,1.0,,,0.0,,,1,1.0,,,,3.122502256758253e-17,8.092071311423672e-17,-1.734723475976807e-17,deterministic; no sampling interval,SYNTHETIC
fractional_offsets,fixed_six_v2_vectors,randomized_3,8.0,12.5,0.0,existing_nominal_decoder,abs_error_le_0.25,1,0,0.0,,,1.0,,,,,,,0.0,1.7211759728483016,1.9904512530619953,0.13438702108648537,deterministic; no sampling interval,SYNTHETIC
fractional_offsets,fixed_six_v2_vectors,randomized_3,8.0,12.5,0.0,oracle_best_integer_timing,abs_error_le_0.25,1,1,1.0,,,0.0,,,,,,,1.0,3.165870343657673e-17,9.816143974602446e-17,-2.3852447794681098e-17,deterministic; no sampling interval,SYNTHETIC
fractional_offsets,fixed_six_v2_vectors,randomized_3,8.0,12.5,0.0,blind_matched_filter_energy_search,abs_error_le_0.25,1,1,1.0,,,0.0,,,1,1.0,,,,3.165870343657673e-17,9.816143974602446e-17,-2.3852447794681098e-17,deterministic; no sampling interval,SYNTHETIC
fractional_offsets,fixed_six_v2_vectors,POOLED_ALL_VECTORS,8.0,12.5,0.0,existing_nominal_decoder,abs_error_le_0.25,6,0,0.0,,,1.0,,,,,,,0.0,1.862032120245176,2.3002852662098214,0.01317337887467195,deterministic; no sampling interval,SYNTHETIC
fractional_offsets,fixed_six_v2_vectors,POOLED_ALL_VECTORS,8.0,12.5,0.0,oracle_best_integer_timing,abs_error_le_0.25,6,6,1.0,,,0.0,,,,,,,1.0,2.7538735181131813e-17,7.902041503034511e-17,-1.0625181290357943e-17,deterministic; no sampling interval,SYNTHETIC
fractional_offsets,fixed_six_v2_vectors,POOLED_ALL_VECTORS,8.0,12.5,0.0,blind_matched_filter_energy_search,abs_error_le_0.25,6,6,1.0,,,0.0,,,6,1.0,,,,2.7538735181131813e-17,7.902041503034511e-17,-1.0625181290357943e-17,deterministic; no sampling interval,SYNTHETIC
fractional_offsets,fixed_six_v2_vectors,mixed_signs,8.0,12.5,0.45,existing_nominal_decoder,abs_error_le_0.25,2000,0,0.0,1.0842021724855044e-19,0.001917047281252934,1.0,0.998082952718747,1.0,,,,,0.0,2.1014136985064056,2.4351082494588177,-0.007886666280965281,two-sided 95% Wilson interval; conditional on the vector panel and synthetic IID draws,SYNTHETIC
fractional_offsets,fixed_six_v2_vectors,mixed_signs,8.0,12.5,0.45,oracle_best_integer_timing,abs_error_le_0.25,2000,1915,0.9575,0.9477470814477515,0.965498820289902,0.0425,0.03450117971009803,0.05225291855224845,,,,,0.9477992034686994,0.06315202824084705,0.07912599755917432,7.524587773299249e-05,two-sided 95% Wilson interval; conditional on the vector panel and synthetic IID draws,SYNTHETIC
fractional_offsets,fixed_six_v2_vectors,mixed_signs,8.0,12.5,0.45,blind_matched_filter_energy_search,abs_error_le_0.25,2000,1915,0.9575,0.9477470814477515,0.965498820289902,0.0425,0.03450117971009803,0.05225291855224845,2000,1.0,0.9980829527187469,0.9999999999999998,,0.06315202824084705,0.07912599755917432,7.524587773299249e-05,two-sided 95% Wilson interval; conditional on the vector panel and synthetic IID draws,SYNTHETIC
fractional_offsets,fixed_six_v2_vectors,sparse_and_zeros,8.0,12.5,0.45,existing_nominal_decoder,abs_error_le_0.25,2000,0,0.0,1.0842021724855044e-19,0.001917047281252934,1.0,0.998082952718747,1.0,,,,,0.0,0.4607952516253306,1.119117050144808,0.038938416524681586,two-sided 95% Wilson interval; conditional on the vector panel and synthetic IID draws,SYNTHETIC
fractional_offsets,fixed_six_v2_vectors,sparse_and_zeros,8.0,12.5,0.45,oracle_best_integer_timing,abs_error_le_0.25,2000,1886,0.943,0.9319642649870394,0.9523372311217704,0.057,0.04766276887822962,0.06803573501296056,,,,,0.9477992034686994,0.06355395063087137,0.07958411819005713,0.00015598028195141082,two-sided 95% Wilson interval; conditional on the vector panel and synthetic IID draws,SYNTHETIC
fractional_offsets,fixed_six_v2_vectors,sparse_and_zeros,8.0,12.5,0.45,blind_matched_filter_energy_search,abs_error_le_0.25,2000,1886,0.943,0.9319642649870394,0.9523372311217704,0.057,0.04766276887822962,0.06803573501296056,2000,1.0,0.9980829527187469,0.9999999999999998,,0.06355395063087137,0.07958411819005713,0.00015598028195141082,two-sided 95% Wilson interval; conditional on the vector panel and synthetic IID draws,SYNTHETIC
fractional_offsets,fixed_six_v2_vectors,boundary_values,8.0,12.5,0.45,existing_nominal_decoder,abs_error_le_0.25,2000,0,0.0,1.0842021724855044e-19,0.001917047281252934,1.0,0.998082952718747,1.0,,,,,0.0,2.142834183843172,2.664331256712659,-0.007961260254270899,two-sided 95% Wilson interval; conditional on the vector panel and synthetic IID draws,SYNTHETIC
fractional_offsets,fixed_six_v2_vectors,boundary_values,8.0,12.5,0.45,oracle_best_integer_timing,abs_error_le_0.25,2000,1881,0.9405,0.9292636881836284,0.9500473931615877,0.0595,0.049952606838412295,0.07073631181637163,,,,,0.9477992034686994,0.06374628632305201,0.07989098055935236,0.00013787309991205828,two-sided 95% Wilson interval; conditional on the vector panel and synthetic IID draws,SYNTHETIC
fractional_offsets,fixed_six_v2_vectors,boundary_values,8.0,12.5,0.45,blind_matched_filter_energy_search,abs_error_le_0.25,2000,1881,0.9405,0.9292636881836284,0.9500473931615877,0.0595,0.049952606838412295,0.07073631181637163,2000,1.0,0.9980829527187469,0.9999999999999998,,0.06374628632305201,0.07989098055935236,0.00013787309991205828,two-sided 95% Wilson interval; conditional on the vector panel and synthetic IID draws,SYNTHETIC
fractional_offsets,fixed_six_v2_vectors,randomized_1,8.0,12.5,0.45,existing_nominal_decoder,abs_error_le_0.25,2000,0,0.0,1.0842021724855044e-19,0.001917047281252934,1.0,0.998082952718747,1.0,,,,,0.0,2.430222108847154,2.6167505856755806,-0.3515692656320351,two-sided 95% Wilson interval; conditional on the vector panel and synthetic IID draws,SYNTHETIC
fractional_offsets,fixed_six_v2_vectors,randomized_1,8.0,12.5,0.45,oracle_best_integer_timing,abs_error_le_0.25,2000,1908,0.954,0.9439163444279334,0.9623429766406889,0.046,0.03765702335931109,0.056083655572066626,,,,,0.9477992034686994,0.06320376957680186,0.07906278043600824,-0.0003284122263671436,two-sided 95% Wilson interval; conditional on the vector panel and synthetic IID draws,SYNTHETIC
fractional_offsets,fixed_six_v2_vectors,randomized_1,8.0,12.5,0.45,blind_matched_filter_energy_search,abs_error_le_0.25,2000,1908,0.954,0.9439163444279334,0.9623429766406889,0.046,0.03765702335931109,0.056083655572066626,2000,1.0,0.9980829527187469,0.9999999999999998,,0.06320376957680186,0.07906278043600824,-0.0003284122263671436,two-sided 95% Wilson interval; conditional on the vector panel and synthetic IID draws,SYNTHETIC
fractional_offsets,fixed_six_v2_vectors,randomized_2,8.0,12.5,0.45,existing_nominal_decoder,abs_error_le_0.25,2000,0,0.0,1.0842021724855044e-19,0.001917047281252934,1.0,0.998082952718747,1.0,,,,,0.0,2.3716943257099303,2.585402389269717,0.27305982366150694,two-sided 95% Wilson interval; conditional on the vector panel and synthetic IID draws,SYNTHETIC
fractional_offsets,fixed_six_v2_vectors,randomized_2,8.0,12.5,0.45,oracle_best_integer_timing,abs_error_le_0.25,2000,1901,0.9505,0.9400999950103993,0.9591727453891917,0.0495,0.04082725461080827,0.059900004989600686,,,,,0.9477992034686994,0.06343249147595095,0.07942120911828414,3.276659354328634e-05,two-sided 95% Wilson interval; conditional on the vector panel and synthetic IID draws,SYNTHETIC
fractional_offsets,fixed_six_v2_vectors,randomized_2,8.0,12.5,0.45,blind_matched_filter_energy_search,abs_error_le_0.25,2000,1901,0.9505,0.9400999950103993,0.9591727453891917,0.0495,0.04082725461080827,0.059900004989600686,2000,1.0,0.9980829527187469,0.9999999999999998,,0.06343249147595095,0.07942120911828414,3.276659354328634e-05,two-sided 95% Wilson interval; conditional on the vector panel and synthetic IID draws,SYNTHETIC
fractional_offsets,fixed_six_v2_vectors,randomized_3,8.0,12.5,0.45,existing_nominal_decoder,abs_error_le_0.25,2000,0,0.0,1.0842021724855044e-19,0.001917047281252934,1.0,0.998082952718747,1.0,,,,,0.0,1.7220527524285316,1.9922693873736104,0.1344155903284251,two-sided 95% Wilson interval; conditional on the vector panel and synthetic IID draws,SYNTHETIC
fractional_offsets,fixed_six_v2_vectors,randomized_3,8.0,12.5,0.45,oracle_best_integer_timing,abs_error_le_0.25,2000,1912,0.956,0.9461034732959137,0.9641481795835833,0.044,0.03585182041641666,0.05389652670408629,,,,,0.9477992034686994,0.06344784292133722,0.07951813201024151,-7.802551757018495e-07,two-sided 95% Wilson interval; conditional on the vector panel and synthetic IID draws,SYNTHETIC
fractional_offsets,fixed_six_v2_vectors,randomized_3,8.0,12.5,0.45,blind_matched_filter_energy_search,abs_error_le_0.25,2000,1912,0.956,0.9461034732959137,0.9641481795835833,0.044,0.03585182041641666,0.05389652670408629,2000,1.0,0.9980829527187469,0.9999999999999998,,0.06344784292133722,0.07951813201024151,-7.802551757018495e-07,two-sided 95% Wilson interval; conditional on the vector panel and synthetic IID draws,SYNTHETIC
fractional_offsets,fixed_six_v2_vectors,POOLED_ALL_VECTORS,8.0,12.5,0.45,existing_nominal_decoder,abs_error_le_0.25,12000,0,0.0,0.0,0.0003200191233674895,1.0,0.9996799808766325,1.0,,,,,0.0,1.8715020534934208,2.3015090215604315,0.013166106391223707,two-sided 95% Wilson interval; conditional on the vector panel and synthetic IID draws,SYNTHETIC
fractional_offsets,fixed_six_v2_vectors,POOLED_ALL_VECTORS,8.0,12.5,0.45,oracle_best_integer_timing,abs_error_le_0.25,12000,11403,0.95025,0.9462136568266492,0.9539981659527584,0.04975,0.04600183404724156,0.05378634317335085,,,,,0.9477992034686994,0.06342272819481008,0.07943436405720881,1.2112228599483817e-05,two-sided 95% Wilson interval; conditional on the vector panel and synthetic IID draws,SYNTHETIC
fractional_offsets,fixed_six_v2_vectors,POOLED_ALL_VECTORS,8.0,12.5,0.45,blind_matched_filter_energy_search,abs_error_le_0.25,12000,11403,0.95025,0.9462136568266492,0.9539981659527584,0.04975,0.04600183404724156,0.05378634317335085,12000,1.0,0.9996799808766326,1.0,,0.06342272819481008,0.07943436405720881,1.2112228599483817e-05,two-sided 95% Wilson interval; conditional on the vector panel and synthetic IID draws,SYNTHETIC
random_vectors,random_uniform_-2_2,PER_FRAME_RANDOM,-8.0,-12.5,0.45,existing_nominal_decoder,abs_error_le_0.25,12000,0,0.0,0.0,0.0003200191233674895,1.0,0.9996799808766325,1.0,,,,,,1.8755122129810466,2.1680524738192695,-0.0053289074566504994,two-sided 95% Wilson interval; conditional on the vector panel and synthetic IID draws,SYNTHETIC
random_vectors,random_uniform_-2_2,PER_FRAME_RANDOM,-8.0,-12.5,0.45,oracle_exact_timing,abs_error_le_0.25,12000,11407,0.9505833333333333,0.9465592435018764,0.9543190325981157,0.049416666666666664,0.04568096740188432,0.05344075649812363,,,,,0.9477992034686994,0.06352417584407184,0.07956731228128022,0.0001340827175224849,two-sided 95% Wilson interval; conditional on the vector panel and synthetic IID draws,SYNTHETIC
random_vectors,random_uniform_-2_2,PER_FRAME_RANDOM,-8.0,-12.5,0.45,blind_matched_filter_energy_search,abs_error_le_0.25,12000,11407,0.9505833333333333,0.9465592435018764,0.9543190325981157,0.049416666666666664,0.04568096740188432,0.05344075649812363,12000,1.0,0.9996799808766326,1.0,,0.06352417584407184,0.07956731228128022,0.0001340827175224849,two-sided 95% Wilson interval; conditional on the vector panel and synthetic IID draws,SYNTHETIC
random_vectors,random_uniform_-2_2,PER_FRAME_RANDOM,-4.0,-6.25,0.45,existing_nominal_decoder,abs_error_le_0.25,12000,0,0.0,0.0,0.0003200191233674895,1.0,0.9996799808766325,1.0,,,,,,0.9857266833516506,1.1392870008017981,0.0007122107255373535,two-sided 95% Wilson interval; conditional on the vector panel and synthetic IID draws,SYNTHETIC
random_vectors,random_uniform_-2_2,PER_FRAME_RANDOM,-4.0,-6.25,0.45,oracle_exact_timing,abs_error_le_0.25,12000,11387,0.9489166666666666,0.9448317879092882,0.9527142215877815,0.051083333333333335,0.04728577841221848,0.055168212090711766,,,,,0.9477992034686994,0.06343202594282807,0.07950066986627703,5.3023971583383114e-05,two-sided 95% Wilson interval; conditional on the vector panel and synthetic IID draws,SYNTHETIC
random_vectors,random_uniform_-2_2,PER_FRAME_RANDOM,-4.0,-6.25,0.45,blind_matched_filter_energy_search,abs_error_le_0.25,12000,11387,0.9489166666666666,0.9448317879092882,0.9527142215877815,0.051083333333333335,0.04728577841221848,0.055168212090711766,12000,1.0,0.9996799808766326,1.0,,0.06343202594282807,0.07950066986627703,5.3023971583383114e-05,two-sided 95% Wilson interval; conditional on the vector panel and synthetic IID draws,SYNTHETIC
random_vectors,random_uniform_-2_2,PER_FRAME_RANDOM,-2.0,-3.125,0.45,existing_nominal_decoder,abs_error_le_0.25,12000,0,0.0,0.0,0.0003200191233674895,1.0,0.9996799808766325,1.0,,,,,,0.3091939245673442,0.3600543934076299,-0.0008510175181818444,two-sided 95% Wilson interval; conditional on the vector panel and synthetic IID draws,SYNTHETIC
random_vectors,random_uniform_-2_2,PER_FRAME_RANDOM,-2.0,-3.125,0.45,oracle_exact_timing,abs_error_le_0.25,12000,11372,0.9476666666666667,0.9435369614750841,0.9515098480697941,0.052333333333333336,0.048490151930205894,0.056463038524915854,,,,,0.9477992034686994,0.06356892049157363,0.07965791715074619,-1.820092327161091e-05,two-sided 95% Wilson interval; conditional on the vector panel and synthetic IID draws,SYNTHETIC
random_vectors,random_uniform_-2_2,PER_FRAME_RANDOM,-2.0,-3.125,0.45,blind_matched_filter_energy_search,abs_error_le_0.25,12000,11372,0.9476666666666667,0.9435369614750841,0.9515098480697941,0.052333333333333336,0.048490151930205894,0.056463038524915854,12000,1.0,0.9996799808766326,1.0,,0.06356892049157363,0.07965791715074619,-1.820092327161091e-05,two-sided 95% Wilson interval; conditional on the vector panel and synthetic IID draws,SYNTHETIC
random_vectors,random_uniform_-2_2,PER_FRAME_RANDOM,-1.0,-1.5625,0.45,existing_nominal_decoder,abs_error_le_0.25,12000,3417,0.28475,0.2767453334829879,0.2928924347496218,0.71525,0.7071075652503782,0.7232546665170121,,,,,,0.10325591282258995,0.12622572372506122,-4.4764561767869406e-05,two-sided 95% Wilson interval; conditional on the vector panel and synthetic IID draws,SYNTHETIC
random_vectors,random_uniform_-2_2,PER_FRAME_RANDOM,-1.0,-1.5625,0.45,oracle_exact_timing,abs_error_le_0.25,12000,11372,0.9476666666666667,0.9435369614750841,0.9515098480697941,0.052333333333333336,0.048490151930205894,0.056463038524915854,,,,,0.9477992034686994,0.06353417380532969,0.07960600593280119,-8.198385773756066e-06,two-sided 95% Wilson interval; conditional on the vector panel and synthetic IID draws,SYNTHETIC
random_vectors,random_uniform_-2_2,PER_FRAME_RANDOM,-1.0,-1.5625,0.45,blind_matched_filter_energy_search,abs_error_le_0.25,12000,11372,0.9476666666666667,0.9435369614750841,0.9515098480697941,0.052333333333333336,0.048490151930205894,0.056463038524915854,12000,1.0,0.9996799808766326,1.0,,0.06353417380532969,0.07960600593280119,-8.198385773756066e-06,two-sided 95% Wilson interval; conditional on the vector panel and synthetic IID draws,SYNTHETIC
random_vectors,random_uniform_-2_2,PER_FRAME_RANDOM,0.0,0.0,0.45,existing_nominal_decoder,abs_error_le_0.25,12000,11366,0.9471666666666667,0.9430192088748005,0.9510279206892013,0.052833333333333336,0.04897207931079872,0.05698079112519949,,,,,,0.06349217940345005,0.07954613081340789,5.243804845316088e-05,two-sided 95% Wilson interval; conditional on the vector panel and synthetic IID draws,SYNTHETIC
random_vectors,random_uniform_-2_2,PER_FRAME_RANDOM,0.0,0.0,0.45,oracle_exact_timing,abs_error_le_0.25,12000,11366,0.9471666666666667,0.9430192088748005,0.9510279206892013,0.052833333333333336,0.04897207931079872,0.05698079112519949,,,,,0.9477992034686994,0.06349217940345005,0.07954613081340789,5.243804845316088e-05,two-sided 95% Wilson interval; conditional on the vector panel and synthetic IID draws,SYNTHETIC
random_vectors,random_uniform_-2_2,PER_FRAME_RANDOM,0.0,0.0,0.45,blind_matched_filter_energy_search,abs_error_le_0.25,12000,11366,0.9471666666666667,0.9430192088748005,0.9510279206892013,0.052833333333333336,0.04897207931079872,0.05698079112519949,12000,1.0,0.9996799808766326,1.0,,0.06349217940345005,0.07954613081340789,5.243804845316088e-05,two-sided 95% Wilson interval; conditional on the vector panel and synthetic IID draws,SYNTHETIC
random_vectors,random_uniform_-2_2,PER_FRAME_RANDOM,1.0,1.5625,0.45,existing_nominal_decoder,abs_error_le_0.25,12000,3408,0.284,0.2760019841933786,0.29213626406791615,0.716,0.7078637359320838,0.7239980158066214,,,,,,0.10339386436552354,0.1262560553450697,-0.00017114882628717403,two-sided 95% Wilson interval; conditional on the vector panel and synthetic IID draws,SYNTHETIC
random_vectors,random_uniform_-2_2,PER_FRAME_RANDOM,1.0,1.5625,0.45,oracle_exact_timing,abs_error_le_0.25,12000,11406,0.9505,0.9464728422864019,0.954238820483444,0.0495,0.045761179516556005,0.05352715771359806,,,,,0.9477992034686994,0.0634003749654687,0.07947620699773086,-0.00011546582245523146,two-sided 95% Wilson interval; conditional on the vector panel and synthetic IID draws,SYNTHETIC
random_vectors,random_uniform_-2_2,PER_FRAME_RANDOM,1.0,1.5625,0.45,blind_matched_filter_energy_search,abs_error_le_0.25,12000,11406,0.9505,0.9464728422864019,0.954238820483444,0.0495,0.045761179516556005,0.05352715771359806,12000,1.0,0.9996799808766326,1.0,,0.0634003749654687,0.07947620699773086,-0.00011546582245523146,two-sided 95% Wilson interval; conditional on the vector panel and synthetic IID draws,SYNTHETIC
random_vectors,random_uniform_-2_2,PER_FRAME_RANDOM,2.0,3.125,0.45,existing_nominal_decoder,abs_error_le_0.25,12000,0,0.0,0.0,0.0003200191233674895,1.0,0.9996799808766325,1.0,,,,,,0.3094527367654197,0.36034902018765524,-0.0006609524674198122,two-sided 95% Wilson interval; conditional on the vector panel and synthetic IID draws,SYNTHETIC
random_vectors,random_uniform_-2_2,PER_FRAME_RANDOM,2.0,3.125,0.45,oracle_exact_timing,abs_error_le_0.25,12000,11374,0.9478333333333333,0.9437095680534211,0.9516704681517494,0.05216666666666667,0.04832953184825062,0.0562904319465789,,,,,0.9477992034686994,0.06337047597837663,0.07945231461049763,-0.00017229109558790975,two-sided 95% Wilson interval; conditional on the vector panel and synthetic IID draws,SYNTHETIC
random_vectors,random_uniform_-2_2,PER_FRAME_RANDOM,2.0,3.125,0.45,blind_matched_filter_energy_search,abs_error_le_0.25,12000,11374,0.9478333333333333,0.9437095680534211,0.9516704681517494,0.05216666666666667,0.04832953184825062,0.0562904319465789,12000,1.0,0.9996799808766326,1.0,,0.06337047597837663,0.07945231461049763,-0.00017229109558790975,two-sided 95% Wilson interval; conditional on the vector panel and synthetic IID draws,SYNTHETIC
random_vectors,random_uniform_-2_2,PER_FRAME_RANDOM,4.0,6.25,0.45,existing_nominal_decoder,abs_error_le_0.25,12000,0,0.0,0.0,0.0003200191233674895,1.0,0.9996799808766325,1.0,,,,,,0.9854772991737469,1.1392261029130248,-0.00096595558965686,two-sided 95% Wilson interval; conditional on the vector panel and synthetic IID draws,SYNTHETIC
random_vectors,random_uniform_-2_2,PER_FRAME_RANDOM,4.0,6.25,0.45,oracle_exact_timing,abs_error_le_0.25,12000,11370,0.9475,0.9433643661193831,0.9513492167652029,0.0525,0.0486507832347971,0.056635633880616876,,,,,0.9477992034686994,0.06344270283027563,0.07951919917426283,0.00018535799083931487,two-sided 95% Wilson interval; conditional on the vector panel and synthetic IID draws,SYNTHETIC
random_vectors,random_uniform_-2_2,PER_FRAME_RANDOM,4.0,6.25,0.45,blind_matched_filter_energy_search,abs_error_le_0.25,12000,11370,0.9475,0.9433643661193831,0.9513492167652029,0.0525,0.0486507832347971,0.056635633880616876,12000,1.0,0.9996799808766326,1.0,,0.06344270283027563,0.07951919917426283,0.00018535799083931487,two-sided 95% Wilson interval; conditional on the vector panel and synthetic IID draws,SYNTHETIC
random_vectors,random_uniform_-2_2,PER_FRAME_RANDOM,8.0,12.5,0.45,existing_nominal_decoder,abs_error_le_0.25,12000,0,0.0,0.0,0.0003200191233674895,1.0,0.9996799808766325,1.0,,,,,,1.8754745333155494,2.1682371145257786,0.007493497460437595,two-sided 95% Wilson interval; conditional on the vector panel and synthetic IID draws,SYNTHETIC
random_vectors,random_uniform_-2_2,PER_FRAME_RANDOM,8.0,12.5,0.45,oracle_exact_timing,abs_error_le_0.25,12000,11355,0.94625,0.9420702536527394,0.9501441292796551,0.05375,0.04985587072034492,0.05792974634726056,,,,,0.9477992034686994,0.06354631344485927,0.07961068839204105,0.00018803265274889409,two-sided 95% Wilson interval; conditional on the vector panel and synthetic IID draws,SYNTHETIC
random_vectors,random_uniform_-2_2,PER_FRAME_RANDOM,8.0,12.5,0.45,blind_matched_filter_energy_search,abs_error_le_0.25,12000,11355,0.94625,0.9420702536527394,0.9501441292796551,0.05375,0.04985587072034492,0.05792974634726056,12000,1.0,0.9996799808766326,1.0,,0.06354631344485927,0.07961068839204105,0.00018803265274889409,two-sided 95% Wilson interval; conditional on the vector panel and synthetic IID draws,SYNTHETIC
random_vectors,random_integer_alphabet_-2..2,PER_FRAME_RANDOM,-8.0,-12.5,0.45,existing_nominal_decoder,abs_error_le_0.25,12000,0,0.0,0.0,0.0003200191233674895,1.0,0.9996799808766325,1.0,,,,,,2.2810139249759627,2.6580185108214196,-0.003969277190864649,two-sided 95% Wilson interval; conditional on the vector panel and synthetic IID draws,SYNTHETIC
random_vectors,random_integer_alphabet_-2..2,PER_FRAME_RANDOM,-8.0,-12.5,0.45,oracle_exact_timing,abs_error_le_0.25,12000,11349,0.94575,0.9415527800109936,0.9496619229405242,0.05425,0.050338077059475794,0.05844721998900637,,,,,0.9477992034686994,0.06352448557211575,0.07966869583167979,-0.0002019933279451,two-sided 95% Wilson interval; conditional on the vector panel and synthetic IID draws,SYNTHETIC
random_vectors,random_integer_alphabet_-2..2,PER_FRAME_RANDOM,-8.0,-12.5,0.45,blind_matched_filter_energy_search,abs_error_le_0.25,12000,11349,0.94575,0.9415527800109936,0.9496619229405242,0.05425,0.050338077059475794,0.05844721998900637,12000,1.0,0.9996799808766326,1.0,,0.06352448557211575,0.07966869583167979,-0.0002019933279451,two-sided 95% Wilson interval; conditional on the vector panel and synthetic IID draws,SYNTHETIC
random_vectors,random_integer_alphabet_-2..2,PER_FRAME_RANDOM,-8.0,-12.5,0.45,existing_nominal_decoder,round_to_integer_exact,12000,0,0.0,0.0,0.0003200191233674895,1.0,0.9996799808766325,1.0,,,,,,2.2810139249759627,2.6580185108214196,-0.003969277190864649,two-sided 95% Wilson interval; conditional on the vector panel and synthetic IID draws,SYNTHETIC
random_vectors,random_integer_alphabet_-2..2,PER_FRAME_RANDOM,-8.0,-12.5,0.45,oracle_exact_timing,round_to_integer_exact,12000,12000,1.0,0.9996799808766326,1.0,0.0,0.0,0.0003200191233674321,,,,,0.9999999895352296,0.06352448557211575,0.07966869583167979,-0.0002019933279451,two-sided 95% Wilson interval; conditional on the vector panel and synthetic IID draws,SYNTHETIC
random_vectors,random_integer_alphabet_-2..2,PER_FRAME_RANDOM,-8.0,-12.5,0.45,blind_matched_filter_energy_search,round_to_integer_exact,12000,12000,1.0,0.9996799808766326,1.0,0.0,0.0,0.0003200191233674321,12000,1.0,0.9996799808766326,1.0,,0.06352448557211575,0.07966869583167979,-0.0002019933279451,two-sided 95% Wilson interval; conditional on the vector panel and synthetic IID draws,SYNTHETIC
random_vectors,random_integer_alphabet_-2..2,PER_FRAME_RANDOM,-4.0,-6.25,0.45,existing_nominal_decoder,abs_error_le_0.25,12000,0,0.0,0.0,0.0003200191233674895,1.0,0.9996799808766325,1.0,,,,,,1.193868558664887,1.394411736533182,-0.0002216969619456033,two-sided 95% Wilson interval; conditional on the vector panel and synthetic IID draws,SYNTHETIC
random_vectors,random_integer_alphabet_-2..2,PER_FRAME_RANDOM,-4.0,-6.25,0.45,oracle_exact_timing,abs_error_le_0.25,12000,11394,0.9495,0.9454362624541846,0.953276040353908,0.0505,0.046723959646091995,0.05456373754581545,,,,,0.9477992034686994,0.0634363010969757,0.07943412777245741,-2.4968781311142403e-05,two-sided 95% Wilson interval; conditional on the vector panel and synthetic IID draws,SYNTHETIC
random_vectors,random_integer_alphabet_-2..2,PER_FRAME_RANDOM,-4.0,-6.25,0.45,blind_matched_filter_energy_search,abs_error_le_0.25,12000,11394,0.9495,0.9454362624541846,0.953276040353908,0.0505,0.046723959646091995,0.05456373754581545,12000,1.0,0.9996799808766326,1.0,,0.0634363010969757,0.07943412777245741,-2.4968781311142403e-05,two-sided 95% Wilson interval; conditional on the vector panel and synthetic IID draws,SYNTHETIC
random_vectors,random_integer_alphabet_-2..2,PER_FRAME_RANDOM,-4.0,-6.25,0.45,existing_nominal_decoder,round_to_integer_exact,12000,0,0.0,0.0,0.0003200191233674895,1.0,0.9996799808766325,1.0,,,,,,1.193868558664887,1.394411736533182,-0.0002216969619456033,two-sided 95% Wilson interval; conditional on the vector panel and synthetic IID draws,SYNTHETIC
random_vectors,random_integer_alphabet_-2..2,PER_FRAME_RANDOM,-4.0,-6.25,0.45,oracle_exact_timing,round_to_integer_exact,12000,12000,1.0,0.9996799808766326,1.0,0.0,0.0,0.0003200191233674321,,,,,0.9999999895352296,0.0634363010969757,0.07943412777245741,-2.4968781311142403e-05,two-sided 95% Wilson interval; conditional on the vector panel and synthetic IID draws,SYNTHETIC
random_vectors,random_integer_alphabet_-2..2,PER_FRAME_RANDOM,-4.0,-6.25,0.45,blind_matched_filter_energy_search,round_to_integer_exact,12000,12000,1.0,0.9996799808766326,1.0,0.0,0.0,0.0003200191233674321,12000,1.0,0.9996799808766326,1.0,,0.0634363010969757,0.07943412777245741,-2.4968781311142403e-05,two-sided 95% Wilson interval; conditional on the vector panel and synthetic IID draws,SYNTHETIC
random_vectors,random_integer_alphabet_-2..2,PER_FRAME_RANDOM,-2.0,-3.125,0.45,existing_nominal_decoder,abs_error_le_0.25,12000,0,0.0,0.0,0.0003200191233674895,1.0,0.9996799808766325,1.0,,,,,,0.3779756367589569,0.43772211845333237,0.0014643731203459079,two-sided 95% Wilson interval; conditional on the vector panel and synthetic IID draws,SYNTHETIC
random_vectors,random_integer_alphabet_-2..2,PER_FRAME_RANDOM,-2.0,-3.125,0.45,oracle_exact_timing,abs_error_le_0.25,12000,11372,0.9476666666666667,0.9435369614750841,0.9515098480697941,0.052333333333333336,0.048490151930205894,0.056463038524915854,,,,,0.9477992034686994,0.06345943794990652,0.07955912255807597,8.190119806214646e-06,two-sided 95% Wilson interval; conditional on the vector panel and synthetic IID draws,SYNTHETIC
random_vectors,random_integer_alphabet_-2..2,PER_FRAME_RANDOM,-2.0,-3.125,0.45,blind_matched_filter_energy_search,abs_error_le_0.25,12000,11372,0.9476666666666667,0.9435369614750841,0.9515098480697941,0.052333333333333336,0.048490151930205894,0.056463038524915854,12000,1.0,0.9996799808766326,1.0,,0.06345943794990652,0.07955912255807597,8.190119806214646e-06,two-sided 95% Wilson interval; conditional on the vector panel and synthetic IID draws,SYNTHETIC
random_vectors,random_integer_alphabet_-2..2,PER_FRAME_RANDOM,-2.0,-3.125,0.45,existing_nominal_decoder,round_to_integer_exact,12000,0,0.0,0.0,0.0003200191233674895,1.0,0.9996799808766325,1.0,,,,,,0.3779756367589569,0.43772211845333237,0.0014643731203459079,two-sided 95% Wilson interval; conditional on the vector panel and synthetic IID draws,SYNTHETIC
random_vectors,random_integer_alphabet_-2..2,PER_FRAME_RANDOM,-2.0,-3.125,0.45,oracle_exact_timing,round_to_integer_exact,12000,12000,1.0,0.9996799808766326,1.0,0.0,0.0,0.0003200191233674321,,,,,0.9999999895352296,0.06345943794990652,0.07955912255807597,8.190119806214646e-06,two-sided 95% Wilson interval; conditional on the vector panel and synthetic IID draws,SYNTHETIC
random_vectors,random_integer_alphabet_-2..2,PER_FRAME_RANDOM,-2.0,-3.125,0.45,blind_matched_filter_energy_search,round_to_integer_exact,12000,12000,1.0,0.9996799808766326,1.0,0.0,0.0,0.0003200191233674321,12000,1.0,0.9996799808766326,1.0,,0.06345943794990652,0.07955912255807597,8.190119806214646e-06,two-sided 95% Wilson interval; conditional on the vector panel and synthetic IID draws,SYNTHETIC
random_vectors,random_integer_alphabet_-2..2,PER_FRAME_RANDOM,-1.0,-1.5625,0.45,existing_nominal_decoder,abs_error_le_0.25,12000,1134,0.0945,0.08939519078480869,0.09986434472424234,0.9055,0.9001356552757577,0.9106048092151913,,,,,,0.11963660274715127,0.14411022354551836,0.0002706837835432129,two-sided 95% Wilson interval; conditional on the vector panel and synthetic IID draws,SYNTHETIC
random_vectors,random_integer_alphabet_-2..2,PER_FRAME_RANDOM,-1.0,-1.5625,0.45,oracle_exact_timing,abs_error_le_0.25,12000,11358,0.9465,0.9423290268671259,0.9503851960557069,0.0535,0.04961480394429307,0.05767097313287406,,,,,0.9477992034686994,0.06346464060876417,0.0795681174621146,0.00012545782813464426,two-sided 95% Wilson interval; conditional on the vector panel and synthetic IID draws,SYNTHETIC
random_vectors,random_integer_alphabet_-2..2,PER_FRAME_RANDOM,-1.0,-1.5625,0.45,blind_matched_filter_energy_search,abs_error_le_0.25,12000,11358,0.9465,0.9423290268671259,0.9503851960557069,0.0535,0.04961480394429307,0.05767097313287406,12000,1.0,0.9996799808766326,1.0,,0.06346464060876417,0.0795681174621146,0.00012545782813464426,two-sided 95% Wilson interval; conditional on the vector panel and synthetic IID draws,SYNTHETIC
random_vectors,random_integer_alphabet_-2..2,PER_FRAME_RANDOM,-1.0,-1.5625,0.45,existing_nominal_decoder,round_to_integer_exact,12000,11996,0.9996666666666667,0.9991431617741264,0.9998703657819217,0.0003333333333333333,0.00012963421807832276,0.0008568382258735685,,,,,,0.11963660274715127,0.14411022354551836,0.0002706837835432129,two-sided 95% Wilson interval; conditional on the vector panel and synthetic IID draws,SYNTHETIC
random_vectors,random_integer_alphabet_-2..2,PER_FRAME_RANDOM,-1.0,-1.5625,0.45,oracle_exact_timing,round_to_integer_exact,12000,12000,1.0,0.9996799808766326,1.0,0.0,0.0,0.0003200191233674321,,,,,0.9999999895352296,0.06346464060876417,0.0795681174621146,0.00012545782813464426,two-sided 95% Wilson interval; conditional on the vector panel and synthetic IID draws,SYNTHETIC
random_vectors,random_integer_alphabet_-2..2,PER_FRAME_RANDOM,-1.0,-1.5625,0.45,blind_matched_filter_energy_search,round_to_integer_exact,12000,12000,1.0,0.9996799808766326,1.0,0.0,0.0,0.0003200191233674321,12000,1.0,0.9996799808766326,1.0,,0.06346464060876417,0.0795681174621146,0.00012545782813464426,two-sided 95% Wilson interval; conditional on the vector panel and synthetic IID draws,SYNTHETIC
random_vectors,random_integer_alphabet_-2..2,PER_FRAME_RANDOM,0.0,0.0,0.45,existing_nominal_decoder,abs_error_le_0.25,12000,11319,0.94325,0.9389668275017875,0.9472494755453473,0.05675,0.05275052445465267,0.061033172498212496,,,,,,0.06347895146449441,0.07960559696806377,-7.292922049145625e-06,two-sided 95% Wilson interval; conditional on the vector panel and synthetic IID draws,SYNTHETIC
random_vectors,random_integer_alphabet_-2..2,PER_FRAME_RANDOM,0.0,0.0,0.45,oracle_exact_timing,abs_error_le_0.25,12000,11319,0.94325,0.9389668275017875,0.9472494755453473,0.05675,0.05275052445465267,0.061033172498212496,,,,,0.9477992034686994,0.06347895146449441,0.07960559696806377,-7.292922049145625e-06,two-sided 95% Wilson interval; conditional on the vector panel and synthetic IID draws,SYNTHETIC
random_vectors,random_integer_alphabet_-2..2,PER_FRAME_RANDOM,0.0,0.0,0.45,blind_matched_filter_energy_search,abs_error_le_0.25,12000,11319,0.94325,0.9389668275017875,0.9472494755453473,0.05675,0.05275052445465267,0.061033172498212496,12000,1.0,0.9996799808766326,1.0,,0.06347895146449441,0.07960559696806377,-7.292922049145625e-06,two-sided 95% Wilson interval; conditional on the vector panel and synthetic IID draws,SYNTHETIC
random_vectors,random_integer_alphabet_-2..2,PER_FRAME_RANDOM,0.0,0.0,0.45,existing_nominal_decoder,round_to_integer_exact,12000,12000,1.0,0.9996799808766326,1.0,0.0,0.0,0.0003200191233674321,,,,,,0.06347895146449441,0.07960559696806377,-7.292922049145625e-06,two-sided 95% Wilson interval; conditional on the vector panel and synthetic IID draws,SYNTHETIC
random_vectors,random_integer_alphabet_-2..2,PER_FRAME_RANDOM,0.0,0.0,0.45,oracle_exact_timing,round_to_integer_exact,12000,12000,1.0,0.9996799808766326,1.0,0.0,0.0,0.0003200191233674321,,,,,0.9999999895352296,0.06347895146449441,0.07960559696806377,-7.292922049145625e-06,two-sided 95% Wilson interval; conditional on the vector panel and synthetic IID draws,SYNTHETIC
random_vectors,random_integer_alphabet_-2..2,PER_FRAME_RANDOM,0.0,0.0,0.45,blind_matched_filter_energy_search,round_to_integer_exact,12000,12000,1.0,0.9996799808766326,1.0,0.0,0.0,0.0003200191233674321,12000,1.0,0.9996799808766326,1.0,,0.06347895146449441,0.07960559696806377,-7.292922049145625e-06,two-sided 95% Wilson interval; conditional on the vector panel and synthetic IID draws,SYNTHETIC
random_vectors,random_integer_alphabet_-2..2,PER_FRAME_RANDOM,1.0,1.5625,0.45,existing_nominal_decoder,abs_error_le_0.25,12000,1103,0.09191666666666666,0.08687730863432312,0.09721721364019863,0.9080833333333334,0.9027827863598014,0.9131226913656769,,,,,,0.11955855752423167,0.14414062219466353,-8.277511331466194e-05,two-sided 95% Wilson interval; conditional on the vector panel and synthetic IID draws,SYNTHETIC
random_vectors,random_integer_alphabet_-2..2,PER_FRAME_RANDOM,1.0,1.5625,0.45,oracle_exact_timing,abs_error_le_0.25,12000,11403,0.95025,0.9462136568266492,0.9539981659527584,0.04975,0.04600183404724156,0.05378634317335085,,,,,0.9477992034686994,0.06358077009771923,0.07964130165257088,-1.9978955005418558e-05,two-sided 95% Wilson interval; conditional on the vector panel and synthetic IID draws,SYNTHETIC
random_vectors,random_integer_alphabet_-2..2,PER_FRAME_RANDOM,1.0,1.5625,0.45,blind_matched_filter_energy_search,abs_error_le_0.25,12000,11403,0.95025,0.9462136568266492,0.9539981659527584,0.04975,0.04600183404724156,0.05378634317335085,12000,1.0,0.9996799808766326,1.0,,0.06358077009771923,0.07964130165257088,-1.9978955005418558e-05,two-sided 95% Wilson interval; conditional on the vector panel and synthetic IID draws,SYNTHETIC
random_vectors,random_integer_alphabet_-2..2,PER_FRAME_RANDOM,1.0,1.5625,0.45,existing_nominal_decoder,round_to_integer_exact,12000,12000,1.0,0.9996799808766326,1.0,0.0,0.0,0.0003200191233674321,,,,,,0.11955855752423167,0.14414062219466353,-8.277511331466194e-05,two-sided 95% Wilson interval; conditional on the vector panel and synthetic IID draws,SYNTHETIC
random_vectors,random_integer_alphabet_-2..2,PER_FRAME_RANDOM,1.0,1.5625,0.45,oracle_exact_timing,round_to_integer_exact,12000,12000,1.0,0.9996799808766326,1.0,0.0,0.0,0.0003200191233674321,,,,,0.9999999895352296,0.06358077009771923,0.07964130165257088,-1.9978955005418558e-05,two-sided 95% Wilson interval; conditional on the vector panel and synthetic IID draws,SYNTHETIC
random_vectors,random_integer_alphabet_-2..2,PER_FRAME_RANDOM,1.0,1.5625,0.45,blind_matched_filter_energy_search,round_to_integer_exact,12000,12000,1.0,0.9996799808766326,1.0,0.0,0.0,0.0003200191233674321,12000,1.0,0.9996799808766326,1.0,,0.06358077009771923,0.07964130165257088,-1.9978955005418558e-05,two-sided 95% Wilson interval; conditional on the vector panel and synthetic IID draws,SYNTHETIC
random_vectors,random_integer_alphabet_-2..2,PER_FRAME_RANDOM,2.0,3.125,0.45,existing_nominal_decoder,abs_error_le_0.25,12000,0,0.0,0.0,0.0003200191233674895,1.0,0.9996799808766325,1.0,,,,,,0.3775138378558942,0.43727429446960897,0.00019536752857078306,two-sided 95% Wilson interval; conditional on the vector panel and synthetic IID draws,SYNTHETIC
random_vectors,random_integer_alphabet_-2..2,PER_FRAME_RANDOM,2.0,3.125,0.45,oracle_exact_timing,abs_error_le_0.25,12000,11383,0.9485833333333333,0.9444864379068214,0.9523931182696641,0.051416666666666666,0.04760688173033589,0.05551356209317859,,,,,0.9477992034686994,0.0633964610000782,0.0795125059560742,2.814361224088018e-05,two-sided 95% Wilson interval; conditional on the vector panel and synthetic IID draws,SYNTHETIC
random_vectors,random_integer_alphabet_-2..2,PER_FRAME_RANDOM,2.0,3.125,0.45,blind_matched_filter_energy_search,abs_error_le_0.25,12000,11383,0.9485833333333333,0.9444864379068214,0.9523931182696641,0.051416666666666666,0.04760688173033589,0.05551356209317859,12000,1.0,0.9996799808766326,1.0,,0.0633964610000782,0.0795125059560742,2.814361224088018e-05,two-sided 95% Wilson interval; conditional on the vector panel and synthetic IID draws,SYNTHETIC
random_vectors,random_integer_alphabet_-2..2,PER_FRAME_RANDOM,2.0,3.125,0.45,existing_nominal_decoder,round_to_integer_exact,12000,0,0.0,0.0,0.0003200191233674895,1.0,0.9996799808766325,1.0,,,,,,0.3775138378558942,0.43727429446960897,0.00019536752857078306,two-sided 95% Wilson interval; conditional on the vector panel and synthetic IID draws,SYNTHETIC
random_vectors,random_integer_alphabet_-2..2,PER_FRAME_RANDOM,2.0,3.125,0.45,oracle_exact_timing,round_to_integer_exact,12000,12000,1.0,0.9996799808766326,1.0,0.0,0.0,0.0003200191233674321,,,,,0.9999999895352296,0.0633964610000782,0.0795125059560742,2.814361224088018e-05,two-sided 95% Wilson interval; conditional on the vector panel and synthetic IID draws,SYNTHETIC
random_vectors,random_integer_alphabet_-2..2,PER_FRAME_RANDOM,2.0,3.125,0.45,blind_matched_filter_energy_search,round_to_integer_exact,12000,12000,1.0,0.9996799808766326,1.0,0.0,0.0,0.0003200191233674321,12000,1.0,0.9996799808766326,1.0,,0.0633964610000782,0.0795125059560742,2.814361224088018e-05,two-sided 95% Wilson interval; conditional on the vector panel and synthetic IID draws,SYNTHETIC
random_vectors,random_integer_alphabet_-2..2,PER_FRAME_RANDOM,4.0,6.25,0.45,existing_nominal_decoder,abs_error_le_0.25,12000,0,0.0,0.0,0.0003200191233674895,1.0,0.9996799808766325,1.0,,,,,,1.1930477238033694,1.3937542010025599,0.0032408330084293833,two-sided 95% Wilson interval; conditional on the vector panel and synthetic IID draws,SYNTHETIC
random_vectors,random_integer_alphabet_-2..2,PER_FRAME_RANDOM,4.0,6.25,0.45,oracle_exact_timing,abs_error_le_0.25,12000,11386,0.9488333333333333,0.944745446070353,0.9526339500965706,0.051166666666666666,0.04736604990342941,0.055254553929646955,,,,,0.9477992034686994,0.06353192363856226,0.07961475251487898,-5.639051899939105e-05,two-sided 95% Wilson interval; conditional on the vector panel and synthetic IID draws,SYNTHETIC
random_vectors,random_integer_alphabet_-2..2,PER_FRAME_RANDOM,4.0,6.25,0.45,blind_matched_filter_energy_search,abs_error_le_0.25,12000,11386,0.9488333333333333,0.944745446070353,0.9526339500965706,0.051166666666666666,0.04736604990342941,0.055254553929646955,12000,1.0,0.9996799808766326,1.0,,0.06353192363856226,0.07961475251487898,-5.639051899939105e-05,two-sided 95% Wilson interval; conditional on the vector panel and synthetic IID draws,SYNTHETIC
random_vectors,random_integer_alphabet_-2..2,PER_FRAME_RANDOM,4.0,6.25,0.45,existing_nominal_decoder,round_to_integer_exact,12000,0,0.0,0.0,0.0003200191233674895,1.0,0.9996799808766325,1.0,,,,,,1.1930477238033694,1.3937542010025599,0.0032408330084293833,two-sided 95% Wilson interval; conditional on the vector panel and synthetic IID draws,SYNTHETIC
random_vectors,random_integer_alphabet_-2..2,PER_FRAME_RANDOM,4.0,6.25,0.45,oracle_exact_timing,round_to_integer_exact,12000,12000,1.0,0.9996799808766326,1.0,0.0,0.0,0.0003200191233674321,,,,,0.9999999895352296,0.06353192363856226,0.07961475251487898,-5.639051899939105e-05,two-sided 95% Wilson interval; conditional on the vector panel and synthetic IID draws,SYNTHETIC
random_vectors,random_integer_alphabet_-2..2,PER_FRAME_RANDOM,4.0,6.25,0.45,blind_matched_filter_energy_search,round_to_integer_exact,12000,12000,1.0,0.9996799808766326,1.0,0.0,0.0,0.0003200191233674321,12000,1.0,0.9996799808766326,1.0,,0.06353192363856226,0.07961475251487898,-5.639051899939105e-05,two-sided 95% Wilson interval; conditional on the vector panel and synthetic IID draws,SYNTHETIC
random_vectors,random_integer_alphabet_-2..2,PER_FRAME_RANDOM,8.0,12.5,0.45,existing_nominal_decoder,abs_error_le_0.25,12000,0,0.0,0.0,0.0003200191233674895,1.0,0.9996799808766325,1.0,,,,,,2.2791692044897403,2.655893020550105,-0.0038243671555495,two-sided 95% Wilson interval; conditional on the vector panel and synthetic IID draws,SYNTHETIC
random_vectors,random_integer_alphabet_-2..2,PER_FRAME_RANDOM,8.0,12.5,0.45,oracle_exact_timing,abs_error_le_0.25,12000,11407,0.9505833333333333,0.9465592435018764,0.9543190325981157,0.049416666666666664,0.04568096740188432,0.05344075649812363,,,,,0.9477992034686994,0.06348965536595487,0.07954385548424836,-3.548783687368191e-05,two-sided 95% Wilson interval; conditional on the vector panel and synthetic IID draws,SYNTHETIC
random_vectors,random_integer_alphabet_-2..2,PER_FRAME_RANDOM,8.0,12.5,0.45,blind_matched_filter_energy_search,abs_error_le_0.25,12000,11407,0.9505833333333333,0.9465592435018764,0.9543190325981157,0.049416666666666664,0.04568096740188432,0.05344075649812363,12000,1.0,0.9996799808766326,1.0,,0.06348965536595487,0.07954385548424836,-3.548783687368191e-05,two-sided 95% Wilson interval; conditional on the vector panel and synthetic IID draws,SYNTHETIC
random_vectors,random_integer_alphabet_-2..2,PER_FRAME_RANDOM,8.0,12.5,0.45,existing_nominal_decoder,round_to_integer_exact,12000,0,0.0,0.0,0.0003200191233674895,1.0,0.9996799808766325,1.0,,,,,,2.2791692044897403,2.655893020550105,-0.0038243671555495,two-sided 95% Wilson interval; conditional on the vector panel and synthetic IID draws,SYNTHETIC
random_vectors,random_integer_alphabet_-2..2,PER_FRAME_RANDOM,8.0,12.5,0.45,oracle_exact_timing,round_to_integer_exact,12000,12000,1.0,0.9996799808766326,1.0,0.0,0.0,0.0003200191233674321,,,,,0.9999999895352296,0.06348965536595487,0.07954385548424836,-3.548783687368191e-05,two-sided 95% Wilson interval; conditional on the vector panel and synthetic IID draws,SYNTHETIC
random_vectors,random_integer_alphabet_-2..2,PER_FRAME_RANDOM,8.0,12.5,0.45,blind_matched_filter_energy_search,round_to_integer_exact,12000,12000,1.0,0.9996799808766326,1.0,0.0,0.0,0.0003200191233674321,12000,1.0,0.9996799808766326,1.0,,0.06348965536595487,0.07954385548424836,-3.548783687368191e-05,two-sided 95% Wilson interval; conditional on the vector panel and synthetic IID draws,SYNTHETIC
