cfo_cycles_per_symbol,clock_error_ppm,timing_offset_samples,noise_std,vector_pattern,method,frames,frames_passing,frame_pass_share,wilson95_lower,wilson95_upper,empirical_mae,empirical_rmse,mean_bias,max_abs_error,timing_acquired_frames,timing_acquisition_share,acquisition_wilson95_lower,acquisition_wilson95_upper,joint_acquired_frames,joint_acquisition_share,joint_acquisition_wilson95_lower,joint_acquisition_wilson95_upper
-0.005,-2500.0,-2.0,0.0,mixed_signs,nominal,1,0,0.0,,,1.4790466074798791,1.817939242261147,-0.22405814620360515,3.611144832537348,,,,,,,,
-0.005,-2500.0,-2.0,0.0,mixed_signs,oracle,1,1,1.0,,,0.014750134569077379,0.019361161183070744,0.0004673556284274321,0.05007194942474369,,,,,,,,
-0.005,-2500.0,-2.0,0.0,mixed_signs,blind_joint_search,1,1,1.0,,,0.014750134569077379,0.019361161183070744,0.0004673556284274321,0.05007194942474369,1,1.0,,,1,1.0,,
-0.005,-2500.0,-2.0,0.0,sparse_and_zeros,nominal,1,0,0.0,,,0.2608207341757295,0.8209854598113604,-0.029994377150834327,3.7174892014726155,,,,,,,,
-0.005,-2500.0,-2.0,0.0,sparse_and_zeros,oracle,1,1,1.0,,,0.004086323515295193,0.011071190805998365,-0.0006830138205861787,0.04196186971540383,,,,,,,,
-0.005,-2500.0,-2.0,0.0,sparse_and_zeros,blind_joint_search,1,1,1.0,,,0.004086323515295193,0.011071190805998365,-0.0006830138205861787,0.04196186971540383,1,1.0,,,1,1.0,,
-0.005,-2500.0,-2.0,0.0,boundary_values,nominal,1,0,0.0,,,1.5409299205302442,2.070116806745833,-0.2117117372745132,3.896434744430957,,,,,,,,
-0.005,-2500.0,-2.0,0.0,boundary_values,oracle,1,1,1.0,,,0.014845142732012815,0.020433828103845503,0.00047836440987469365,0.04196186971540383,,,,,,,,
-0.005,-2500.0,-2.0,0.0,boundary_values,blind_joint_search,1,1,1.0,,,0.014845142732012815,0.020433828103845503,0.00047836440987469365,0.04196186971540383,1,1.0,,,1,1.0,,
-0.005,-2500.0,-2.0,0.0,randomized_1,nominal,1,0,0.0,,,1.7316899656727684,1.9306673135100152,-0.31796610573003303,3.1136600735549864,,,,,,,,
-0.005,-2500.0,-2.0,0.0,randomized_1,oracle,1,1,1.0,,,0.018990016152298773,0.02233559262545588,-0.00531916303924919,0.04244613811249698,,,,,,,,
-0.005,-2500.0,-2.0,0.0,randomized_1,blind_joint_search,1,1,1.0,,,0.018990016152298773,0.02233559262545588,-0.00531916303924919,0.04244613811249698,1,1.0,,,1,1.0,,
-0.005,-2500.0,-2.0,0.0,randomized_2,nominal,1,0,0.0,,,1.654183577301644,1.9106222248520912,0.04297125893907355,3.46374159647893,,,,,,,,
-0.005,-2500.0,-2.0,0.0,randomized_2,oracle,1,1,1.0,,,0.018559608004607125,0.022023609641627216,0.001377168323971484,0.03728527645611335,,,,,,,,
-0.005,-2500.0,-2.0,0.0,randomized_2,blind_joint_search,1,1,1.0,,,0.018559608004607125,0.022023609641627216,0.001377168323971484,0.03728527645611335,1,1.0,,,1,1.0,,
-0.005,-2500.0,-2.0,0.0,randomized_3,nominal,1,0,0.0,,,1.2628477881199855,1.5110940651856226,-0.05741529230116316,3.1242103795928413,,,,,,,,
-0.005,-2500.0,-2.0,0.0,randomized_3,oracle,1,1,1.0,,,0.013778735433924976,0.018103588336329312,-0.0006885293921588991,0.051332323944056846,,,,,,,,
-0.005,-2500.0,-2.0,0.0,randomized_3,blind_joint_search,1,1,1.0,,,0.013778735433924976,0.018103588336329312,-0.0006885293921588991,0.051332323944056846,1,1.0,,,1,1.0,,
-0.005,-2500.0,-2.0,0.0,POOLED_ALL_VECTORS,nominal,6,0,0.0,,,1.3215864322133752,1.7284705494907058,-0.13302906662017921,3.896434744430957,,,,,,,,
-0.005,-2500.0,-2.0,0.0,POOLED_ALL_VECTORS,oracle,6,6,1.0,,,0.014168326734536043,0.019264064772807545,-0.0007279696482867764,0.051332323944056846,,,,,,,,
-0.005,-2500.0,-2.0,0.0,POOLED_ALL_VECTORS,blind_joint_search,6,6,1.0,,,0.014168326734536043,0.019264064772807545,-0.0007279696482867764,0.051332323944056846,,,,,,,,
-0.005,-2500.0,-2.0,0.25,mixed_signs,nominal,200,0,0.0,1.734723475976807e-18,0.018845326377266575,1.4779881562875274,1.8180619493118462,-0.2253438708047436,3.745587045810225,,,,,,,,
-0.005,-2500.0,-2.0,0.25,mixed_signs,oracle,200,200,1.0,0.9811546736227335,1.0,0.03838093404238951,0.04814695260491161,0.0008768560909056955,0.17337984881947222,,,,,,,,
-0.005,-2500.0,-2.0,0.25,mixed_signs,blind_joint_search,200,200,1.0,0.9811546736227335,1.0,0.03838093404238951,0.04814695260491161,0.0008768560909056949,0.17337984881947222,200,1.0,0.9811546736227335,1.0,200,1.0,0.9811546736227335,1.0
-0.005,-2500.0,-2.0,0.25,sparse_and_zeros,nominal,200,0,0.0,1.734723475976807e-18,0.018845326377266575,0.28826666208574353,0.8224943249559769,-0.029758396642016252,3.8544859114617216,,,,,,,,
-0.005,-2500.0,-2.0,0.25,sparse_and_zeros,oracle,200,200,1.0,0.9811546736227335,1.0,0.03556423258917827,0.04485279835655278,-0.00121549549075703,0.16359556222762955,,,,,,,,
-0.005,-2500.0,-2.0,0.25,sparse_and_zeros,blind_joint_search,200,200,1.0,0.9811546736227335,1.0,0.03556423258917827,0.04485279835655278,-0.00121549549075703,0.16359556222762955,200,1.0,0.9811546736227335,1.0,200,1.0,0.9811546736227335,1.0
-0.005,-2500.0,-2.0,0.25,boundary_values,nominal,200,0,0.0,1.734723475976807e-18,0.018845326377266575,1.5469458558553522,2.070648745831312,-0.2124859264315174,4.051911916051462,,,,,,,,
-0.005,-2500.0,-2.0,0.25,boundary_values,oracle,200,200,1.0,0.9811546736227335,1.0,0.037468699173541724,0.04720631410199371,0.001368150547472097,0.18336881478417033,,,,,,,,
-0.005,-2500.0,-2.0,0.25,boundary_values,blind_joint_search,200,200,1.0,0.9811546736227335,1.0,0.03746869917354172,0.04720631410199371,0.0013681505474720979,0.18336881478417033,200,1.0,0.9811546736227335,1.0,200,1.0,0.9811546736227335,1.0
-0.005,-2500.0,-2.0,0.25,randomized_1,nominal,200,0,0.0,1.734723475976807e-18,0.018845326377266575,1.7318743271934909,1.9315338892863532,-0.3183616288971641,3.2338863775421847,,,,,,,,
-0.005,-2500.0,-2.0,0.25,randomized_1,oracle,200,200,1.0,0.9811546736227335,1.0,0.03932015575137396,0.049342857365118654,-0.005560038032568604,0.20344824161959418,,,,,,,,
-0.005,-2500.0,-2.0,0.25,randomized_1,blind_joint_search,200,200,1.0,0.9811546736227335,1.0,0.03932015575137396,0.049342857365118654,-0.005560038032568604,0.20344824161959418,200,1.0,0.9811546736227335,1.0,200,1.0,0.9811546736227335,1.0
-0.005,-2500.0,-2.0,0.25,randomized_2,nominal,200,0,0.0,1.734723475976807e-18,0.018845326377266575,1.6537273296078145,1.9112674870115591,0.04316744707830985,3.6091105571274014,,,,,,,,
-0.005,-2500.0,-2.0,0.25,randomized_2,oracle,200,200,1.0,0.9811546736227335,1.0,0.03906978494938769,0.04887616354248354,0.00010800813229213336,0.19756752941747258,,,,,,,,
-0.005,-2500.0,-2.0,0.25,randomized_2,blind_joint_search,200,200,1.0,0.9811546736227335,1.0,0.03906978494938769,0.04887616354248354,0.00010800813229213405,0.19756752941747258,200,1.0,0.9811546736227335,1.0,200,1.0,0.9811546736227335,1.0
-0.005,-2500.0,-2.0,0.25,randomized_3,nominal,200,0,0.0,1.734723475976807e-18,0.018845326377266575,1.2633090403918452,1.5114356499773323,-0.05680323701562078,3.259452247009177,,,,,,,,
-0.005,-2500.0,-2.0,0.25,randomized_3,oracle,200,200,1.0,0.9811546736227335,1.0,0.03820625013164303,0.047644463143782165,-0.00015798250981181262,0.1819385552250954,,,,,,,,
-0.005,-2500.0,-2.0,0.25,randomized_3,blind_joint_search,200,200,1.0,0.9811546736227335,1.0,0.03820625013164303,0.047644463143782165,-0.00015798250981181278,0.1819385552250954,200,1.0,0.9811546736227335,1.0,200,1.0,0.9811546736227335,1.0
-0.005,-2500.0,-2.0,0.25,POOLED_ALL_VECTORS,nominal,1200,0,0.0,2.168404344971009e-19,0.003191000602734924,1.327018561903629,1.729047748093572,-0.1332642687854587,4.051911916051462,,,,,,,,
-0.005,-2500.0,-2.0,0.25,POOLED_ALL_VECTORS,oracle,1200,1200,1.0,0.9968089993972651,1.0,0.038001676106252366,0.047700332739046544,-0.0007634168770779202,0.20344824161959418,,,,,,,,
-0.005,-2500.0,-2.0,0.25,POOLED_ALL_VECTORS,blind_joint_search,1200,1200,1.0,0.9968089993972651,1.0,0.038001676106252366,0.04770033273904655,-0.0007634168770779198,0.20344824161959418,,,,,,,,
-0.005,-2500.0,-2.0,0.45,mixed_signs,nominal,200,0,0.0,1.734723475976807e-18,0.018845326377266575,1.4800707581503934,1.8206178215970388,-0.2232634170268656,3.7563888422972114,,,,,,,,
-0.005,-2500.0,-2.0,0.45,mixed_signs,oracle,200,188,0.94,0.8980683070423372,0.9653478057456681,0.06538393928168347,0.08166107441866881,0.0006647505990217406,0.31448230420179657,,,,,,,,
-0.005,-2500.0,-2.0,0.45,mixed_signs,blind_joint_search,200,188,0.94,0.8980683070423372,0.9653478057456681,0.06538393928168347,0.08166107441866881,0.0006647505990217393,0.31448230420179657,200,1.0,0.9811546736227335,1.0,200,1.0,0.9811546736227335,1.0
-0.005,-2500.0,-2.0,0.45,sparse_and_zeros,nominal,200,0,0.0,1.734723475976807e-18,0.018845326377266575,0.3106313071254695,0.8236845335511097,-0.030811544879993033,3.9393608268267313,,,,,,,,
-0.005,-2500.0,-2.0,0.45,sparse_and_zeros,oracle,200,186,0.93,0.8859451911438936,0.9578478281716571,0.06334267111797169,0.07938694809292265,-0.0007193679089542571,0.286433590156929,,,,,,,,
-0.005,-2500.0,-2.0,0.45,sparse_and_zeros,blind_joint_search,200,186,0.93,0.8859451911438936,0.9578478281716571,0.06334267111797169,0.07938694809292265,-0.0007193679089542577,0.286433590156929,200,1.0,0.9811546736227335,1.0,200,1.0,0.9811546736227335,1.0
-0.005,-2500.0,-2.0,0.45,boundary_values,nominal,200,0,0.0,1.734723475976807e-18,0.018845326377266575,1.5517709081889337,2.0708299417018354,-0.21083321277115163,4.06513374772103,,,,,,,,
-0.005,-2500.0,-2.0,0.45,boundary_values,oracle,200,187,0.935,0.8919809207009312,0.961623645350847,0.06510525776580925,0.08123204986335372,0.0006157416096395163,0.3298490894433306,,,,,,,,
-0.005,-2500.0,-2.0,0.45,boundary_values,blind_joint_search,200,187,0.935,0.8919809207009312,0.961623645350847,0.06510525776580926,0.08123204986335372,0.0006157416096395162,0.3298490894433306,200,1.0,0.9811546736227335,1.0,200,1.0,0.9811546736227335,1.0
-0.005,-2500.0,-2.0,0.45,randomized_1,nominal,200,0,0.0,1.734723475976807e-18,0.018845326377266575,1.7314447281644547,1.9313689509433605,-0.3174857348582891,3.280834741904643,,,,,,,,
-0.005,-2500.0,-2.0,0.45,randomized_1,oracle,200,187,0.935,0.8919809207009312,0.961623645350847,0.06529081859901308,0.08192925368621891,-0.005578550220512666,0.3687502530065765,,,,,,,,
-0.005,-2500.0,-2.0,0.45,randomized_1,blind_joint_search,200,187,0.935,0.8919809207009312,0.961623645350847,0.06529081859901308,0.08192925368621892,-0.005578550220512666,0.3687502530065765,200,1.0,0.9811546736227335,1.0,200,1.0,0.9811546736227335,1.0
-0.005,-2500.0,-2.0,0.45,randomized_2,nominal,200,0,0.0,1.734723475976807e-18,0.018845326377266575,1.6549087215533802,1.913124400228391,0.041834688456331065,3.6768917662622576,,,,,,,,
-0.005,-2500.0,-2.0,0.45,randomized_2,oracle,200,185,0.925,0.8799563897637055,0.954025082815618,0.06512500707962801,0.08134236452917842,0.0022802633374558847,0.31849559521745724,,,,,,,,
-0.005,-2500.0,-2.0,0.45,randomized_2,blind_joint_search,200,185,0.925,0.8799563897637055,0.954025082815618,0.06512500707962803,0.08134236452917842,0.0022802633374558847,0.31849559521745724,200,1.0,0.9811546736227335,1.0,200,1.0,0.9811546736227335,1.0
-0.005,-2500.0,-2.0,0.45,randomized_3,nominal,200,0,0.0,1.734723475976807e-18,0.018845326377266575,1.2653131458784876,1.5130488616778948,-0.05734194301814126,3.3261845080738985,,,,,,,,
-0.005,-2500.0,-2.0,0.45,randomized_3,oracle,200,183,0.915,0.8681041292843443,0.9462542498225244,0.06436571737742958,0.08097447423587084,-0.0004978525653998739,0.31077670876108854,,,,,,,,
-0.005,-2500.0,-2.0,0.45,randomized_3,blind_joint_search,200,183,0.915,0.8681041292843443,0.9462542498225244,0.06436571737742958,0.08097447423587084,-0.0004978525653998735,0.31077670876108854,200,1.0,0.9811546736227335,1.0,200,1.0,0.9811546736227335,1.0
-0.005,-2500.0,-2.0,0.45,POOLED_ALL_VECTORS,nominal,1200,0,0.0,2.168404344971009e-19,0.003191000602734924,1.3323565948435199,1.7301729183243966,-0.13298352734968494,4.06513374772103,,,,,,,,
-0.005,-2500.0,-2.0,0.45,POOLED_ALL_VECTORS,oracle,1200,1116,0.93,0.9141497179013733,0.9431060215802747,0.06476890187025584,0.08109183362324102,-0.000539169191458276,0.3687502530065765,,,,,,,,
-0.005,-2500.0,-2.0,0.45,POOLED_ALL_VECTORS,blind_joint_search,1200,1116,0.93,0.9141497179013733,0.9431060215802747,0.06476890187025584,0.08109183362324103,-0.0005391691914582759,0.3687502530065765,,,,,,,,
-0.005,-2500.0,0.0,0.0,mixed_signs,nominal,1,0,0.0,,,0.9550111178678617,1.3441941778957769,-0.27558532607716774,3.092912208590709,,,,,,,,
-0.005,-2500.0,0.0,0.0,mixed_signs,oracle,1,1,1.0,,,0.013759530072726128,0.01797866143910826,-0.000511204330258746,0.05003196245063157,,,,,,,,
-0.005,-2500.0,0.0,0.0,mixed_signs,blind_joint_search,1,1,1.0,,,0.013759530072726128,0.01797866143910826,-0.000511204330258746,0.05003196245063157,1,1.0,,,1,1.0,,
-0.005,-2500.0,0.0,0.0,sparse_and_zeros,nominal,1,0,0.0,,,0.194227657457806,0.7169310432383073,-0.004313803345176526,2.9139310900795685,,,,,,,,
-0.005,-2500.0,0.0,0.0,sparse_and_zeros,oracle,1,1,1.0,,,0.0031061427637949814,0.008464051471138581,-0.0016999816950634431,0.03571733090429108,,,,,,,,
-0.005,-2500.0,0.0,0.0,sparse_and_zeros,blind_joint_search,1,1,1.0,,,0.0031061427637949814,0.008464051471138581,-0.0016999816950634431,0.03571733090429108,1,1.0,,,1,1.0,,
-0.005,-2500.0,0.0,0.0,boundary_values,nominal,1,0,0.0,,,1.0587761660013486,1.634810670284803,-0.25558873652339026,3.7924130944844974,,,,,,,,
-0.005,-2500.0,0.0,0.0,boundary_values,oracle,1,1,1.0,,,0.01386960922294768,0.019149064126059673,-0.000489946940407284,0.041352782246092845,,,,,,,,
-0.005,-2500.0,0.0,0.0,boundary_values,blind_joint_search,1,1,1.0,,,0.01386960922294768,0.019149064126059673,-0.000489946940407284,0.041352782246092845,1,1.0,,,1,1.0,,
-0.005,-2500.0,0.0,0.0,randomized_1,nominal,1,0,0.0,,,1.1226141399806755,1.4331841228729372,-0.3033427190984863,3.405603942471208,,,,,,,,
-0.005,-2500.0,0.0,0.0,randomized_1,oracle,1,1,1.0,,,0.018157835950148547,0.02143308597348078,-0.006136303149574658,0.04221445221896314,,,,,,,,
-0.005,-2500.0,0.0,0.0,randomized_1,blind_joint_search,1,1,1.0,,,0.018157835950148547,0.02143308597348078,-0.006136303149574658,0.04221445221896314,1,1.0,,,1,1.0,,
-0.005,-2500.0,0.0,0.0,randomized_2,nominal,1,0,0.0,,,1.0555435051845594,1.4009094991013866,0.04005734561255747,3.343776825821897,,,,,,,,
-0.005,-2500.0,0.0,0.0,randomized_2,oracle,1,1,1.0,,,0.017991703048572557,0.021597735639593104,0.0007460601266398442,0.03734417535680934,,,,,,,,
-0.005,-2500.0,0.0,0.0,randomized_2,blind_joint_search,1,1,1.0,,,0.017991703048572557,0.021597735639593104,0.0007460601266398442,0.03734417535680934,1,1.0,,,1,1.0,,
-0.005,-2500.0,0.0,0.0,randomized_3,nominal,1,0,0.0,,,0.8261469613828724,1.1157196416873194,-0.10583443308726354,2.347608436709471,,,,,,,,
-0.005,-2500.0,0.0,0.0,randomized_3,oracle,1,1,1.0,,,0.013626657187837513,0.018089770492223902,-0.000570023712083329,0.05136140982538073,,,,,,,,
-0.005,-2500.0,0.0,0.0,randomized_3,blind_joint_search,1,1,1.0,,,0.013626657187837513,0.018089770492223902,-0.000570023712083329,0.05136140982538073,1,1.0,,,1,1.0,,
-0.005,-2500.0,0.0,0.0,POOLED_ALL_VECTORS,nominal,6,0,0.0,,,0.868719924645854,1.3073413549324169,-0.15076794541982116,3.7924130944844974,,,,,,,,
-0.005,-2500.0,0.0,0.0,POOLED_ALL_VECTORS,oracle,6,6,1.0,,,0.013418579707671234,0.018324110923943034,-0.0014435666167912694,0.05136140982538073,,,,,,,,
-0.005,-2500.0,0.0,0.0,POOLED_ALL_VECTORS,blind_joint_search,6,6,1.0,,,0.013418579707671234,0.018324110923943034,-0.0014435666167912694,0.05136140982538073,,,,,,,,
-0.005,-2500.0,0.0,0.25,mixed_signs,nominal,200,0,0.0,1.734723475976807e-18,0.018845326377266575,0.9582375511738099,1.3449863667226103,-0.27567694691671113,3.185544635640953,,,,,,,,
-0.005,-2500.0,0.0,0.25,mixed_signs,oracle,200,200,1.0,0.9811546736227335,1.0,0.037553618075756204,0.04683817556430319,-0.0009351278217413256,0.18188974147456327,,,,,,,,
-0.005,-2500.0,0.0,0.25,mixed_signs,blind_joint_search,200,200,1.0,0.9811546736227335,1.0,0.037553618075756204,0.04683817556430319,-0.000935127821741326,0.18188974147456327,200,1.0,0.9811546736227335,1.0,200,1.0,0.9811546736227335,1.0
-0.005,-2500.0,0.0,0.25,sparse_and_zeros,nominal,200,0,0.0,1.734723475976807e-18,0.018845326377266575,0.2224424716001516,0.7180059774088112,-0.0042266893519769585,3.0236903039258687,,,,,,,,
-0.005,-2500.0,0.0,0.25,sparse_and_zeros,oracle,200,200,1.0,0.9811546736227335,1.0,0.035330268433978566,0.04430138110857602,-0.0014185693791796585,0.17992890001155404,,,,,,,,
-0.005,-2500.0,0.0,0.25,sparse_and_zeros,blind_joint_search,200,200,1.0,0.9811546736227335,1.0,0.03533026843397857,0.04430138110857602,-0.0014185693791796583,0.17992890001155404,200,1.0,0.9811546736227335,1.0,200,1.0,0.9811546736227335,1.0
-0.005,-2500.0,0.0,0.25,boundary_values,nominal,200,0,0.0,1.734723475976807e-18,0.018845326377266575,1.0691203874733608,1.635722671319338,-0.2547864194719676,3.8857958991560784,,,,,,,,
-0.005,-2500.0,0.0,0.25,boundary_values,oracle,200,200,1.0,0.9811546736227335,1.0,0.037798440899570684,0.047436514363892464,-0.0011680814887492653,0.16522574778967813,,,,,,,,
-0.005,-2500.0,0.0,0.25,boundary_values,blind_joint_search,200,200,1.0,0.9811546736227335,1.0,0.037798440899570684,0.047436514363892464,-0.0011680814887492653,0.16522574778967813,200,1.0,0.9811546736227335,1.0,200,1.0,0.9811546736227335,1.0
-0.005,-2500.0,0.0,0.25,randomized_1,nominal,200,0,0.0,1.734723475976807e-18,0.018845326377266575,1.125315032853424,1.4334869174202718,-0.303357311719675,3.548775720583752,,,,,,,,
-0.005,-2500.0,0.0,0.25,randomized_1,oracle,200,200,1.0,0.9811546736227335,1.0,0.03886655496746871,0.048258243200195054,-0.005189908601159059,0.17289490138749608,,,,,,,,
-0.005,-2500.0,0.0,0.25,randomized_1,blind_joint_search,200,200,1.0,0.9811546736227335,1.0,0.03886655496746871,0.048258243200195054,-0.005189908601159059,0.17289490138749608,200,1.0,0.9811546736227335,1.0,200,1.0,0.9811546736227335,1.0
-0.005,-2500.0,0.0,0.25,randomized_2,nominal,200,0,0.0,1.734723475976807e-18,0.018845326377266575,1.0562314111824684,1.401075297121723,0.03979089253382227,3.4696251633031916,,,,,,,,
-0.005,-2500.0,0.0,0.25,randomized_2,oracle,200,200,1.0,0.9811546736227335,1.0,0.03849516456485631,0.04800900965316355,0.0007793963224273376,0.16419454331093886,,,,,,,,
-0.005,-2500.0,0.0,0.25,randomized_2,blind_joint_search,200,200,1.0,0.9811546736227335,1.0,0.03849516456485631,0.04800900965316354,0.0007793963224273376,0.16419454331093886,200,1.0,0.9811546736227335,1.0,200,1.0,0.9811546736227335,1.0
-0.005,-2500.0,0.0,0.25,randomized_3,nominal,200,0,0.0,1.734723475976807e-18,0.018845326377266575,0.8293457368153,1.1170296574893193,-0.10572767555979898,2.4564467641055856,,,,,,,,
-0.005,-2500.0,0.0,0.25,randomized_3,oracle,200,200,1.0,0.9811546736227335,1.0,0.03700274401728143,0.04641550099778918,-0.0006387721516028569,0.20431351698973077,,,,,,,,
-0.005,-2500.0,0.0,0.25,randomized_3,blind_joint_search,200,200,1.0,0.9811546736227335,1.0,0.03700274401728144,0.04641550099778918,-0.0006387721516028567,0.20431351698973077,200,1.0,0.9811546736227335,1.0,200,1.0,0.9811546736227335,1.0
-0.005,-2500.0,0.0,0.25,POOLED_ALL_VECTORS,nominal,1200,0,0.0,2.168404344971009e-19,0.003191000602734924,0.8767820985164192,1.3080367957402832,-0.15066402508105126,3.8857958991560784,,,,,,,,
-0.005,-2500.0,0.0,0.25,POOLED_ALL_VECTORS,oracle,1200,1200,1.0,0.9968089993972651,1.0,0.037507798493151986,0.04689486775550542,-0.0014285105200008046,0.20431351698973077,,,,,,,,
-0.005,-2500.0,0.0,0.25,POOLED_ALL_VECTORS,blind_joint_search,1200,1200,1.0,0.9968089993972651,1.0,0.037507798493151986,0.04689486775550542,-0.0014285105200008046,0.20431351698973077,,,,,,,,
-0.005,-2500.0,0.0,0.45,mixed_signs,nominal,200,0,0.0,1.734723475976807e-18,0.018845326377266575,0.9625774248012735,1.3446795238811176,-0.27528235661398254,3.2928622138532897,,,,,,,,
-0.005,-2500.0,0.0,0.45,mixed_signs,oracle,200,186,0.93,0.8859451911438936,0.9578478281716571,0.0638852303377571,0.07969599033203953,0.0009543572375198356,0.3118827307641025,,,,,,,,
-0.005,-2500.0,0.0,0.45,mixed_signs,blind_joint_search,200,186,0.93,0.8859451911438936,0.9578478281716571,0.0638852303377571,0.07969599033203953,0.0009543572375198342,0.3118827307641025,200,1.0,0.9811546736227335,1.0,200,1.0,0.9811546736227335,1.0
-0.005,-2500.0,0.0,0.45,sparse_and_zeros,nominal,200,0,0.0,1.734723475976807e-18,0.018845326377266575,0.2459066406197074,0.7199066978002249,-0.004668978076131296,3.1234925230808708,,,,,,,,
-0.005,-2500.0,0.0,0.45,sparse_and_zeros,oracle,200,189,0.945,0.9042130012276914,0.9690146582965411,0.06397539633742343,0.07970271152310014,-0.0029709226253801678,0.30334672335014484,,,,,,,,
-0.005,-2500.0,0.0,0.45,sparse_and_zeros,blind_joint_search,200,189,0.945,0.9042130012276914,0.9690146582965411,0.06397539633742343,0.07970271152310016,-0.0029709226253801678,0.30334672335014484,200,1.0,0.9811546736227335,1.0,200,1.0,0.9811546736227335,1.0
-0.005,-2500.0,0.0,0.45,boundary_values,nominal,200,0,0.0,1.734723475976807e-18,0.018845326377266575,1.0791514571651155,1.6357756140249413,-0.25660939304317887,4.023202047642169,,,,,,,,
-0.005,-2500.0,0.0,0.45,boundary_values,oracle,200,182,0.91,0.8622342812328346,0.9423125511378069,0.06465675892141846,0.08116255545968326,5.315836044823247e-05,0.2993148649786699,,,,,,,,
-0.005,-2500.0,0.0,0.45,boundary_values,blind_joint_search,200,182,0.91,0.8622342812328346,0.9423125511378069,0.06465675892141846,0.08116255545968325,5.315836044823219e-05,0.2993148649786699,200,1.0,0.9811546736227335,1.0,200,1.0,0.9811546736227335,1.0
-0.005,-2500.0,0.0,0.45,randomized_1,nominal,200,0,0.0,1.734723475976807e-18,0.018845326377266575,1.1276246550348663,1.4347300077077312,-0.3049714230380399,3.5593678660954193,,,,,,,,
-0.005,-2500.0,0.0,0.45,randomized_1,oracle,200,184,0.92,0.874010511732856,0.9501594141102401,0.06457501318838059,0.08110582742476928,-0.00679248005668803,0.30455799218970636,,,,,,,,
-0.005,-2500.0,0.0,0.45,randomized_1,blind_joint_search,200,184,0.92,0.874010511732856,0.9501594141102401,0.06457501318838059,0.08110582742476928,-0.006792480056688032,0.30455799218970636,200,1.0,0.9811546736227335,1.0,200,1.0,0.9811546736227335,1.0
-0.005,-2500.0,0.0,0.45,randomized_2,nominal,200,0,0.0,1.734723475976807e-18,0.018845326377266575,1.0604729377724817,1.403104909763189,0.04056463062301143,3.535786967099324,,,,,,,,
-0.005,-2500.0,0.0,0.45,randomized_2,oracle,200,191,0.955,0.9167032959981803,0.976147456998507,0.06373690300040726,0.0805330755803989,0.0012553575885985496,0.3076102088868611,,,,,,,,
-0.005,-2500.0,0.0,0.45,randomized_2,blind_joint_search,200,191,0.955,0.9167032959981803,0.976147456998507,0.06373690300040727,0.0805330755803989,0.0012553575885985498,0.3076102088868611,200,1.0,0.9811546736227335,1.0,200,1.0,0.9811546736227335,1.0
-0.005,-2500.0,0.0,0.45,randomized_3,nominal,200,0,0.0,1.734723475976807e-18,0.018845326377266575,0.835090748481084,1.118716617200197,-0.10498273440125777,2.5615331070845655,,,,,,,,
-0.005,-2500.0,0.0,0.45,randomized_3,oracle,200,179,0.895,0.8448196800887696,0.9302925120731899,0.06429929662261806,0.08126344188200983,0.00014346097860102103,0.3629821495772431,,,,,,,,
-0.005,-2500.0,0.0,0.45,randomized_3,blind_joint_search,200,179,0.895,0.8448196800887696,0.9302925120731899,0.06429929662261806,0.08126344188200983,0.00014346097860102081,0.3629821495772431,200,1.0,0.9811546736227335,1.0,200,1.0,0.9811546736227335,1.0
-0.005,-2500.0,0.0,0.45,POOLED_ALL_VECTORS,nominal,1200,0,0.0,2.168404344971009e-19,0.003191000602734924,0.8851373106457547,1.3089990442662598,-0.15099170909159648,4.023202047642169,,,,,,,,
-0.005,-2500.0,0.0,0.45,POOLED_ALL_VECTORS,oracle,1200,1111,0.9258333333333333,0.9096097893689945,0.9393392084510095,0.06418809973466748,0.08057999338037813,-0.0012261780861500934,0.3629821495772431,,,,,,,,
-0.005,-2500.0,0.0,0.45,POOLED_ALL_VECTORS,blind_joint_search,1200,1111,0.9258333333333333,0.9096097893689945,0.9393392084510095,0.06418809973466748,0.08057999338037813,-0.0012261780861500936,0.3629821495772431,,,,,,,,
-0.005,-2500.0,2.0,0.0,mixed_signs,nominal,1,0,0.0,,,0.4968035952617087,0.774513931159856,-0.16261378124488826,1.895209216764191,,,,,,,,
-0.005,-2500.0,2.0,0.0,mixed_signs,oracle,1,1,1.0,,,0.013743828534076144,0.01797285200803083,-0.000519196333913426,0.049985125710484635,,,,,,,,
-0.005,-2500.0,2.0,0.0,mixed_signs,blind_joint_search,1,1,1.0,,,0.013743828534076144,0.01797285200803083,-0.000519196333913426,0.049985125710484635,1,1.0,,,1,1.0,,
-0.005,-2500.0,2.0,0.0,sparse_and_zeros,nominal,1,0,0.0,,,0.14002193058445137,0.4899540290529841,0.03949439953734832,2.264956600055318,,,,,,,,
-0.005,-2500.0,2.0,0.0,sparse_and_zeros,oracle,1,1,1.0,,,0.0030999705978695703,0.00849108413983257,-0.0017422790316453797,0.03588339203491553,,,,,,,,
-0.005,-2500.0,2.0,0.0,sparse_and_zeros,blind_joint_search,1,1,1.0,,,0.0030999705978695703,0.00849108413983257,-0.0017422790316453797,0.03588339203491553,1,1.0,,,1,1.0,,
-0.005,-2500.0,2.0,0.0,boundary_values,nominal,1,0,0.0,,,0.5874622542453929,1.0582867705708805,-0.146600642024792,2.89601599925076,,,,,,,,
-0.005,-2500.0,2.0,0.0,boundary_values,oracle,1,1,1.0,,,0.013867620602036446,0.01916257458702054,-0.00048640851932741573,0.04139927374282881,,,,,,,,
-0.005,-2500.0,2.0,0.0,boundary_values,blind_joint_search,1,1,1.0,,,0.013867620602036446,0.01916257458702054,-0.00048640851932741573,0.04139927374282881,1,1.0,,,1,1.0,,
-0.005,-2500.0,2.0,0.0,randomized_1,nominal,1,0,0.0,,,0.5841845798446074,0.8998977006412839,-0.20946588391359316,2.788794261578186,,,,,,,,
-0.005,-2500.0,2.0,0.0,randomized_1,oracle,1,1,1.0,,,0.018204517644379452,0.021487208242560733,-0.006073057546531803,0.04197656012659623,,,,,,,,
-0.005,-2500.0,2.0,0.0,randomized_1,blind_joint_search,1,1,1.0,,,0.018204517644379452,0.021487208242560733,-0.006073057546531803,0.04197656012659623,1,1.0,,,1,1.0,,
-0.005,-2500.0,2.0,0.0,randomized_2,nominal,1,0,0.0,,,0.5458750029053113,0.8098068554303205,0.09666054575990231,2.409078640902664,,,,,,,,
-0.005,-2500.0,2.0,0.0,randomized_2,oracle,1,1,1.0,,,0.018018161124020726,0.021610044922006768,0.0007096417011852292,0.03740066312971635,,,,,,,,
-0.005,-2500.0,2.0,0.0,randomized_2,blind_joint_search,1,1,1.0,,,0.018018161124020726,0.021610044922006768,0.0007096417011852292,0.03740066312971635,1,1.0,,,1,1.0,,
-0.005,-2500.0,2.0,0.0,randomized_3,nominal,1,0,0.0,,,0.42377098605764074,0.6478431380965665,-0.05331075754979324,1.5417443031644025,,,,,,,,
-0.005,-2500.0,2.0,0.0,randomized_3,oracle,1,1,1.0,,,0.013632259692445626,0.01811241410931389,-0.0006102426410591914,0.051383859150446964,,,,,,,,
-0.005,-2500.0,2.0,0.0,randomized_3,blind_joint_search,1,1,1.0,,,0.013632259692445626,0.01811241410931389,-0.0006102426410591914,0.051383859150446964,1,1.0,,,1,1.0,,
-0.005,-2500.0,2.0,0.0,POOLED_ALL_VECTORS,nominal,6,0,0.0,,,0.4630197248165187,0.8005416307321261,-0.07263935323930266,2.89601599925076,,,,,,,,
-0.005,-2500.0,2.0,0.0,POOLED_ALL_VECTORS,oracle,6,6,1.0,,,0.01342772636580466,0.018344299243602508,-0.0014535903952153312,0.051383859150446964,,,,,,,,
-0.005,-2500.0,2.0,0.0,POOLED_ALL_VECTORS,blind_joint_search,6,6,1.0,,,0.01342772636580466,0.018344299243602508,-0.0014535903952153312,0.051383859150446964,,,,,,,,
-0.005,-2500.0,2.0,0.25,mixed_signs,nominal,200,0,0.0,1.734723475976807e-18,0.018845326377266575,0.5036697820737057,0.7762249322850404,-0.16291004428767336,2.012890295163009,,,,,,,,
-0.005,-2500.0,2.0,0.25,mixed_signs,oracle,200,200,1.0,0.9811546736227335,1.0,0.037839875835271916,0.0472175222909128,-0.0005965862273604247,0.1796239195090208,,,,,,,,
-0.005,-2500.0,2.0,0.25,mixed_signs,blind_joint_search,200,200,1.0,0.9811546736227335,1.0,0.037839875835271916,0.0472175222909128,-0.0005965862273604257,0.1796239195090208,200,1.0,0.9811546736227335,1.0,200,1.0,0.9811546736227335,1.0
-0.005,-2500.0,2.0,0.25,sparse_and_zeros,nominal,200,0,0.0,1.734723475976807e-18,0.018845326377266575,0.1687987483714274,0.4920500739839743,0.0389116861990251,2.3723184188030104,,,,,,,,
-0.005,-2500.0,2.0,0.25,sparse_and_zeros,oracle,200,200,1.0,0.9811546736227335,1.0,0.03546104014068119,0.04435080351454175,-0.002414109464306825,0.19337999725648222,,,,,,,,
-0.005,-2500.0,2.0,0.25,sparse_and_zeros,blind_joint_search,200,200,1.0,0.9811546736227335,1.0,0.03546104014068119,0.044350803514541744,-0.0024141094643068245,0.19337999725648222,200,1.0,0.9811546736227335,1.0,200,1.0,0.9811546736227335,1.0
-0.005,-2500.0,2.0,0.25,boundary_values,nominal,200,0,0.0,1.734723475976807e-18,0.018845326377266575,0.5976042750706037,1.0593042648520905,-0.14630407121007857,3.0142636759551915,,,,,,,,
-0.005,-2500.0,2.0,0.25,boundary_values,oracle,200,200,1.0,0.9811546736227335,1.0,0.037550984542393466,0.047036498538660945,-0.0005969190682342002,0.17962692673318226,,,,,,,,
-0.005,-2500.0,2.0,0.25,boundary_values,blind_joint_search,200,200,1.0,0.9811546736227335,1.0,0.037550984542393466,0.047036498538660945,-0.0005969190682341993,0.17962692673318226,200,1.0,0.9811546736227335,1.0,200,1.0,0.9811546736227335,1.0
-0.005,-2500.0,2.0,0.25,randomized_1,nominal,200,0,0.0,1.734723475976807e-18,0.018845326377266575,0.5886270432184362,0.9011921191179962,-0.20991850415478616,2.895551537987774,,,,,,,,
-0.005,-2500.0,2.0,0.25,randomized_1,oracle,200,200,1.0,0.9811546736227335,1.0,0.03837624075269294,0.04803296220194499,-0.005713485252900194,0.18935033597964157,,,,,,,,
-0.005,-2500.0,2.0,0.25,randomized_1,blind_joint_search,200,200,1.0,0.9811546736227335,1.0,0.03837624075269294,0.04803296220194499,-0.005713485252900194,0.18935033597964157,200,1.0,0.9811546736227335,1.0,200,1.0,0.9811546736227335,1.0
-0.005,-2500.0,2.0,0.25,randomized_2,nominal,200,0,0.0,1.734723475976807e-18,0.018845326377266575,0.5506516362072995,0.8105975923647795,0.09677350755652846,2.5427845439119885,,,,,,,,
-0.005,-2500.0,2.0,0.25,randomized_2,oracle,200,200,1.0,0.9811546736227335,1.0,0.038249474551878555,0.0477338296785644,0.00017984115326248842,0.18320085785995266,,,,,,,,
-0.005,-2500.0,2.0,0.25,randomized_2,blind_joint_search,200,200,1.0,0.9811546736227335,1.0,0.03824947455187856,0.0477338296785644,0.00017984115326248764,0.18320085785995266,200,1.0,0.9811546736227335,1.0,200,1.0,0.9811546736227335,1.0
-0.005,-2500.0,2.0,0.25,randomized_3,nominal,200,0,0.0,1.734723475976807e-18,0.018845326377266575,0.4294414772351237,0.6491089355130953,-0.0521351679030581,1.6682494759069126,,,,,,,,
-0.005,-2500.0,2.0,0.25,randomized_3,oracle,200,200,1.0,0.9811546736227335,1.0,0.037725894819729044,0.047402755812840126,0.00022183688538444268,0.18478424833623386,,,,,,,,
-0.005,-2500.0,2.0,0.25,randomized_3,blind_joint_search,200,200,1.0,0.9811546736227335,1.0,0.037725894819729044,0.047402755812840126,0.00022183688538444338,0.18478424833623386,200,1.0,0.9811546736227335,1.0,200,1.0,0.9811546736227335,1.0
-0.005,-2500.0,2.0,0.25,POOLED_ALL_VECTORS,nominal,1200,0,0.0,2.168404344971009e-19,0.003191000602734924,0.473132160362766,0.801802349794229,-0.07259709896667378,3.0142636759551915,,,,,,,,
-0.005,-2500.0,2.0,0.25,POOLED_ALL_VECTORS,oracle,1200,1200,1.0,0.9968089993972651,1.0,0.03753391844044118,0.0469780544346386,-0.0014865703290257851,0.19337999725648222,,,,,,,,
-0.005,-2500.0,2.0,0.25,POOLED_ALL_VECTORS,blind_joint_search,1200,1200,1.0,0.9968089993972651,1.0,0.03753391844044118,0.0469780544346386,-0.0014865703290257853,0.19337999725648222,,,,,,,,
-0.005,-2500.0,2.0,0.45,mixed_signs,nominal,200,0,0.0,1.734723475976807e-18,0.018845326377266575,0.511903500770326,0.7777564209289461,-0.1629911184741683,2.0988417795941086,,,,,,,,
-0.005,-2500.0,2.0,0.45,mixed_signs,oracle,200,192,0.96,0.923067931799067,0.9795943679338476,0.06354304859732027,0.07988463178159556,-0.001696285289060136,0.31166370164107676,,,,,,,,
-0.005,-2500.0,2.0,0.45,mixed_signs,blind_joint_search,200,192,0.96,0.923067931799067,0.9795943679338476,0.06354304859732027,0.07988463178159556,-0.001696285289060135,0.31166370164107676,200,1.0,0.9811546736227335,1.0,200,1.0,0.9811546736227335,1.0
-0.005,-2500.0,2.0,0.45,sparse_and_zeros,nominal,200,0,0.0,1.734723475976807e-18,0.018845326377266575,0.19376825065582437,0.4955896152707583,0.03970936651500787,2.4959444861102944,,,,,,,,
-0.005,-2500.0,2.0,0.45,sparse_and_zeros,oracle,200,192,0.96,0.923067931799067,0.9795943679338476,0.06267212068892039,0.07845194478927053,-0.0009620452206055305,0.3158631244931477,,,,,,,,
-0.005,-2500.0,2.0,0.45,sparse_and_zeros,blind_joint_search,200,192,0.96,0.923067931799067,0.9795943679338476,0.06267212068892039,0.07845194478927053,-0.0009620452206055306,0.3158631244931477,200,1.0,0.9811546736227335,1.0,200,1.0,0.9811546736227335,1.0
-0.005,-2500.0,2.0,0.45,boundary_values,nominal,200,0,0.0,1.734723475976807e-18,0.018845326377266575,0.6078759781277925,1.0605239716743837,-0.14695629700332805,3.0914553326232843,,,,,,,,
-0.005,-2500.0,2.0,0.45,boundary_values,oracle,200,189,0.945,0.9042130012276914,0.9690146582965411,0.06416099034207175,0.08061307491889429,-0.0012707804405246476,0.2991555933490526,,,,,,,,
-0.005,-2500.0,2.0,0.45,boundary_values,blind_joint_search,200,189,0.945,0.9042130012276914,0.9690146582965411,0.06416099034207175,0.08061307491889429,-0.0012707804405246476,0.2991555933490526,200,1.0,0.9811546736227335,1.0,200,1.0,0.9811546736227335,1.0
-0.005,-2500.0,2.0,0.45,randomized_1,nominal,200,0,0.0,1.734723475976807e-18,0.018845326377266575,0.5938579566981205,0.9028682134746003,-0.2102680002670774,2.9572446102352856,,,,,,,,
-0.005,-2500.0,2.0,0.45,randomized_1,oracle,200,186,0.93,0.8859451911438936,0.9578478281716571,0.06397749126131924,0.08017780355464467,-0.008442731336336811,0.3030988962808959,,,,,,,,
-0.005,-2500.0,2.0,0.45,randomized_1,blind_joint_search,200,186,0.93,0.8859451911438936,0.9578478281716571,0.06397749126131924,0.08017780355464467,-0.008442731336336811,0.3030988962808959,200,1.0,0.9811546736227335,1.0,200,1.0,0.9811546736227335,1.0
-0.005,-2500.0,2.0,0.45,randomized_2,nominal,200,0,0.0,1.734723475976807e-18,0.018845326377266575,0.559974197634161,0.814225210961274,0.09737470915790981,2.6451162739920764,,,,,,,,
-0.005,-2500.0,2.0,0.45,randomized_2,oracle,200,184,0.92,0.874010511732856,0.9501594141102401,0.06501938260452741,0.08148316697516286,0.0013678537920904382,0.2930794310058047,,,,,,,,
-0.005,-2500.0,2.0,0.45,randomized_2,blind_joint_search,200,184,0.92,0.874010511732856,0.9501594141102401,0.06501938260452743,0.08148316697516286,0.0013678537920904384,0.2930794310058047,200,1.0,0.9811546736227335,1.0,200,1.0,0.9811546736227335,1.0
-0.005,-2500.0,2.0,0.45,randomized_3,nominal,200,0,0.0,1.734723475976807e-18,0.018845326377266575,0.44099970945481737,0.6548130409356779,-0.052564721551966995,1.7413388842373125,,,,,,,,
-0.005,-2500.0,2.0,0.45,randomized_3,oracle,200,190,0.95,0.9104218518612239,0.972617354399236,0.06558183070620197,0.0818034386677486,-0.00040702309610402194,0.3363598828667851,,,,,,,,
-0.005,-2500.0,2.0,0.45,randomized_3,blind_joint_search,200,190,0.95,0.9104218518612239,0.972617354399236,0.06558183070620195,0.08180343866774861,-0.0004070230961040222,0.3363598828667851,200,1.0,0.9811546736227335,1.0,200,1.0,0.9811546736227335,1.0
-0.005,-2500.0,2.0,0.45,POOLED_ALL_VECTORS,nominal,1200,0,0.0,2.168404344971009e-19,0.003191000602734924,0.484729932223507,0.8043775062331958,-0.07261601027060384,3.0914553326232843,,,,,,,,
-0.005,-2500.0,2.0,0.45,POOLED_ALL_VECTORS,oracle,1200,1133,0.9441666666666667,0.9297022795287673,0.9557963816024699,0.0641591440333935,0.0804099072927757,-0.0019018352650901178,0.3363598828667851,,,,,,,,
-0.005,-2500.0,2.0,0.45,POOLED_ALL_VECTORS,blind_joint_search,1200,1133,0.9441666666666667,0.9297022795287673,0.9557963816024699,0.0641591440333935,0.0804099072927757,-0.0019018352650901178,0.3363598828667851,,,,,,,,
-0.005,0.0,-2.0,0.0,mixed_signs,nominal,1,0,0.0,,,0.7537455368697179,0.9124039881262646,-0.12265228090282809,1.8827051546491815,,,,,,,,
-0.005,0.0,-2.0,0.0,mixed_signs,oracle,1,1,1.0,,,1.0061396160665481e-16,1.7444108782428046e-16,2.42861286636753e-17,5.551115123125783e-16,,,,,,,,
-0.005,0.0,-2.0,0.0,mixed_signs,blind_joint_search,1,1,1.0,,,1.0061396160665481e-16,1.7444108782428046e-16,2.42861286636753e-17,5.551115123125783e-16,1,1.0,,,1,1.0,,
-0.005,0.0,-2.0,0.0,sparse_and_zeros,nominal,1,0,0.0,,,0.1506805406683797,0.46341736769163916,0.00916922111946513,1.794332078490135,,,,,,,,
-0.005,0.0,-2.0,0.0,sparse_and_zeros,oracle,1,1,1.0,,,1.734723475976807e-18,9.813077866773595e-18,1.734723475976807e-18,5.551115123125783e-17,,,,,,,,
-0.005,0.0,-2.0,0.0,sparse_and_zeros,blind_joint_search,1,1,1.0,,,1.734723475976807e-18,9.813077866773595e-18,1.734723475976807e-18,5.551115123125783e-17,1,1.0,,,1,1.0,,
-0.005,0.0,-2.0,0.0,boundary_values,nominal,1,0,0.0,,,0.8068267407406289,1.0968374800741563,-0.11436359937169702,2.2744671047712965,,,,,,,,
-0.005,0.0,-2.0,0.0,boundary_values,oracle,1,1,1.0,,,1.1450530194162534e-16,2.011082588330669e-16,-3.482999479109683e-18,4.440892098500626e-16,,,,,,,,
-0.005,0.0,-2.0,0.0,boundary_values,blind_joint_search,1,1,1.0,,,1.1450530194162534e-16,2.011082588330669e-16,-3.482999479109683e-18,4.440892098500626e-16,1,1.0,,,1,1.0,,
-0.005,0.0,-2.0,0.0,randomized_1,nominal,1,0,0.0,,,0.9050594631909558,1.0143545480328917,-0.185790539617292,2.1744655036686322,,,,,,,,
-0.005,0.0,-2.0,0.0,randomized_1,oracle,1,1,1.0,,,1.7520707107365752e-16,2.433564171948369e-16,-2.949029909160572e-17,4.440892098500626e-16,,,,,,,,
-0.005,0.0,-2.0,0.0,randomized_1,blind_joint_search,1,1,1.0,,,1.7520707107365752e-16,2.433564171948369e-16,-2.949029909160572e-17,4.440892098500626e-16,1,1.0,,,1,1.0,,
-0.005,0.0,-2.0,0.0,randomized_2,nominal,1,0,0.0,,,0.8592510927587287,0.974234390172193,0.06250205278877805,2.0483316387899917,,,,,,,,
-0.005,0.0,-2.0,0.0,randomized_2,oracle,1,1,1.0,,,1.6414820891430537e-16,2.2468854732722686e-16,2.8189256484623115e-18,6.661338147750939e-16,,,,,,,,
-0.005,0.0,-2.0,0.0,randomized_2,blind_joint_search,1,1,1.0,,,1.6414820891430537e-16,2.2468854732722686e-16,2.8189256484623115e-18,6.661338147750939e-16,1,1.0,,,1,1.0,,
-0.005,0.0,-2.0,0.0,randomized_3,nominal,1,0,0.0,,,0.6576397302697317,0.7754548118697554,-0.012443183347038783,1.44444032649981,,,,,,,,
-0.005,0.0,-2.0,0.0,randomized_3,oracle,1,1,1.0,,,1.0560129160008813e-16,1.878834463031306e-16,2.3201926491189795e-17,6.661338147750939e-16,,,,,,,,
-0.005,0.0,-2.0,0.0,randomized_3,blind_joint_search,1,1,1.0,,,1.0560129160008813e-16,1.878834463031306e-16,2.3201926491189795e-17,6.661338147750939e-16,1,1.0,,,1,1.0,,
-0.005,0.0,-2.0,0.0,POOLED_ALL_VECTORS,nominal,6,0,0.0,,,0.6888671840830237,0.8971870032945138,-0.06059638822176879,2.2744671047712965,,,,,,,,
-0.005,0.0,-2.0,0.0,POOLED_ALL_VECTORS,oracle,6,6,1.0,,,1.1030175976871799e-16,1.8972699679367098e-16,3.178067618098135e-18,6.661338147750939e-16,,,,,,,,
-0.005,0.0,-2.0,0.0,POOLED_ALL_VECTORS,blind_joint_search,6,6,1.0,,,1.1030175976871799e-16,1.8972699679367098e-16,3.178067618098135e-18,6.661338147750939e-16,,,,,,,,
-0.005,0.0,-2.0,0.25,mixed_signs,nominal,200,0,0.0,1.734723475976807e-18,0.018845326377266575,0.7544198569753238,0.9146365395941923,-0.12238785723422589,2.0020964440545375,,,,,,,,
-0.005,0.0,-2.0,0.25,mixed_signs,oracle,200,200,1.0,0.9811546736227335,1.0,0.035316812509654544,0.044296074893127584,0.0005874933232017243,0.16525819467109587,,,,,,,,
-0.005,0.0,-2.0,0.25,mixed_signs,blind_joint_search,200,200,1.0,0.9811546736227335,1.0,0.035316812509654544,0.044296074893127584,0.0005874933232017242,0.16525819467109587,200,1.0,0.9811546736227335,1.0,200,1.0,0.9811546736227335,1.0
-0.005,0.0,-2.0,0.25,sparse_and_zeros,nominal,200,0,0.0,1.734723475976807e-18,0.018845326377266575,0.17880041117188766,0.4661703831835014,0.008273608452454364,1.917336498325801,,,,,,,,
-0.005,0.0,-2.0,0.25,sparse_and_zeros,oracle,200,200,1.0,0.9811546736227335,1.0,0.035275471565120044,0.04412018259008952,0.0002666460750243913,0.17340243735364735,,,,,,,,
-0.005,0.0,-2.0,0.25,sparse_and_zeros,blind_joint_search,200,200,1.0,0.9811546736227335,1.0,0.03527547156512005,0.04412018259008952,0.00026664607502439126,0.17340243735364735,200,1.0,0.9811546736227335,1.0,200,1.0,0.9811546736227335,1.0
-0.005,0.0,-2.0,0.25,boundary_values,nominal,200,0,0.0,1.734723475976807e-18,0.018845326377266575,0.8141688456035533,1.0981959742124134,-0.11461890558197269,2.4021968540761405,,,,,,,,
-0.005,0.0,-2.0,0.25,boundary_values,oracle,200,200,1.0,0.9811546736227335,1.0,0.03566358834142754,0.044559690657904,-0.00031019747085802576,0.17708206236836133,,,,,,,,
-0.005,0.0,-2.0,0.25,boundary_values,blind_joint_search,200,200,1.0,0.9811546736227335,1.0,0.03566358834142754,0.044559690657904,-0.00031019747085802587,0.17708206236836133,200,1.0,0.9811546736227335,1.0,200,1.0,0.9811546736227335,1.0
-0.005,0.0,-2.0,0.25,randomized_1,nominal,200,0,0.0,1.734723475976807e-18,0.018845326377266575,0.9053070946206587,1.0151904820188762,-0.18570043294139002,2.285863394479871,,,,,,,,
-0.005,0.0,-2.0,0.25,randomized_1,oracle,200,200,1.0,0.9811546736227335,1.0,0.03488938696691764,0.043627153279739074,-0.00041819348590375546,0.1702805498567299,,,,,,,,
-0.005,0.0,-2.0,0.25,randomized_1,blind_joint_search,200,200,1.0,0.9811546736227335,1.0,0.03488938696691764,0.043627153279739074,-0.0004181934859037556,0.1702805498567299,200,1.0,0.9811546736227335,1.0,200,1.0,0.9811546736227335,1.0
-0.005,0.0,-2.0,0.25,randomized_2,nominal,200,0,0.0,1.734723475976807e-18,0.018845326377266575,0.8599456120910487,0.9755698882743641,0.06264968883729394,2.1684131940712508,,,,,,,,
-0.005,0.0,-2.0,0.25,randomized_2,oracle,200,200,1.0,0.9811546736227335,1.0,0.034955390499887204,0.04380464868535112,0.0006196279891354144,0.15557967791421157,,,,,,,,
-0.005,0.0,-2.0,0.25,randomized_2,blind_joint_search,200,200,1.0,0.9811546736227335,1.0,0.034955390499887204,0.04380464868535112,0.0006196279891354145,0.15557967791421157,200,1.0,0.9811546736227335,1.0,200,1.0,0.9811546736227335,1.0
-0.005,0.0,-2.0,0.25,randomized_3,nominal,200,0,0.0,1.734723475976807e-18,0.018845326377266575,0.657592977971134,0.7761005250506152,-0.012761988921151386,1.5496665216743706,,,,,,,,
-0.005,0.0,-2.0,0.25,randomized_3,oracle,200,200,1.0,0.9811546736227335,1.0,0.035383087110311184,0.04420651762063321,-0.00017302919291592008,0.1800672573151353,,,,,,,,
-0.005,0.0,-2.0,0.25,randomized_3,blind_joint_search,200,200,1.0,0.9811546736227335,1.0,0.035383087110311184,0.04420651762063321,-0.00017302919291592043,0.1800672573151353,200,1.0,0.9811546736227335,1.0,200,1.0,0.9811546736227335,1.0
-0.005,0.0,-2.0,0.25,POOLED_ALL_VECTORS,nominal,1200,0,0.0,2.168404344971009e-19,0.003191000602734924,0.6950391330722677,0.8985719754298908,-0.06075764789816528,2.4021968540761405,,,,,,,,
-0.005,0.0,-2.0,0.25,POOLED_ALL_VECTORS,oracle,1200,1200,1.0,0.9968089993972651,1.0,0.03524728949888636,0.04410345932035403,9.539120628063807e-05,0.1800672573151353,,,,,,,,
-0.005,0.0,-2.0,0.25,POOLED_ALL_VECTORS,blind_joint_search,1200,1200,1.0,0.9968089993972651,1.0,0.035247289498886364,0.04410345932035403,9.539120628063806e-05,0.1800672573151353,,,,,,,,
-0.005,0.0,-2.0,0.45,mixed_signs,nominal,200,0,0.0,1.734723475976807e-18,0.018845326377266575,0.7540506347399345,0.9141264138114241,-0.12282124915128458,2.169719736929455,,,,,,,,
-0.005,0.0,-2.0,0.45,mixed_signs,oracle,200,190,0.95,0.9104218518612239,0.972617354399236,0.06355895807464815,0.07959912140803459,-0.0010200883223691491,0.34350466220252684,,,,,,,,
-0.005,0.0,-2.0,0.45,mixed_signs,blind_joint_search,200,190,0.95,0.9104218518612239,0.972617354399236,0.06355895807464815,0.07959912140803459,-0.0010200883223691491,0.34350466220252684,200,1.0,0.9811546736227335,1.0,200,1.0,0.9811546736227335,1.0
-0.005,0.0,-2.0,0.45,sparse_and_zeros,nominal,200,0,0.0,1.734723475976807e-18,0.018845326377266575,0.20285672660485055,0.4689282167294713,0.008670469018369707,1.9798913519780257,,,,,,,,
-0.005,0.0,-2.0,0.45,sparse_and_zeros,oracle,200,193,0.965,0.9295293884777092,0.9829444579914328,0.0628932574381031,0.07887419868469958,-0.00017743226155908642,0.3262058493165491,,,,,,,,
-0.005,0.0,-2.0,0.45,sparse_and_zeros,blind_joint_search,200,193,0.965,0.9295293884777092,0.9829444579914328,0.06289325743810309,0.07887419868469957,-0.00017743226155908715,0.3262058493165491,200,1.0,0.9811546736227335,1.0,200,1.0,0.9811546736227335,1.0
-0.005,0.0,-2.0,0.45,boundary_values,nominal,200,0,0.0,1.734723475976807e-18,0.018845326377266575,0.820207852436849,1.0992485595259462,-0.11420282176696263,2.5020591521092737,,,,,,,,
-0.005,0.0,-2.0,0.45,boundary_values,oracle,200,190,0.95,0.9104218518612239,0.972617354399236,0.06257558370629278,0.07893195769701675,0.0008780629197073824,0.30194443591149267,,,,,,,,
-0.005,0.0,-2.0,0.45,boundary_values,blind_joint_search,200,190,0.95,0.9104218518612239,0.972617354399236,0.06257558370629278,0.07893195769701675,0.0008780629197073821,0.30194443591149267,200,1.0,0.9811546736227335,1.0,200,1.0,0.9811546736227335,1.0
-0.005,0.0,-2.0,0.45,randomized_1,nominal,200,0,0.0,1.734723475976807e-18,0.018845326377266575,0.9036452102851079,1.015789793309423,-0.185916486311719,2.3761811532001795,,,,,,,,
-0.005,0.0,-2.0,0.45,randomized_1,oracle,200,192,0.96,0.923067931799067,0.9795943679338476,0.06316779668463063,0.07878783517099454,-0.001221820458175279,0.2789550422549887,,,,,,,,
-0.005,0.0,-2.0,0.45,randomized_1,blind_joint_search,200,192,0.96,0.923067931799067,0.9795943679338476,0.06316779668463064,0.07878783517099454,-0.0012218204581752792,0.2789550422549887,200,1.0,0.9811546736227335,1.0,200,1.0,0.9811546736227335,1.0
-0.005,0.0,-2.0,0.45,randomized_2,nominal,200,0,0.0,1.734723475976807e-18,0.018845326377266575,0.8585856702099974,0.975855666078819,0.06322051732755124,2.2522489818116336,,,,,,,,
-0.005,0.0,-2.0,0.45,randomized_2,oracle,200,190,0.95,0.9104218518612239,0.972617354399236,0.06299577205681306,0.07915822012665316,0.0012688524198823546,0.3501294479814252,,,,,,,,
-0.005,0.0,-2.0,0.45,randomized_2,blind_joint_search,200,190,0.95,0.9104218518612239,0.972617354399236,0.06299577205681306,0.07915822012665316,0.0012688524198823546,0.3501294479814252,200,1.0,0.9811546736227335,1.0,200,1.0,0.9811546736227335,1.0
-0.005,0.0,-2.0,0.45,randomized_3,nominal,200,0,0.0,1.734723475976807e-18,0.018845326377266575,0.6606309575154341,0.7804270164757589,-0.011059738693275282,1.6543090534849616,,,,,,,,
-0.005,0.0,-2.0,0.45,randomized_3,oracle,200,194,0.97,0.9361057075454807,0.9861796856598887,0.06326854432158024,0.07898637213212518,0.0017046186243682704,0.3030385988208062,,,,,,,,
-0.005,0.0,-2.0,0.45,randomized_3,blind_joint_search,200,194,0.97,0.9361057075454807,0.9861796856598887,0.06326854432158024,0.07898637213212518,0.0017046186243682704,0.3030385988208062,200,1.0,0.9811546736227335,1.0,200,1.0,0.9811546736227335,1.0
-0.005,0.0,-2.0,0.45,POOLED_ALL_VECTORS,nominal,1200,0,0.0,2.168404344971009e-19,0.003191000602734924,0.6999961752986956,0.8997275218779364,-0.06035155159622009,2.5020591521092737,,,,,,,,
-0.005,0.0,-2.0,0.45,POOLED_ALL_VECTORS,oracle,1200,1149,0.9575,0.9445516430654894,0.9675285913830081,0.06307665204701134,0.079056738127451,0.0002386988203090821,0.3501294479814252,,,,,,,,
-0.005,0.0,-2.0,0.45,POOLED_ALL_VECTORS,blind_joint_search,1200,1149,0.9575,0.9445516430654894,0.9675285913830081,0.06307665204701134,0.079056738127451,0.00023869882030908192,0.3501294479814252,,,,,,,,
-0.005,0.0,0.0,0.0,mixed_signs,nominal,1,0,0.0,,,0.15681137251105923,0.23546653301186582,-0.05913986374081517,0.5627054067244588,,,,,,,,
-0.005,0.0,0.0,0.0,mixed_signs,oracle,1,1,1.0,,,1.0061396160665481e-16,1.7444108782428046e-16,2.42861286636753e-17,5.551115123125783e-16,,,,,,,,
-0.005,0.0,0.0,0.0,mixed_signs,blind_joint_search,1,1,1.0,,,1.0061396160665481e-16,1.7444108782428046e-16,2.42861286636753e-17,5.551115123125783e-16,1,1.0,,,1,1.0,,
-0.005,0.0,0.0,0.0,sparse_and_zeros,nominal,1,0,0.0,,,0.037243575757502444,0.14632679662511497,0.006766541329602908,0.675246488069364,,,,,,,,
-0.005,0.0,0.0,0.0,sparse_and_zeros,oracle,1,1,1.0,,,1.734723475976807e-18,9.813077866773595e-18,1.734723475976807e-18,5.551115123125783e-17,,,,,,,,
-0.005,0.0,0.0,0.0,sparse_and_zeros,blind_joint_search,1,1,1.0,,,1.734723475976807e-18,9.813077866773595e-18,1.734723475976807e-18,5.551115123125783e-17,1,1.0,,,1,1.0,,
-0.005,0.0,0.0,0.0,boundary_values,nominal,1,0,0.0,,,0.18597431273009718,0.3214943726137452,-0.054916679058540606,0.9003286507591342,,,,,,,,
-0.005,0.0,0.0,0.0,boundary_values,oracle,1,1,1.0,,,1.1450530194162534e-16,2.011082588330669e-16,-3.482999479109683e-18,4.440892098500626e-16,,,,,,,,
-0.005,0.0,0.0,0.0,boundary_values,blind_joint_search,1,1,1.0,,,1.1450530194162534e-16,2.011082588330669e-16,-3.482999479109683e-18,4.440892098500626e-16,1,1.0,,,1,1.0,,
-0.005,0.0,0.0,0.0,randomized_1,nominal,1,0,0.0,,,0.19396937627623934,0.27904464137470913,-0.06222078849710611,0.8571709345897309,,,,,,,,
-0.005,0.0,0.0,0.0,randomized_1,oracle,1,1,1.0,,,1.7520707107365752e-16,2.433564171948369e-16,-2.949029909160572e-17,4.440892098500626e-16,,,,,,,,
-0.005,0.0,0.0,0.0,randomized_1,blind_joint_search,1,1,1.0,,,1.7520707107365752e-16,2.433564171948369e-16,-2.949029909160572e-17,4.440892098500626e-16,1,1.0,,,1,1.0,,
-0.005,0.0,0.0,0.0,randomized_2,nominal,1,0,0.0,,,0.17764896607367142,0.2524956847654992,0.013781955413246894,0.7251183187163193,,,,,,,,
-0.005,0.0,0.0,0.0,randomized_2,oracle,1,1,1.0,,,1.6414820891430537e-16,2.2468854732722686e-16,2.8189256484623115e-18,6.661338147750939e-16,,,,,,,,
-0.005,0.0,0.0,0.0,randomized_2,blind_joint_search,1,1,1.0,,,1.6414820891430537e-16,2.2468854732722686e-16,2.8189256484623115e-18,6.661338147750939e-16,1,1.0,,,1,1.0,,
-0.005,0.0,0.0,0.0,randomized_3,nominal,1,0,0.0,,,0.14235263705867773,0.20387973884935345,-0.016088608231745714,0.4575096479799756,,,,,,,,
-0.005,0.0,0.0,0.0,randomized_3,oracle,1,1,1.0,,,1.0560129160008813e-16,1.878834463031306e-16,2.3201926491189795e-17,6.661338147750939e-16,,,,,,,,
-0.005,0.0,0.0,0.0,randomized_3,blind_joint_search,1,1,1.0,,,1.0560129160008813e-16,1.878834463031306e-16,2.3201926491189795e-17,6.661338147750939e-16,1,1.0,,,1,1.0,,
-0.005,0.0,0.0,0.0,POOLED_ALL_VECTORS,nominal,6,0,0.0,,,0.14900004006787457,0.24610349510586005,-0.028636240464226304,0.9003286507591342,,,,,,,,
-0.005,0.0,0.0,0.0,POOLED_ALL_VECTORS,oracle,6,6,1.0,,,1.1030175976871799e-16,1.8972699679367098e-16,3.178067618098135e-18,6.661338147750939e-16,,,,,,,,
-0.005,0.0,0.0,0.0,POOLED_ALL_VECTORS,blind_joint_search,6,6,1.0,,,1.1030175976871799e-16,1.8972699679367098e-16,3.178067618098135e-18,6.661338147750939e-16,,,,,,,,
-0.005,0.0,0.0,0.25,mixed_signs,nominal,200,0,0.0,1.734723475976807e-18,0.018845326377266575,0.16705342125525885,0.24052687053488297,-0.05976562439565442,0.7061430180946271,,,,,,,,
-0.005,0.0,0.0,0.25,mixed_signs,oracle,200,200,1.0,0.9811546736227335,1.0,0.034990143852920076,0.04409814347140558,-0.0005212128415918215,0.17165198319868202,,,,,,,,
-0.005,0.0,0.0,0.25,mixed_signs,blind_joint_search,200,200,1.0,0.9811546736227335,1.0,0.034990143852920076,0.04409814347140558,-0.0005212128415918211,0.17165198319868202,200,1.0,0.9811546736227335,1.0,200,1.0,0.9811546736227335,1.0
-0.005,0.0,0.0,0.25,sparse_and_zeros,nominal,200,0,0.0,1.734723475976807e-18,0.018845326377266575,0.06942795229573318,0.15256266615084174,0.007060013181903341,0.8161884451302811,,,,,,,,
-0.005,0.0,0.0,0.25,sparse_and_zeros,oracle,200,200,1.0,0.9811546736227335,1.0,0.03517745337627608,0.044255961755021285,0.00022993032475830888,0.16072882008550546,,,,,,,,
-0.005,0.0,0.0,0.25,sparse_and_zeros,blind_joint_search,200,200,1.0,0.9811546736227335,1.0,0.03517745337627607,0.044255961755021285,0.00022993032475830897,0.16072882008550546,200,1.0,0.9811546736227335,1.0,200,1.0,0.9811546736227335,1.0
-0.005,0.0,0.0,0.25,boundary_values,nominal,200,0,0.0,1.734723475976807e-18,0.018845326377266575,0.20052940136384056,0.3235193128319606,-0.054711346636144124,1.0177554569850829,,,,,,,,
-0.005,0.0,0.0,0.25,boundary_values,oracle,200,200,1.0,0.9811546736227335,1.0,0.035002485390146915,0.04365976573876353,9.498607662281534e-05,0.15913693793783457,,,,,,,,
-0.005,0.0,0.0,0.25,boundary_values,blind_joint_search,200,200,1.0,0.9811546736227335,1.0,0.035002485390146915,0.04365976573876353,9.498607662281534e-05,0.15913693793783457,200,1.0,0.9811546736227335,1.0,200,1.0,0.9811546736227335,1.0
-0.005,0.0,0.0,0.25,randomized_1,nominal,200,0,0.0,1.734723475976807e-18,0.018845326377266575,0.20089730968810116,0.28221418011572624,-0.06210553787754639,0.9675763716736203,,,,,,,,
-0.005,0.0,0.0,0.25,randomized_1,oracle,200,200,1.0,0.9811546736227335,1.0,0.03529450226474696,0.04426151802194634,-7.865287640387079e-05,0.17447496962757802,,,,,,,,
-0.005,0.0,0.0,0.25,randomized_1,blind_joint_search,200,200,1.0,0.9811546736227335,1.0,0.03529450226474696,0.04426151802194634,-7.865287640387076e-05,0.17447496962757802,200,1.0,0.9811546736227335,1.0,200,1.0,0.9811546736227335,1.0
-0.005,0.0,0.0,0.25,randomized_2,nominal,200,0,0.0,1.734723475976807e-18,0.018845326377266575,0.18546826701693145,0.2556096569856248,0.015042022726062053,0.8266968064392941,,,,,,,,
-0.005,0.0,0.0,0.25,randomized_2,oracle,200,200,1.0,0.9811546736227335,1.0,0.03526303106577388,0.04429059692371477,0.0012434900933701114,0.17156308658295272,,,,,,,,
-0.005,0.0,0.0,0.25,randomized_2,blind_joint_search,200,200,1.0,0.9811546736227335,1.0,0.03526303106577388,0.04429059692371477,0.0012434900933701114,0.17156308658295272,200,1.0,0.9811546736227335,1.0,200,1.0,0.9811546736227335,1.0
-0.005,0.0,0.0,0.25,randomized_3,nominal,200,0,0.0,1.734723475976807e-18,0.018845326377266575,0.15165455648806575,0.20856622130340444,-0.015624617378161978,0.607281973884926,,,,,,,,
-0.005,0.0,0.0,0.25,randomized_3,oracle,200,200,1.0,0.9811546736227335,1.0,0.03508985857288942,0.04385063355437762,0.0001426158415909751,0.1730337648133477,,,,,,,,
-0.005,0.0,0.0,0.25,randomized_3,blind_joint_search,200,200,1.0,0.9811546736227335,1.0,0.03508985857288942,0.04385063355437762,0.00014261584159097515,0.1730337648133477,200,1.0,0.9811546736227335,1.0,200,1.0,0.9811546736227335,1.0
-0.005,0.0,0.0,0.25,POOLED_ALL_VECTORS,nominal,1200,0,0.0,2.168404344971009e-19,0.003191000602734924,0.16250515135132182,0.24975798192086626,-0.02835084839659025,1.0177554569850829,,,,,,,,
-0.005,0.0,0.0,0.25,POOLED_ALL_VECTORS,oracle,1200,1200,1.0,0.9968089993972651,1.0,0.03513624575379223,0.04407007406664347,0.00018519276972441977,0.17447496962757802,,,,,,,,
-0.005,0.0,0.0,0.25,POOLED_ALL_VECTORS,blind_joint_search,1200,1200,1.0,0.9968089993972651,1.0,0.03513624575379222,0.044070074066643476,0.00018519276972441974,0.17447496962757802,,,,,,,,
-0.005,0.0,0.0,0.45,mixed_signs,nominal,200,0,0.0,1.734723475976807e-18,0.018845326377266575,0.17787798673490435,0.24746060848653206,-0.0588914956019012,0.7762587456535992,,,,,,,,
-0.005,0.0,0.0,0.45,mixed_signs,oracle,200,189,0.945,0.9042130012276914,0.9690146582965411,0.062442464191990794,0.07878345966213596,0.0011646531573654504,0.3004849181072293,,,,,,,,
-0.005,0.0,0.0,0.45,mixed_signs,blind_joint_search,200,189,0.945,0.9042130012276914,0.9690146582965411,0.06244246419199079,0.07878345966213596,0.0011646531573654506,0.3004849181072293,200,1.0,0.9811546736227335,1.0,200,1.0,0.9811546736227335,1.0
-0.005,0.0,0.0,0.45,sparse_and_zeros,nominal,200,0,0.0,1.734723475976807e-18,0.018845326377266575,0.09569720635985242,0.1658695146928758,0.0059157093643551015,0.8915965788196759,,,,,,,,
-0.005,0.0,0.0,0.45,sparse_and_zeros,oracle,200,190,0.95,0.9104218518612239,0.972617354399236,0.06345839949018406,0.0790793391195444,0.00038758496724856283,0.31579807224845824,,,,,,,,
-0.005,0.0,0.0,0.45,sparse_and_zeros,blind_joint_search,200,190,0.95,0.9104218518612239,0.972617354399236,0.06345839949018406,0.0790793391195444,0.00038758496724856315,0.31579807224845824,200,1.0,0.9811546736227335,1.0,200,1.0,0.9811546736227335,1.0
-0.005,0.0,0.0,0.45,boundary_values,nominal,200,0,0.0,1.734723475976807e-18,0.018845326377266575,0.21522683214417523,0.3298847148605033,-0.05349237147884523,1.0749450469347244,,,,,,,,
-0.005,0.0,0.0,0.45,boundary_values,oracle,200,190,0.95,0.9104218518612239,0.972617354399236,0.06457987162206497,0.08073177178122302,0.0020067049037910734,0.33686313304742077,,,,,,,,
-0.005,0.0,0.0,0.45,boundary_values,blind_joint_search,200,190,0.95,0.9104218518612239,0.972617354399236,0.06457987162206497,0.08073177178122304,0.0020067049037910734,0.33686313304742077,200,1.0,0.9811546736227335,1.0,200,1.0,0.9811546736227335,1.0
-0.005,0.0,0.0,0.45,randomized_1,nominal,200,0,0.0,1.734723475976807e-18,0.018845326377266575,0.21174128497074535,0.29108489786020375,-0.06090462870995868,1.1048387388199603,,,,,,,,
-0.005,0.0,0.0,0.45,randomized_1,oracle,200,188,0.94,0.8980683070423372,0.9653478057456681,0.06372020622667592,0.07990562582179714,0.002104029130553076,0.306597699383409,,,,,,,,
-0.005,0.0,0.0,0.45,randomized_1,blind_joint_search,200,188,0.94,0.8980683070423372,0.9653478057456681,0.06372020622667592,0.07990562582179714,0.002104029130553076,0.306597699383409,200,1.0,0.9811546736227335,1.0,200,1.0,0.9811546736227335,1.0
-0.005,0.0,0.0,0.45,randomized_2,nominal,200,0,0.0,1.734723475976807e-18,0.018845326377266575,0.19680277702400303,0.2647352088171978,0.014414828830084065,0.9346249344498656,,,,,,,,
-0.005,0.0,0.0,0.45,randomized_2,oracle,200,190,0.95,0.9104218518612239,0.972617354399236,0.06375490933776563,0.07980773987645426,-0.00011064923890872228,0.2820313733978921,,,,,,,,
-0.005,0.0,0.0,0.45,randomized_2,blind_joint_search,200,190,0.95,0.9104218518612239,0.972617354399236,0.06375490933776563,0.07980773987645427,-0.00011064923890872228,0.2820313733978921,200,1.0,0.9811546736227335,1.0,200,1.0,0.9811546736227335,1.0
-0.005,0.0,0.0,0.45,randomized_3,nominal,200,0,0.0,1.734723475976807e-18,0.018845326377266575,0.16399227541210287,0.2182991699275409,-0.015346952783934468,0.6370987833648645,,,,,,,,
-0.005,0.0,0.0,0.45,randomized_3,oracle,200,195,0.975,0.942821659593358,0.9892752803482386,0.06362839575401166,0.07992658895201979,0.0013637150947975927,0.31553496274249415,,,,,,,,
-0.005,0.0,0.0,0.45,randomized_3,blind_joint_search,200,195,0.975,0.942821659593358,0.9892752803482386,0.06362839575401166,0.07992658895201979,0.0013637150947975927,0.31553496274249415,200,1.0,0.9811546736227335,1.0,200,1.0,0.9811546736227335,1.0
-0.005,0.0,0.0,0.45,POOLED_ALL_VECTORS,nominal,1200,0,0.0,2.168404344971009e-19,0.003191000602734924,0.17688972710763054,0.2582127836676547,-0.028050818396700063,1.1048387388199603,,,,,,,,
-0.005,0.0,0.0,0.45,POOLED_ALL_VECTORS,oracle,1200,1142,0.9516666666666667,0.9380248071316127,0.9624259889905834,0.0635973744371155,0.07970825801061515,0.0011526730024745055,0.33686313304742077,,,,,,,,
-0.005,0.0,0.0,0.45,POOLED_ALL_VECTORS,blind_joint_search,1200,1142,0.9516666666666667,0.9380248071316127,0.9624259889905834,0.06359737443711551,0.07970825801061515,0.0011526730024745055,0.33686313304742077,,,,,,,,
-0.005,0.0,2.0,0.0,mixed_signs,nominal,1,0,0.0,,,0.09897778915537062,0.17231780553215834,0.04108264690559923,0.5659778801096476,,,,,,,,
-0.005,0.0,2.0,0.0,mixed_signs,oracle,1,1,1.0,,,1.0061396160665481e-16,1.7444108782428046e-16,2.42861286636753e-17,5.551115123125783e-16,,,,,,,,
-0.005,0.0,2.0,0.0,mixed_signs,blind_joint_search,1,1,1.0,,,1.0061396160665481e-16,1.7444108782428046e-16,2.42861286636753e-17,5.551115123125783e-16,1,1.0,,,1,1.0,,
-0.005,0.0,2.0,0.0,sparse_and_zeros,nominal,1,0,0.0,,,0.02767293315469975,0.11015947485583372,0.013168232626331022,0.5850474982840084,,,,,,,,
-0.005,0.0,2.0,0.0,sparse_and_zeros,oracle,1,1,1.0,,,1.734723475976807e-18,9.813077866773595e-18,1.734723475976807e-18,5.551115123125783e-17,,,,,,,,
-0.005,0.0,2.0,0.0,sparse_and_zeros,blind_joint_search,1,1,1.0,,,1.734723475976807e-18,9.813077866773595e-18,1.734723475976807e-18,5.551115123125783e-17,1,1.0,,,1,1.0,,
-0.005,0.0,2.0,0.0,boundary_values,nominal,1,0,0.0,,,0.09202808675912263,0.16974962565584434,0.039592272370373285,0.5632645458665526,,,,,,,,
-0.005,0.0,2.0,0.0,boundary_values,oracle,1,1,1.0,,,1.1450530194162534e-16,2.011082588330669e-16,-3.482999479109683e-18,4.440892098500626e-16,,,,,,,,
-0.005,0.0,2.0,0.0,boundary_values,blind_joint_search,1,1,1.0,,,1.1450530194162534e-16,2.011082588330669e-16,-3.482999479109683e-18,4.440892098500626e-16,1,1.0,,,1,1.0,,
-0.005,0.0,2.0,0.0,randomized_1,nominal,1,0,0.0,,,0.11759659929685029,0.18163356452773832,-0.0004951846636807276,0.5235879141704474,,,,,,,,
-0.005,0.0,2.0,0.0,randomized_1,oracle,1,1,1.0,,,1.7520707107365752e-16,2.433564171948369e-16,-2.949029909160572e-17,4.440892098500626e-16,,,,,,,,
-0.005,0.0,2.0,0.0,randomized_1,blind_joint_search,1,1,1.0,,,1.7520707107365752e-16,2.433564171948369e-16,-2.949029909160572e-17,4.440892098500626e-16,1,1.0,,,1,1.0,,
-0.005,0.0,2.0,0.0,randomized_2,nominal,1,0,0.0,,,0.12098357199788223,0.1855799300246162,0.03911929162531264,0.4811153888319173,,,,,,,,
-0.005,0.0,2.0,0.0,randomized_2,oracle,1,1,1.0,,,1.6414820891430537e-16,2.2468854732722686e-16,2.8189256484623115e-18,6.661338147750939e-16,,,,,,,,
-0.005,0.0,2.0,0.0,randomized_2,blind_joint_search,1,1,1.0,,,1.6414820891430537e-16,2.2468854732722686e-16,2.8189256484623115e-18,6.661338147750939e-16,1,1.0,,,1,1.0,,
-0.005,0.0,2.0,0.0,randomized_3,nominal,1,0,0.0,,,0.08164799989423363,0.13197614520980677,0.027448385972785004,0.4640781883449061,,,,,,,,
-0.005,0.0,2.0,0.0,randomized_3,oracle,1,1,1.0,,,1.0560129160008813e-16,1.878834463031306e-16,2.3201926491189795e-17,6.661338147750939e-16,,,,,,,,
-0.005,0.0,2.0,0.0,randomized_3,blind_joint_search,1,1,1.0,,,1.0560129160008813e-16,1.878834463031306e-16,2.3201926491189795e-17,6.661338147750939e-16,1,1.0,,,1,1.0,,
-0.005,0.0,2.0,0.0,POOLED_ALL_VECTORS,nominal,6,0,0.0,,,0.08981783004302653,0.1609823160628027,0.02665260747278675,0.5850474982840084,,,,,,,,
-0.005,0.0,2.0,0.0,POOLED_ALL_VECTORS,oracle,6,6,1.0,,,1.1030175976871799e-16,1.8972699679367098e-16,3.178067618098135e-18,6.661338147750939e-16,,,,,,,,
-0.005,0.0,2.0,0.0,POOLED_ALL_VECTORS,blind_joint_search,6,6,1.0,,,1.1030175976871799e-16,1.8972699679367098e-16,3.178067618098135e-18,6.661338147750939e-16,,,,,,,,
-0.005,0.0,2.0,0.25,mixed_signs,nominal,200,0,0.0,1.734723475976807e-18,0.018845326377266575,0.113948348095123,0.1779593838762334,0.04086813525582823,0.6707884105435604,,,,,,,,
-0.005,0.0,2.0,0.25,mixed_signs,oracle,200,200,1.0,0.9811546736227335,1.0,0.034552302924358805,0.04334437235092367,-0.00019595714165365028,0.16822761920905166,,,,,,,,
-0.005,0.0,2.0,0.25,mixed_signs,blind_joint_search,200,200,1.0,0.9811546736227335,1.0,0.034552302924358805,0.04334437235092367,-0.00019595714165365034,0.16822761920905166,200,1.0,0.9811546736227335,1.0,200,1.0,0.9811546736227335,1.0
-0.005,0.0,2.0,0.25,sparse_and_zeros,nominal,200,0,0.0,1.734723475976807e-18,0.018845326377266575,0.0583739181727799,0.11791700557409202,0.011819182549695167,0.7028727167442306,,,,,,,,
-0.005,0.0,2.0,0.25,sparse_and_zeros,oracle,200,200,1.0,0.9811546736227335,1.0,0.035305970912221186,0.04423265570587155,-0.0011385706088573174,0.20037195919069903,,,,,,,,
-0.005,0.0,2.0,0.25,sparse_and_zeros,blind_joint_search,200,200,1.0,0.9811546736227335,1.0,0.035305970912221186,0.04423265570587155,-0.0011385706088573174,0.20037195919069903,200,1.0,0.9811546736227335,1.0,200,1.0,0.9811546736227335,1.0
-0.005,0.0,2.0,0.25,boundary_values,nominal,200,0,0.0,1.734723475976807e-18,0.018845326377266575,0.10801068289487677,0.17610830962627821,0.03931975741642712,0.7056002387953146,,,,,,,,
-0.005,0.0,2.0,0.25,boundary_values,oracle,200,200,1.0,0.9811546736227335,1.0,0.03529581073279625,0.044153864134444984,-0.0003466708745512838,0.1556340812028072,,,,,,,,
-0.005,0.0,2.0,0.25,boundary_values,blind_joint_search,200,200,1.0,0.9811546736227335,1.0,0.03529581073279625,0.044153864134444984,-0.0003466708745512836,0.1556340812028072,200,1.0,0.9811546736227335,1.0,200,1.0,0.9811546736227335,1.0
-0.005,0.0,2.0,0.25,randomized_1,nominal,200,0,0.0,1.734723475976807e-18,0.018845326377266575,0.12925776616241783,0.18626629093526226,-0.0005499667618910788,0.6243468400148049,,,,,,,,
-0.005,0.0,2.0,0.25,randomized_1,oracle,200,200,1.0,0.9811546736227335,1.0,0.03511836758789876,0.04392536619102053,-1.4496983849881413e-05,0.17370195726722337,,,,,,,,
-0.005,0.0,2.0,0.25,randomized_1,blind_joint_search,200,200,1.0,0.9811546736227335,1.0,0.03511836758789876,0.043925366191020526,-1.4496983849881482e-05,0.17370195726722337,200,1.0,0.9811546736227335,1.0,200,1.0,0.9811546736227335,1.0
-0.005,0.0,2.0,0.25,randomized_2,nominal,200,0,0.0,1.734723475976807e-18,0.018845326377266575,0.13277270502251398,0.1903652494136715,0.03854588718829774,0.5809198332870458,,,,,,,,
-0.005,0.0,2.0,0.25,randomized_2,oracle,200,200,1.0,0.9811546736227335,1.0,0.034805319348703144,0.04367777324624248,-0.0007199100342706272,0.164843208446388,,,,,,,,
-0.005,0.0,2.0,0.25,randomized_2,blind_joint_search,200,200,1.0,0.9811546736227335,1.0,0.034805319348703144,0.04367777324624248,-0.0007199100342706272,0.164843208446388,200,1.0,0.9811546736227335,1.0,200,1.0,0.9811546736227335,1.0
-0.005,0.0,2.0,0.25,randomized_3,nominal,200,0,0.0,1.734723475976807e-18,0.018845326377266575,0.09455667251101606,0.1396634524270485,0.027852804356321342,0.579439764150186,,,,,,,,
-0.005,0.0,2.0,0.25,randomized_3,oracle,200,200,1.0,0.9811546736227335,1.0,0.035642892803905896,0.04435499898125577,0.0006664215054395141,0.16779252967940406,,,,,,,,
-0.005,0.0,2.0,0.25,randomized_3,blind_joint_search,200,200,1.0,0.9811546736227335,1.0,0.035642892803905896,0.04435499898125577,0.0006664215054395141,0.16779252967940406,200,1.0,0.9811546736227335,1.0,200,1.0,0.9811546736227335,1.0
-0.005,0.0,2.0,0.25,POOLED_ALL_VECTORS,nominal,1200,0,0.0,2.168404344971009e-19,0.003191000602734924,0.10615334880978791,0.16684725474694198,0.026309300000779752,0.7056002387953146,,,,,,,,
-0.005,0.0,2.0,0.25,POOLED_ALL_VECTORS,oracle,1200,1200,1.0,0.9968089993972651,1.0,0.03512011071831401,0.04394955018481483,-0.0002915306896238743,0.20037195919069903,,,,,,,,
-0.005,0.0,2.0,0.25,POOLED_ALL_VECTORS,blind_joint_search,1200,1200,1.0,0.9968089993972651,1.0,0.03512011071831401,0.04394955018481483,-0.0002915306896238743,0.20037195919069903,,,,,,,,
-0.005,0.0,2.0,0.45,mixed_signs,nominal,200,0,0.0,1.734723475976807e-18,0.018845326377266575,0.1312993195742601,0.18915791379892724,0.04113857408838482,0.7506756214513599,,,,,,,,
-0.005,0.0,2.0,0.45,mixed_signs,oracle,200,193,0.965,0.9295293884777092,0.9829444579914328,0.06317902910518017,0.07945348049728677,0.0003399568532498263,0.26901530161057585,,,,,,,,
-0.005,0.0,2.0,0.45,mixed_signs,blind_joint_search,200,193,0.965,0.9295293884777092,0.9829444579914328,0.06317902910518017,0.07945348049728677,0.0003399568532498265,0.26901530161057585,200,1.0,0.9811546736227335,1.0,200,1.0,0.9811546736227335,1.0
-0.005,0.0,2.0,0.45,sparse_and_zeros,nominal,200,0,0.0,1.734723475976807e-18,0.018845326377266575,0.08352817702108299,0.13521738164394728,0.014075301515842941,0.8052404801508997,,,,,,,,
-0.005,0.0,2.0,0.45,sparse_and_zeros,oracle,200,191,0.955,0.9167032959981803,0.976147456998507,0.06274035245028164,0.07858981331026452,0.0011266770687087693,0.37584205693274714,,,,,,,,
-0.005,0.0,2.0,0.45,sparse_and_zeros,blind_joint_search,200,191,0.955,0.9167032959981803,0.976147456998507,0.06274035245028164,0.07858981331026452,0.0011266770687087687,0.37584205693274714,200,1.0,0.9811546736227335,1.0,200,1.0,0.9811546736227335,1.0
-0.005,0.0,2.0,0.45,boundary_values,nominal,200,0,0.0,1.734723475976807e-18,0.018845326377266575,0.12831414280920797,0.1901920184616588,0.04004300066545153,0.7954866710762887,,,,,,,,
-0.005,0.0,2.0,0.45,boundary_values,oracle,200,180,0.9,0.8505941875672826,0.9343295513309041,0.0641112314810312,0.08068510961696733,0.0007017755832843506,0.326163077154919,,,,,,,,
-0.005,0.0,2.0,0.45,boundary_values,blind_joint_search,200,180,0.9,0.8505941875672826,0.9343295513309041,0.0641112314810312,0.08068510961696733,0.0007017755832843503,0.326163077154919,200,1.0,0.9811546736227335,1.0,200,1.0,0.9811546736227335,1.0
-0.005,0.0,2.0,0.45,randomized_1,nominal,200,0,0.0,1.734723475976807e-18,0.018845326377266575,0.1443470331496753,0.19766091694102644,-0.002070180971300321,0.6941099251752723,,,,,,,,
-0.005,0.0,2.0,0.45,randomized_1,oracle,200,192,0.96,0.923067931799067,0.9795943679338476,0.06284400122436537,0.0788206194584014,-0.001620500982269551,0.3498529313968439,,,,,,,,
-0.005,0.0,2.0,0.45,randomized_1,blind_joint_search,200,192,0.96,0.923067931799067,0.9795943679338476,0.06284400122436537,0.0788206194584014,-0.0016205009822695506,0.3498529313968439,200,1.0,0.9811546736227335,1.0,200,1.0,0.9811546736227335,1.0
-0.005,0.0,2.0,0.45,randomized_2,nominal,200,0,0.0,1.734723475976807e-18,0.018845326377266575,0.14818673279240596,0.2012558328083042,0.04002818199137964,0.6872731697722585,,,,,,,,
-0.005,0.0,2.0,0.45,randomized_2,oracle,200,191,0.955,0.9167032959981803,0.976147456998507,0.062331551238468376,0.07822490735027698,0.0005080082983958295,0.32885665522891605,,,,,,,,
-0.005,0.0,2.0,0.45,randomized_2,blind_joint_search,200,191,0.955,0.9167032959981803,0.976147456998507,0.06233155123846837,0.078224907350277,0.0005080082983958296,0.32885665522891605,200,1.0,0.9811546736227335,1.0,200,1.0,0.9811546736227335,1.0
-0.005,0.0,2.0,0.45,randomized_3,nominal,200,0,0.0,1.734723475976807e-18,0.018845326377266575,0.11330351106317131,0.1554499625466484,0.026505824978440774,0.6665168042638872,,,,,,,,
-0.005,0.0,2.0,0.45,randomized_3,oracle,200,189,0.945,0.9042130012276914,0.9690146582965411,0.06388504840745435,0.08015403430081006,-0.0007084960770265878,0.33245350762902004,,,,,,,,
-0.005,0.0,2.0,0.45,randomized_3,blind_joint_search,200,189,0.945,0.9042130012276914,0.9690146582965411,0.06388504840745435,0.08015403430081006,-0.0007084960770265878,0.33245350762902004,200,1.0,0.9811546736227335,1.0,200,1.0,0.9811546736227335,1.0
-0.005,0.0,2.0,0.45,POOLED_ALL_VECTORS,nominal,1200,0,0.0,2.168404344971009e-19,0.003191000602734924,0.12482981940163394,0.17980355007572993,0.026620117044699902,0.8052404801508997,,,,,,,,
-0.005,0.0,2.0,0.45,POOLED_ALL_VECTORS,oracle,1200,1136,0.9466666666666667,0.9324686636941517,0.9580140424340717,0.06318186898446351,0.07932611657963806,5.79034573904394e-05,0.37584205693274714,,,,,,,,
-0.005,0.0,2.0,0.45,POOLED_ALL_VECTORS,blind_joint_search,1200,1136,0.9466666666666667,0.9324686636941517,0.9580140424340717,0.06318186898446351,0.07932611657963806,5.790345739043958e-05,0.37584205693274714,,,,,,,,
-0.005,2500.0,-2.0,0.0,mixed_signs,nominal,1,0,0.0,,,0.09758081732046382,0.17212218505368093,0.040003154851624076,0.5862276575852281,,,,,,,,
-0.005,2500.0,-2.0,0.0,mixed_signs,oracle,1,1,1.0,,,0.013472259791561667,0.01717667754767475,-0.00027412417981208985,0.03868710193245328,,,,,,,,
-0.005,2500.0,-2.0,0.0,mixed_signs,blind_joint_search,1,1,1.0,,,0.013472259791561667,0.01717667754767475,-0.00027412417981208985,0.03868710193245328,1,1.0,,,1,1.0,,
-0.005,2500.0,-2.0,0.0,sparse_and_zeros,nominal,1,0,0.0,,,0.029215394456714297,0.11103588797505122,0.012491818976508622,0.5862276575852281,,,,,,,,
-0.005,2500.0,-2.0,0.0,sparse_and_zeros,oracle,1,1,1.0,,,0.002861102252345286,0.008005754362508862,-0.0009601503538127657,0.03646063392760368,,,,,,,,
-0.005,2500.0,-2.0,0.0,sparse_and_zeros,blind_joint_search,1,1,1.0,,,0.002861102252345286,0.008005754362508862,-0.0009601503538127657,0.03646063392760368,1,1.0,,,1,1.0,,
-0.005,2500.0,-2.0,0.0,boundary_values,nominal,1,0,0.0,,,0.09087593506415928,0.16956743559815965,0.03809484043365465,0.5862276575852281,,,,,,,,
-0.005,2500.0,-2.0,0.0,boundary_values,oracle,1,1,1.0,,,0.013972395364342433,0.01930542819918924,-0.0006553748948359877,0.03928014356806231,,,,,,,,
-0.005,2500.0,-2.0,0.0,boundary_values,blind_joint_search,1,1,1.0,,,0.013972395364342433,0.01930542819918924,-0.0006553748948359877,0.03928014356806231,1,1.0,,,1,1.0,,
-0.005,2500.0,-2.0,0.0,randomized_1,nominal,1,0,0.0,,,0.1193785246988321,0.18567336688139474,-0.0007523619279700775,0.5287339878253217,,,,,,,,
-0.005,2500.0,-2.0,0.0,randomized_1,oracle,1,1,1.0,,,0.019457838010119705,0.022922586617733776,-0.004329530207329603,0.04603551282262153,,,,,,,,
-0.005,2500.0,-2.0,0.0,randomized_1,blind_joint_search,1,1,1.0,,,0.019457838010119705,0.022922586617733776,-0.004329530207329603,0.04603551282262153,1,1.0,,,1,1.0,,
-0.005,2500.0,-2.0,0.0,randomized_2,nominal,1,0,0.0,,,0.12262698146360675,0.18766029210542862,0.039354833006329415,0.48805878772707323,,,,,,,,
-0.005,2500.0,-2.0,0.0,randomized_2,oracle,1,1,1.0,,,0.018654231738887764,0.021723057506643603,0.00162353348804385,0.03791565196642743,,,,,,,,
-0.005,2500.0,-2.0,0.0,randomized_2,blind_joint_search,1,1,1.0,,,0.018654231738887764,0.021723057506643603,0.00162353348804385,0.03791565196642743,1,1.0,,,1,1.0,,
-0.005,2500.0,-2.0,0.0,randomized_3,nominal,1,0,0.0,,,0.07867864839770383,0.13350315413033711,0.02818367691292292,0.4840175057798928,,,,,,,,
-0.005,2500.0,-2.0,0.0,randomized_3,oracle,1,1,1.0,,,0.013824947654094286,0.01772448005830473,-0.0004693377245874634,0.041035957702066916,,,,,,,,
-0.005,2500.0,-2.0,0.0,randomized_3,blind_joint_search,1,1,1.0,,,0.013824947654094286,0.01772448005830473,-0.0004693377245874634,0.041035957702066916,1,1.0,,,1,1.0,,
-0.005,2500.0,-2.0,0.0,POOLED_ALL_VECTORS,nominal,6,0,0.0,,,0.08972605023358,0.16238955569161156,0.026229327042178268,0.5862276575852281,,,,,,,,
-0.005,2500.0,-2.0,0.0,POOLED_ALL_VECTORS,oracle,6,6,1.0,,,0.01370712913522519,0.018454102120600762,-0.0008441639787223433,0.04603551282262153,,,,,,,,
-0.005,2500.0,-2.0,0.0,POOLED_ALL_VECTORS,blind_joint_search,6,6,1.0,,,0.01370712913522519,0.018454102120600762,-0.0008441639787223433,0.04603551282262153,,,,,,,,
-0.005,2500.0,-2.0,0.25,mixed_signs,nominal,200,0,0.0,1.734723475976807e-18,0.018845326377266575,0.11298703858445575,0.17774347381401187,0.04002374573691705,0.710763292139829,,,,,,,,
-0.005,2500.0,-2.0,0.25,mixed_signs,oracle,200,200,1.0,0.9811546736227335,1.0,0.038304963291437275,0.047833979800239776,-0.00018155766269819907,0.18177823921545233,,,,,,,,
-0.005,2500.0,-2.0,0.25,mixed_signs,blind_joint_search,200,200,1.0,0.9811546736227335,1.0,0.04237483682191758,0.05440043122811215,-0.00020324351810334173,0.2327684809201016,200,1.0,0.9811546736227335,1.0,93,0.465,0.3971856415700402,0.5341335312763685
-0.005,2500.0,-2.0,0.25,sparse_and_zeros,nominal,200,0,0.0,1.734723475976807e-18,0.018845326377266575,0.058924421208038584,0.11858611127001861,0.012476493950890058,0.6868931438949359,,,,,,,,
-0.005,2500.0,-2.0,0.25,sparse_and_zeros,oracle,200,200,1.0,0.9811546736227335,1.0,0.03560537781422475,0.044490729769519385,-0.0011014958284222822,0.19262015695674897,,,,,,,,
-0.005,2500.0,-2.0,0.25,sparse_and_zeros,blind_joint_search,200,200,1.0,0.9811546736227335,1.0,0.03560537781422475,0.04449072976951939,-0.0011014958284222822,0.19262015695674897,200,1.0,0.9811546736227335,1.0,200,1.0,0.9811546736227335,1.0
-0.005,2500.0,-2.0,0.25,boundary_values,nominal,200,0,0.0,1.734723475976807e-18,0.018845326377266575,0.10586225551714136,0.17326448226025953,0.03737231872399544,0.7237893225843086,,,,,,,,
-0.005,2500.0,-2.0,0.25,boundary_values,oracle,200,200,1.0,0.9811546736227335,1.0,0.0377233978225836,0.04706694067298794,-0.0013453034747640872,0.17865946105258357,,,,,,,,
-0.005,2500.0,-2.0,0.25,boundary_values,blind_joint_search,200,200,1.0,0.9811546736227335,1.0,0.0377233978225836,0.04706694067298793,-0.001345303474764088,0.17865946105258357,200,1.0,0.9811546736227335,1.0,200,1.0,0.9811546736227335,1.0
-0.005,2500.0,-2.0,0.25,randomized_1,nominal,200,0,0.0,1.734723475976807e-18,0.018845326377266575,0.13072914190114365,0.19041187980786553,3.185506834735438e-05,0.633240585873911,,,,,,,,
-0.005,2500.0,-2.0,0.25,randomized_1,oracle,200,200,1.0,0.9811546736227335,1.0,0.038812349960279345,0.04856103303551315,-0.003346030193682185,0.18363938615217257,,,,,,,,
-0.005,2500.0,-2.0,0.25,randomized_1,blind_joint_search,200,200,1.0,0.9811546736227335,1.0,0.038812349960279345,0.04856103303551316,-0.0033460301936821847,0.18363938615217257,200,1.0,0.9811546736227335,1.0,200,1.0,0.9811546736227335,1.0
-0.005,2500.0,-2.0,0.25,randomized_2,nominal,200,0,0.0,1.734723475976807e-18,0.018845326377266575,0.1350240476898202,0.19288317455858248,0.03838821601242662,0.6025028320702248,,,,,,,,
-0.005,2500.0,-2.0,0.25,randomized_2,oracle,200,200,1.0,0.9811546736227335,1.0,0.039567090682999455,0.04940121807792671,0.0006124089452224416,0.17299093625695927,,,,,,,,
-0.005,2500.0,-2.0,0.25,randomized_2,blind_joint_search,200,200,1.0,0.9811546736227335,1.0,0.039567090682999455,0.04940121807792671,0.0006124089452224416,0.17299093625695927,200,1.0,0.9811546736227335,1.0,200,1.0,0.9811546736227335,1.0
-0.005,2500.0,-2.0,0.25,randomized_3,nominal,200,0,0.0,1.734723475976807e-18,0.018845326377266575,0.09082770830674271,0.1399411439670493,0.028655459076353786,0.642259613245217,,,,,,,,
-0.005,2500.0,-2.0,0.25,randomized_3,oracle,200,200,1.0,0.9811546736227335,1.0,0.03722292220427001,0.04656497160322179,0.000216583839274479,0.16905739458725688,,,,,,,,
-0.005,2500.0,-2.0,0.25,randomized_3,blind_joint_search,200,200,1.0,0.9811546736227335,1.0,0.03722292220427001,0.04656497160322179,0.00021658383927447862,0.16905739458725688,200,1.0,0.9811546736227335,1.0,200,1.0,0.9811546736227335,1.0
-0.005,2500.0,-2.0,0.25,POOLED_ALL_VECTORS,nominal,1200,0,0.0,2.168404344971009e-19,0.003191000602734924,0.10572576886789038,0.16769024810500133,0.02615801476148839,0.7237893225843086,,,,,,,,
-0.005,2500.0,-2.0,0.25,POOLED_ALL_VECTORS,oracle,1200,1200,1.0,0.9968089993972651,1.0,0.037872683629299075,0.0473458242099847,-0.0008575657291783054,0.19262015695674897,,,,,,,,
-0.005,2500.0,-2.0,0.25,POOLED_ALL_VECTORS,blind_joint_search,1200,1200,1.0,0.9968089993972651,1.0,0.03855099588437912,0.048513021817190916,-0.0008611800384124961,0.2327684809201016,,,,,,,,
-0.005,2500.0,-2.0,0.45,mixed_signs,nominal,200,0,0.0,1.734723475976807e-18,0.018845326377266575,0.12923612722139569,0.18839595119949656,0.04094961206128962,0.8999478225614594,,,,,,,,
-0.005,2500.0,-2.0,0.45,mixed_signs,oracle,200,185,0.925,0.8799563897637055,0.954025082815618,0.06490776688049835,0.08154961713328006,0.0004894766630289913,0.31637553762462917,,,,,,,,
-0.005,2500.0,-2.0,0.45,mixed_signs,blind_joint_search,200,170,0.85,0.7939442071583334,0.89286406437758,0.06828329936693789,0.08607107855150609,0.0004478279393906269,0.35186327184739163,200,1.0,0.9811546736227335,1.0,92,0.46,0.39233051799971463,0.5291771081104667
-0.005,2500.0,-2.0,0.45,sparse_and_zeros,nominal,200,0,0.0,1.734723475976807e-18,0.018845326377266575,0.0846998584250534,0.1360454356152805,0.01165427885417345,0.8023065161603966,,,,,,,,
-0.005,2500.0,-2.0,0.45,sparse_and_zeros,oracle,200,192,0.96,0.923067931799067,0.9795943679338476,0.06272321159397137,0.07848163265979884,-0.0019371257947556817,0.3219796574589127,,,,,,,,
-0.005,2500.0,-2.0,0.45,sparse_and_zeros,blind_joint_search,200,192,0.96,0.923067931799067,0.9795943679338476,0.06272321159397137,0.07848163265979884,-0.0019371257947556825,0.3219796574589127,200,1.0,0.9811546736227335,1.0,200,1.0,0.9811546736227335,1.0
-0.005,2500.0,-2.0,0.45,boundary_values,nominal,200,0,0.0,1.734723475976807e-18,0.018845326377266575,0.12456649199680175,0.1870971734722046,0.03805525450346071,0.7557051067202107,,,,,,,,
-0.005,2500.0,-2.0,0.45,boundary_values,oracle,200,190,0.95,0.9104218518612239,0.972617354399236,0.06455425897625024,0.08101769363488368,-0.00068464811491105,0.348349878615835,,,,,,,,
-0.005,2500.0,-2.0,0.45,boundary_values,blind_joint_search,200,190,0.95,0.9104218518612239,0.972617354399236,0.06455425897625025,0.08101769363488368,-0.0006846481149110505,0.348349878615835,200,1.0,0.9811546736227335,1.0,200,1.0,0.9811546736227335,1.0
-0.005,2500.0,-2.0,0.45,randomized_1,nominal,200,0,0.0,1.734723475976807e-18,0.018845326377266575,0.146120129461596,0.20093915077513816,-0.000577266904550706,0.8331280798894828,,,,,,,,
-0.005,2500.0,-2.0,0.45,randomized_1,oracle,200,180,0.9,0.8505941875672826,0.9343295513309041,0.06650271621808591,0.08308194639399695,-0.004344071471275647,0.3319848337855065,,,,,,,,
-0.005,2500.0,-2.0,0.45,randomized_1,blind_joint_search,200,180,0.9,0.8505941875672826,0.9343295513309041,0.06650271621808591,0.08308194639399695,-0.004344071471275647,0.3319848337855065,200,1.0,0.9811546736227335,1.0,200,1.0,0.9811546736227335,1.0
-0.005,2500.0,-2.0,0.45,randomized_2,nominal,200,0,0.0,1.734723475976807e-18,0.018845326377266575,0.15110149314473786,0.20488664073816215,0.03950503720346151,0.6813721980120828,,,,,,,,
-0.005,2500.0,-2.0,0.45,randomized_2,oracle,200,188,0.94,0.8980683070423372,0.9653478057456681,0.0652632790170495,0.08161440965145352,0.0014683486574691802,0.3178362251984388,,,,,,,,
-0.005,2500.0,-2.0,0.45,randomized_2,blind_joint_search,200,188,0.94,0.8980683070423372,0.9653478057456681,0.0652632790170495,0.08161440965145352,0.0014683486574691804,0.3178362251984388,200,1.0,0.9811546736227335,1.0,200,1.0,0.9811546736227335,1.0
-0.005,2500.0,-2.0,0.45,randomized_3,nominal,200,0,0.0,1.734723475976807e-18,0.018845326377266575,0.11057690150776389,0.15639640126480536,0.028980545087062878,0.7380350262369366,,,,,,,,
-0.005,2500.0,-2.0,0.45,randomized_3,oracle,200,192,0.96,0.923067931799067,0.9795943679338476,0.06476305900085745,0.08058256642316627,0.0002656521065643394,0.2831444630240214,,,,,,,,
-0.005,2500.0,-2.0,0.45,randomized_3,blind_joint_search,200,192,0.96,0.923067931799067,0.9795943679338476,0.06476305900085745,0.08058256642316627,0.00026565210656433885,0.2831444630240214,200,1.0,0.9811546736227335,1.0,200,1.0,0.9811546736227335,1.0
-0.005,2500.0,-2.0,0.45,POOLED_ALL_VECTORS,nominal,1200,0,0.0,2.168404344971009e-19,0.003191000602734924,0.12438350029289144,0.18065697675299228,0.026427910134149576,0.8999478225614594,,,,,,,,
-0.005,2500.0,-2.0,0.45,POOLED_ALL_VECTORS,oracle,1200,1127,0.9391666666666667,0.924190523909133,0.9513400472281315,0.0647857152811188,0.08106648001502871,-0.000790394658979978,0.348349878615835,,,,,,,,
-0.005,2500.0,-2.0,0.45,POOLED_ALL_VECTORS,blind_joint_search,1200,1112,0.9266666666666666,0.910516667961249,0.9400936781910837,0.06534830402885873,0.08184185522558864,-0.0007973361129197055,0.35186327184739163,,,,,,,,
-0.005,2500.0,0.0,0.0,mixed_signs,nominal,1,0,0.0,,,0.15974612407361966,0.23791040026187293,-0.05897213090302965,0.5671119940902563,,,,,,,,
-0.005,2500.0,0.0,0.0,mixed_signs,oracle,1,1,1.0,,,0.013441600194819818,0.01715027721025816,-0.0002836074939929021,0.038373093106512934,,,,,,,,
-0.005,2500.0,0.0,0.0,mixed_signs,blind_joint_search,1,1,1.0,,,0.013441600194819818,0.01715027721025816,-0.0002836074939929021,0.038373093106512934,1,1.0,,,1,1.0,,
-0.005,2500.0,0.0,0.0,sparse_and_zeros,nominal,1,0,0.0,,,0.03846182770221297,0.14838087343336592,0.006956315148867507,0.6805343929082951,,,,,,,,
-0.005,2500.0,0.0,0.0,sparse_and_zeros,oracle,1,1,1.0,,,0.0028342914996241416,0.007995193692610567,-0.0009957167529437692,0.03660142484209805,,,,,,,,
-0.005,2500.0,0.0,0.0,sparse_and_zeros,blind_joint_search,1,1,1.0,,,0.0028342914996241416,0.007995193692610567,-0.0009957167529437692,0.03660142484209805,1,1.0,,,1,1.0,,
-0.005,2500.0,0.0,0.0,boundary_values,nominal,1,0,0.0,,,0.18955841821761663,0.32410517557208346,-0.05490991681187661,0.9073791905444102,,,,,,,,
-0.005,2500.0,0.0,0.0,boundary_values,oracle,1,1,1.0,,,0.013948234114537673,0.01929765266925938,-0.000653528992659482,0.03919585838321349,,,,,,,,
-0.005,2500.0,0.0,0.0,boundary_values,blind_joint_search,1,1,1.0,,,0.013948234114537673,0.01929765266925938,-0.000653528992659482,0.03919585838321349,1,1.0,,,1,1.0,,
-0.005,2500.0,0.0,0.0,randomized_1,nominal,1,0,0.0,,,0.1987263919318248,0.28294229905577223,-0.06202433032065167,0.8638835031301315,,,,,,,,
-0.005,2500.0,0.0,0.0,randomized_1,oracle,1,1,1.0,,,0.019425584534860027,0.022908256527915782,-0.004264594946455386,0.04608114075876868,,,,,,,,
-0.005,2500.0,0.0,0.0,randomized_1,blind_joint_search,1,1,1.0,,,0.019425584534860027,0.022908256527915782,-0.004264594946455386,0.04608114075876868,1,1.0,,,1,1.0,,
-0.005,2500.0,0.0,0.0,randomized_2,nominal,1,0,0.0,,,0.1840146822898039,0.2573839733811717,0.013996107886224816,0.7309369874301279,,,,,,,,
-0.005,2500.0,0.0,0.0,randomized_2,oracle,1,1,1.0,,,0.01861507380921295,0.021685381270016617,0.0015893051522367302,0.037987477533018676,,,,,,,,
-0.005,2500.0,0.0,0.0,randomized_2,blind_joint_search,1,1,1.0,,,0.01861507380921295,0.021685381270016617,0.0015893051522367302,0.037987477533018676,1,1.0,,,1,1.0,,
-0.005,2500.0,0.0,0.0,randomized_3,nominal,1,0,0.0,,,0.14911654147119313,0.20918978378303416,-0.015458599690400447,0.4610924396333288,,,,,,,,
-0.005,2500.0,0.0,0.0,randomized_3,oracle,1,1,1.0,,,0.013808151159533974,0.01770611578049859,-0.0005086160989605205,0.04076189549459652,,,,,,,,
-0.005,2500.0,0.0,0.0,randomized_3,blind_joint_search,1,1,1.0,,,0.013808151159533974,0.01770611578049859,-0.0005086160989605205,0.04076189549459652,1,1.0,,,1,1.0,,
-0.005,2500.0,0.0,0.0,POOLED_ALL_VECTORS,nominal,6,0,0.0,,,0.15327066428104516,0.24957484748196032,-0.028402092448477672,0.9073791905444102,,,,,,,,
-0.005,2500.0,0.0,0.0,POOLED_ALL_VECTORS,oracle,6,6,1.0,,,0.013678822552098097,0.018434591773446096,-0.0008527931887958882,0.04608114075876868,,,,,,,,
-0.005,2500.0,0.0,0.0,POOLED_ALL_VECTORS,blind_joint_search,6,6,1.0,,,0.013678822552098097,0.018434591773446096,-0.0008527931887958882,0.04608114075876868,,,,,,,,
-0.005,2500.0,0.0,0.25,mixed_signs,nominal,200,0,0.0,1.734723475976807e-18,0.018845326377266575,0.1696556528517712,0.24232119618783282,-0.0584400058546869,0.7137669404689246,,,,,,,,
-0.005,2500.0,0.0,0.25,mixed_signs,oracle,200,200,1.0,0.9811546736227335,1.0,0.038034495749921175,0.04752999193936891,-0.00032167577066830933,0.1802929789133212,,,,,,,,
-0.005,2500.0,0.0,0.25,mixed_signs,blind_joint_search,200,200,1.0,0.9811546736227335,1.0,0.04182634075381896,0.05361942138138653,-0.00036653774016697464,0.23476100068306782,200,1.0,0.9811546736227335,1.0,103,0.515,0.44610849192745716,0.5833261482812249
-0.005,2500.0,0.0,0.25,sparse_and_zeros,nominal,200,0,0.0,1.734723475976807e-18,0.018845326377266575,0.07005764610712649,0.15497775955842374,0.006954475583494062,0.8126799406310633,,,,,,,,
-0.005,2500.0,0.0,0.25,sparse_and_zeros,oracle,200,200,1.0,0.9811546736227335,1.0,0.03535425030154947,0.044260456586834626,-0.00031402357860752086,0.1845389043848995,,,,,,,,
-0.005,2500.0,0.0,0.25,sparse_and_zeros,blind_joint_search,200,200,1.0,0.9811546736227335,1.0,0.03535425030154947,0.044260456586834626,-0.000314023578607521,0.1845389043848995,200,1.0,0.9811546736227335,1.0,200,1.0,0.9811546736227335,1.0
-0.005,2500.0,0.0,0.25,boundary_values,nominal,200,0,0.0,1.734723475976807e-18,0.018845326377266575,0.20492878370636247,0.32694039032340827,-0.055021714948220043,1.0379868185590362,,,,,,,,
-0.005,2500.0,0.0,0.25,boundary_values,oracle,200,200,1.0,0.9811546736227335,1.0,0.03792848434823668,0.04779622070671185,-0.0008390749915173268,0.19860749947575074,,,,,,,,
-0.005,2500.0,0.0,0.25,boundary_values,blind_joint_search,200,200,1.0,0.9811546736227335,1.0,0.037928484348236674,0.04779622070671185,-0.0008390749915173269,0.19860749947575074,200,1.0,0.9811546736227335,1.0,200,1.0,0.9811546736227335,1.0
-0.005,2500.0,0.0,0.25,randomized_1,nominal,200,0,0.0,1.734723475976807e-18,0.018845326377266575,0.20472507738032203,0.28661106401025765,-0.062196306551663944,0.9893100847369312,,,,,,,,
-0.005,2500.0,0.0,0.25,randomized_1,oracle,200,200,1.0,0.9811546736227335,1.0,0.03893352531823955,0.04869114776058104,-0.004232652372637198,0.18307093435309474,,,,,,,,
-0.005,2500.0,0.0,0.25,randomized_1,blind_joint_search,200,200,1.0,0.9811546736227335,1.0,0.038933525318239556,0.04869114776058104,-0.004232652372637199,0.18307093435309474,200,1.0,0.9811546736227335,1.0,200,1.0,0.9811546736227335,1.0
-0.005,2500.0,0.0,0.25,randomized_2,nominal,200,0,0.0,1.734723475976807e-18,0.018845326377266575,0.19091127705559224,0.2611376822228091,0.013890746480998391,0.8271614092757014,,,,,,,,
-0.005,2500.0,0.0,0.25,randomized_2,oracle,200,200,1.0,0.9811546736227335,1.0,0.039291639518405114,0.048954492894086404,0.0017006566879546059,0.18888530731451958,,,,,,,,
-0.005,2500.0,0.0,0.25,randomized_2,blind_joint_search,200,200,1.0,0.9811546736227335,1.0,0.039291639518405114,0.048954492894086404,0.0017006566879546074,0.18888530731451958,200,1.0,0.9811546736227335,1.0,200,1.0,0.9811546736227335,1.0
-0.005,2500.0,0.0,0.25,randomized_3,nominal,200,0,0.0,1.734723475976807e-18,0.018845326377266575,0.1579725174003551,0.2136241430038612,-0.01407288678133261,0.5841349978042126,,,,,,,,
-0.005,2500.0,0.0,0.25,randomized_3,oracle,200,200,1.0,0.9811546736227335,1.0,0.03793676612235022,0.04763737201703004,0.0010379274975296738,0.19288731992818509,,,,,,,,
-0.005,2500.0,0.0,0.25,randomized_3,blind_joint_search,200,200,1.0,0.9811546736227335,1.0,0.03793676612235022,0.04763737201703004,0.001037927497529674,0.19288731992818509,200,1.0,0.9811546736227335,1.0,200,1.0,0.9811546736227335,1.0
-0.005,2500.0,0.0,0.25,POOLED_ALL_VECTORS,nominal,1200,0,0.0,2.168404344971009e-19,0.003191000602734924,0.16637515908358827,0.25350928729483146,-0.02814761534523517,1.0379868185590362,,,,,,,,
-0.005,2500.0,0.0,0.25,POOLED_ALL_VECTORS,oracle,1200,1200,1.0,0.9968089993972651,1.0,0.0379131935597837,0.047503081167304416,-0.0004948070879910124,0.19860749947575074,,,,,,,,
-0.005,2500.0,0.0,0.25,POOLED_ALL_VECTORS,blind_joint_search,1200,1200,1.0,0.9968089993972651,1.0,0.038545167727099997,0.04857159412977109,-0.0005022840829074565,0.23476100068306782,,,,,,,,
-0.005,2500.0,0.0,0.45,mixed_signs,nominal,200,0,0.0,1.734723475976807e-18,0.018845326377266575,0.18166640159644498,0.25027339450313363,-0.058229683133109236,0.7826437317629334,,,,,,,,
-0.005,2500.0,0.0,0.45,mixed_signs,oracle,200,194,0.97,0.9361057075454807,0.9861796856598887,0.06418847737569137,0.08017426449827054,0.00042027754532411197,0.29357066770978735,,,,,,,,
-0.005,2500.0,0.0,0.45,mixed_signs,blind_joint_search,200,181,0.905,0.8563983883518006,0.9383368972826135,0.06661950066840755,0.08357511636124695,0.00040275451747291897,0.3624002808687079,200,1.0,0.9811546736227335,1.0,119,0.595,0.525797100813387,0.6606222871749323
-0.005,2500.0,0.0,0.45,sparse_and_zeros,nominal,200,0,0.0,1.734723475976807e-18,0.018845326377266575,0.09650746790265739,0.16873306793417722,0.00860077217933536,0.8971117807185917,,,,,,,,
-0.005,2500.0,0.0,0.45,sparse_and_zeros,oracle,200,184,0.92,0.874010511732856,0.9501594141102401,0.06356571197999691,0.0801270400830875,0.0007723026147801216,0.31312013403715644,,,,,,,,
-0.005,2500.0,0.0,0.45,sparse_and_zeros,blind_joint_search,200,184,0.92,0.874010511732856,0.9501594141102401,0.06356571197999691,0.0801270400830875,0.0007723026147801221,0.31312013403715644,200,1.0,0.9811546736227335,1.0,200,1.0,0.9811546736227335,1.0
-0.005,2500.0,0.0,0.45,boundary_values,nominal,200,0,0.0,1.734723475976807e-18,0.018845326377266575,0.21856475057388217,0.333235401959878,-0.05504413239271135,1.1545776990530547,,,,,,,,
-0.005,2500.0,0.0,0.45,boundary_values,oracle,200,190,0.95,0.9104218518612239,0.972617354399236,0.06433382053933462,0.08026377845298246,0.0008907539609473222,0.2948608716930805,,,,,,,,
-0.005,2500.0,0.0,0.45,boundary_values,blind_joint_search,200,190,0.95,0.9104218518612239,0.972617354399236,0.06433382053933462,0.08026377845298246,0.0008907539609473215,0.2948608716930805,200,1.0,0.9811546736227335,1.0,200,1.0,0.9811546736227335,1.0
-0.005,2500.0,0.0,0.45,randomized_1,nominal,200,0,0.0,1.734723475976807e-18,0.018845326377266575,0.21485800957321188,0.29396497945788397,-0.06018851786227462,1.0861767051164681,,,,,,,,
-0.005,2500.0,0.0,0.45,randomized_1,oracle,200,192,0.96,0.923067931799067,0.9795943679338476,0.06550251384941784,0.08187839251145695,-0.0021267887761985326,0.3171499323563671,,,,,,,,
-0.005,2500.0,0.0,0.45,randomized_1,blind_joint_search,200,192,0.96,0.923067931799067,0.9795943679338476,0.06550251384941784,0.08187839251145695,-0.002126788776198532,0.3171499323563671,200,1.0,0.9811546736227335,1.0,200,1.0,0.9811546736227335,1.0
-0.005,2500.0,0.0,0.45,randomized_2,nominal,200,0,0.0,1.734723475976807e-18,0.018845326377266575,0.2005132271850718,0.2680269999751114,0.013864061057717713,0.9411992517517268,,,,,,,,
-0.005,2500.0,0.0,0.45,randomized_2,oracle,200,187,0.935,0.8919809207009312,0.961623645350847,0.06395712489907054,0.08010909225029274,0.0020265586538635604,0.31138217960555514,,,,,,,,
-0.005,2500.0,0.0,0.45,randomized_2,blind_joint_search,200,187,0.935,0.8919809207009312,0.961623645350847,0.06395712489907054,0.08010909225029274,0.0020265586538635604,0.31138217960555514,200,1.0,0.9811546736227335,1.0,200,1.0,0.9811546736227335,1.0
-0.005,2500.0,0.0,0.45,randomized_3,nominal,200,0,0.0,1.734723475976807e-18,0.018845326377266575,0.17011900444130273,0.22335128387121772,-0.015529643270811237,0.656131095129416,,,,,,,,
-0.005,2500.0,0.0,0.45,randomized_3,oracle,200,188,0.94,0.8980683070423372,0.9653478057456681,0.0638186340985822,0.0799607624142571,0.00045250390896560774,0.3138358608377695,,,,,,,,
-0.005,2500.0,0.0,0.45,randomized_3,blind_joint_search,200,188,0.94,0.8980683070423372,0.9653478057456681,0.0638186340985822,0.0799607624142571,0.0004525039089656078,0.3138358608377695,200,1.0,0.9811546736227335,1.0,200,1.0,0.9811546736227335,1.0
-0.005,2500.0,0.0,0.45,POOLED_ALL_VECTORS,nominal,1200,0,0.0,2.168404344971009e-19,0.003191000602734924,0.18037147687876184,0.26149988247295514,-0.02775452390364223,1.1545776990530547,,,,,,,,
-0.005,2500.0,0.0,0.45,POOLED_ALL_VECTORS,oracle,1200,1135,0.9458333333333333,0.9315457137904677,0.9572756440054269,0.06422771379034892,0.08042158781401111,0.00040593465128036513,0.3171499323563671,,,,,,,,
-0.005,2500.0,0.0,0.45,POOLED_ALL_VECTORS,blind_joint_search,1200,1122,0.935,0.9196169212642026,0.9476069082114181,0.06463288433913494,0.0809965823416,0.0004030141466384998,0.3624002808687079,,,,,,,,
-0.005,2500.0,2.0,0.0,mixed_signs,nominal,1,0,0.0,,,0.7515124046813133,0.9103708941276144,-0.12287734071394335,1.954510144912769,,,,,,,,
-0.005,2500.0,2.0,0.0,mixed_signs,oracle,1,1,1.0,,,0.014387093158427497,0.018504483135376577,0.000677338689318724,0.040803378229368414,,,,,,,,
-0.005,2500.0,2.0,0.0,mixed_signs,blind_joint_search,1,1,1.0,,,0.014387093158427497,0.018504483135376577,0.000677338689318724,0.040803378229368414,1,1.0,,,1,1.0,,
-0.005,2500.0,2.0,0.0,sparse_and_zeros,nominal,1,0,0.0,,,0.1518624467365909,0.4619763118652313,0.011720604559885842,1.7897163926127084,,,,,,,,
-0.005,2500.0,2.0,0.0,sparse_and_zeros,oracle,1,1,1.0,,,0.003782008920711488,0.010625564741914685,-5.6105595433794805e-05,0.040803378229368414,,,,,,,,
-0.005,2500.0,2.0,0.0,sparse_and_zeros,blind_joint_search,1,1,1.0,,,0.003782008920711488,0.010625564741914685,-5.6105595433794805e-05,0.040803378229368414,1,1.0,,,1,1.0,,
-0.005,2500.0,2.0,0.0,boundary_values,nominal,1,0,0.0,,,0.8057517817174737,1.092392574402588,-0.11521532559432486,2.3201093581711936,,,,,,,,
-0.005,2500.0,2.0,0.0,boundary_values,oracle,1,1,1.0,,,0.014901726641368754,0.020525169694538287,0.0003171807870081106,0.040803378229368414,,,,,,,,
-0.005,2500.0,2.0,0.0,boundary_values,blind_joint_search,1,1,1.0,,,0.014901726641368754,0.020525169694538287,0.0003171807870081106,0.040803378229368414,1,1.0,,,1,1.0,,
-0.005,2500.0,2.0,0.0,randomized_1,nominal,1,0,0.0,,,0.9076576296926029,1.0135028864411593,-0.18704220904311317,2.2088937247716554,,,,,,,,
-0.005,2500.0,2.0,0.0,randomized_1,oracle,1,1,1.0,,,0.02027280110457566,0.02375196641338437,-0.003321150577117297,0.046121482451233264,,,,,,,,
-0.005,2500.0,2.0,0.0,randomized_1,blind_joint_search,1,1,1.0,,,0.02027280110457566,0.02375196641338437,-0.003321150577117297,0.046121482451233264,1,1.0,,,1,1.0,,
-0.005,2500.0,2.0,0.0,randomized_2,nominal,1,0,0.0,,,0.8577994686653129,0.9726685422341887,0.06191282576288368,2.038237213425381,,,,,,,,
-0.005,2500.0,2.0,0.0,randomized_2,oracle,1,1,1.0,,,0.0191720293426597,0.022067503551469247,0.002150247004666638,0.03805163722677052,,,,,,,,
-0.005,2500.0,2.0,0.0,randomized_2,blind_joint_search,1,1,1.0,,,0.0191720293426597,0.022067503551469247,0.002150247004666638,0.03805163722677052,1,1.0,,,1,1.0,,
-0.005,2500.0,2.0,0.0,randomized_3,nominal,1,0,0.0,,,0.6609070285946923,0.7754753387893957,-0.011393970297375197,1.4650725830657318,,,,,,,,
-0.005,2500.0,2.0,0.0,randomized_3,oracle,1,1,1.0,,,0.013947998349793225,0.01772313468942396,-0.0007041131643152165,0.040481316124588496,,,,,,,,
-0.005,2500.0,2.0,0.0,randomized_3,blind_joint_search,1,1,1.0,,,0.013947998349793225,0.01772313468942396,-0.0007041131643152165,0.040481316124588496,1,1.0,,,1,1.0,,
-0.005,2500.0,2.0,0.0,POOLED_ALL_VECTORS,nominal,6,0,0.0,,,0.6892484600146643,0.8953726420841305,-0.06048256922099785,2.3201093581711936,,,,,,,,
-0.005,2500.0,2.0,0.0,POOLED_ALL_VECTORS,oracle,6,6,1.0,,,0.014410609586256054,0.01932977512327273,-0.000156100475978806,0.046121482451233264,,,,,,,,
-0.005,2500.0,2.0,0.0,POOLED_ALL_VECTORS,blind_joint_search,6,6,1.0,,,0.014410609586256054,0.01932977512327273,-0.000156100475978806,0.046121482451233264,,,,,,,,
-0.005,2500.0,2.0,0.25,mixed_signs,nominal,200,0,0.0,1.734723475976807e-18,0.018845326377266575,0.7521129140396781,0.9119288032582511,-0.12344778529853569,2.0764381885369136,,,,,,,,
-0.005,2500.0,2.0,0.25,mixed_signs,oracle,200,200,1.0,0.9811546736227335,1.0,0.03863566791372823,0.04830107154687461,0.0005117844396242154,0.20280992271910026,,,,,,,,
-0.005,2500.0,2.0,0.25,mixed_signs,blind_joint_search,200,200,1.0,0.9811546736227335,1.0,0.04199784396092601,0.05375019116994194,0.00044866513291107966,0.24545107808837163,200,1.0,0.9811546736227335,1.0,105,0.525,0.4559739601468475,0.5930837735342891
-0.005,2500.0,2.0,0.25,sparse_and_zeros,nominal,200,0,0.0,1.734723475976807e-18,0.018845326377266575,0.17948820926880607,0.46409164932274294,0.012131506744025373,1.8784978711943658,,,,,,,,
-0.005,2500.0,2.0,0.25,sparse_and_zeros,oracle,200,200,1.0,0.9811546736227335,1.0,0.03542703638395255,0.044201995625674895,0.000339087485437443,0.16930948509400023,,,,,,,,
-0.005,2500.0,2.0,0.25,sparse_and_zeros,blind_joint_search,200,200,1.0,0.9811546736227335,1.0,0.03542703638395256,0.044201995625674895,0.00033908748543744286,0.16930948509400023,200,1.0,0.9811546736227335,1.0,200,1.0,0.9811546736227335,1.0
-0.005,2500.0,2.0,0.25,boundary_values,nominal,200,0,0.0,1.734723475976807e-18,0.018845326377266575,0.8128806490807595,1.0932909619677331,-0.11498199922326931,2.452948012708268,,,,,,,,
-0.005,2500.0,2.0,0.25,boundary_values,oracle,200,200,1.0,0.9811546736227335,1.0,0.03889225785751782,0.048768010013570784,0.0005635179103857785,0.20050369422224223,,,,,,,,
-0.005,2500.0,2.0,0.25,boundary_values,blind_joint_search,200,200,1.0,0.9811546736227335,1.0,0.03889225785751781,0.048768010013570784,0.0005635179103857784,0.20050369422224223,200,1.0,0.9811546736227335,1.0,200,1.0,0.9811546736227335,1.0
-0.005,2500.0,2.0,0.25,randomized_1,nominal,200,0,0.0,1.734723475976807e-18,0.018845326377266575,0.908348969275009,1.0153394024887317,-0.18678282694291912,2.3279993065014626,,,,,,,,
-0.005,2500.0,2.0,0.25,randomized_1,oracle,200,200,1.0,0.9811546736227335,1.0,0.03954544181918041,0.049631194771266866,-0.0030071045821690205,0.1814209142373746,,,,,,,,
-0.005,2500.0,2.0,0.25,randomized_1,blind_joint_search,200,200,1.0,0.9811546736227335,1.0,0.039545441819180405,0.049631194771266866,-0.0030071045821690205,0.1814209142373746,200,1.0,0.9811546736227335,1.0,200,1.0,0.9811546736227335,1.0
-0.005,2500.0,2.0,0.25,randomized_2,nominal,200,0,0.0,1.734723475976807e-18,0.018845326377266575,0.857971359855815,0.9736349000633837,0.06190616153386666,2.1718274182426835,,,,,,,,
-0.005,2500.0,2.0,0.25,randomized_2,oracle,200,200,1.0,0.9811546736227335,1.0,0.039183756694928046,0.04886758213470535,0.0019571157321608395,0.17692135697023864,,,,,,,,
-0.005,2500.0,2.0,0.25,randomized_2,blind_joint_search,200,200,1.0,0.9811546736227335,1.0,0.039183756694928046,0.04886758213470535,0.001957115732160839,0.17692135697023864,200,1.0,0.9811546736227335,1.0,200,1.0,0.9811546736227335,1.0
-0.005,2500.0,2.0,0.25,randomized_3,nominal,200,0,0.0,1.734723475976807e-18,0.018845326377266575,0.6616539165360925,0.7765737395999432,-0.011830651802136119,1.5804419667211187,,,,,,,,
-0.005,2500.0,2.0,0.25,randomized_3,oracle,200,200,1.0,0.9811546736227335,1.0,0.03761274660658094,0.04714898685891412,-5.17770913447535e-05,0.20992142662519997,,,,,,,,
-0.005,2500.0,2.0,0.25,randomized_3,blind_joint_search,200,200,1.0,0.9811546736227335,1.0,0.03761274660658094,0.04714898685891412,-5.177709134475399e-05,0.20992142662519997,200,1.0,0.9811546736227335,1.0,200,1.0,0.9811546736227335,1.0
-0.005,2500.0,2.0,0.25,POOLED_ALL_VECTORS,nominal,1200,0,0.0,2.168404344971009e-19,0.003191000602734924,0.6954093363426933,0.8966814858695469,-0.06050093249816136,2.452948012708268,,,,,,,,
-0.005,2500.0,2.0,0.25,POOLED_ALL_VECTORS,oracle,1200,1200,1.0,0.9968089993972651,1.0,0.03821615121264801,0.04785298975419383,5.21039823490832e-05,0.20992142662519997,,,,,,,,
-0.005,2500.0,2.0,0.25,POOLED_ALL_VECTORS,blind_joint_search,1200,1200,1.0,0.9968089993972651,1.0,0.03877651388718096,0.04881178359904311,4.1584097896894266e-05,0.24545107808837163,,,,,,,,
-0.005,2500.0,2.0,0.45,mixed_signs,nominal,200,0,0.0,1.734723475976807e-18,0.018845326377266575,0.7514021645716369,0.9132529223201966,-0.12379491868442738,2.249193812066351,,,,,,,,
-0.005,2500.0,2.0,0.45,mixed_signs,oracle,200,184,0.92,0.874010511732856,0.9501594141102401,0.06407192009094519,0.08033854811814632,0.0011261112687275792,0.3093503182231683,,,,,,,,
-0.005,2500.0,2.0,0.45,mixed_signs,blind_joint_search,200,169,0.845,0.7883930940765792,0.8886036307231068,0.06684283336499487,0.08418317378853166,0.0011234242106172344,0.3532212444379408,200,1.0,0.9811546736227335,1.0,101,0.505,0.43627000033527485,0.5735415464009526
-0.005,2500.0,2.0,0.45,sparse_and_zeros,nominal,200,0,0.0,1.734723475976807e-18,0.018845326377266575,0.20342373855890344,0.46780810003078915,0.01279213074760527,2.0164207961973557,,,,,,,,
-0.005,2500.0,2.0,0.45,sparse_and_zeros,oracle,200,183,0.915,0.8681041292843443,0.9462542498225244,0.06358681440890696,0.08013302501908043,0.0016572137921208486,0.32623249668650484,,,,,,,,
-0.005,2500.0,2.0,0.45,sparse_and_zeros,blind_joint_search,200,183,0.915,0.8681041292843443,0.9462542498225244,0.06360462420993826,0.08015326100280726,0.001661919931839993,0.32623249668650484,200,1.0,0.9811546736227335,1.0,199,0.995,0.9722262956021069,0.9991168312843989
-0.005,2500.0,2.0,0.45,boundary_values,nominal,200,0,0.0,1.734723475976807e-18,0.018845326377266575,0.8197608509462506,1.094910331205751,-0.11535299838556629,2.5930732533738383,,,,,,,,
-0.005,2500.0,2.0,0.45,boundary_values,oracle,200,184,0.92,0.874010511732856,0.9501594141102401,0.06565654799472011,0.08219698557106629,0.00041078941906353306,0.33694647579116055,,,,,,,,
-0.005,2500.0,2.0,0.45,boundary_values,blind_joint_search,200,184,0.92,0.874010511732856,0.9501594141102401,0.06565654799472011,0.08219698557106629,0.00041078941906353225,0.33694647579116055,200,1.0,0.9811546736227335,1.0,200,1.0,0.9811546736227335,1.0
-0.005,2500.0,2.0,0.45,randomized_1,nominal,200,0,0.0,1.734723475976807e-18,0.018845326377266575,0.9076456327673125,1.0162435734369788,-0.18742731815480881,2.3987461070215437,,,,,,,,
-0.005,2500.0,2.0,0.45,randomized_1,oracle,200,185,0.925,0.8799563897637055,0.954025082815618,0.06610328264921142,0.08238203769672721,-0.001431695226182952,0.3703153893208848,,,,,,,,
-0.005,2500.0,2.0,0.45,randomized_1,blind_joint_search,200,185,0.925,0.8799563897637055,0.954025082815618,0.06610328264921142,0.08238203769672721,-0.0014316952261829523,0.3703153893208848,200,1.0,0.9811546736227335,1.0,200,1.0,0.9811546736227335,1.0
-0.005,2500.0,2.0,0.45,randomized_2,nominal,200,0,0.0,1.734723475976807e-18,0.018845326377266575,0.8575444546404433,0.9753540329228116,0.06078045681957244,2.226478595076949,,,,,,,,
-0.005,2500.0,2.0,0.45,randomized_2,oracle,200,184,0.92,0.874010511732856,0.9501594141102401,0.0648852541628975,0.0811650271059314,0.0014009309044382134,0.34923593807443254,,,,,,,,
-0.005,2500.0,2.0,0.45,randomized_2,blind_joint_search,200,184,0.92,0.874010511732856,0.9501594141102401,0.06488525416289752,0.0811650271059314,0.0014009309044382134,0.34923593807443254,200,1.0,0.9811546736227335,1.0,200,1.0,0.9811546736227335,1.0
-0.005,2500.0,2.0,0.45,randomized_3,nominal,200,0,0.0,1.734723475976807e-18,0.018845326377266575,0.6641325461268169,0.780692841925811,-0.012011102384233254,1.6699908304124202,,,,,,,,
-0.005,2500.0,2.0,0.45,randomized_3,oracle,200,183,0.915,0.8681041292843443,0.9462542498225244,0.06324447872953635,0.07941762605989479,-0.00018250470095096781,0.2894725388238135,,,,,,,,
-0.005,2500.0,2.0,0.45,randomized_3,blind_joint_search,200,183,0.915,0.8681041292843443,0.9462542498225244,0.06324447872953637,0.07941762605989479,-0.0001825047009509681,0.2894725388238135,200,1.0,0.9811546736227335,1.0,200,1.0,0.9811546736227335,1.0
-0.005,2500.0,2.0,0.45,POOLED_ALL_VECTORS,nominal,1200,0,0.0,2.168404344971009e-19,0.003191000602734924,0.7006515646018939,0.8986333842272977,-0.06083562500697634,2.5930732533738383,,,,,,,,
-0.005,2500.0,2.0,0.45,POOLED_ALL_VECTORS,oracle,1200,1103,0.9191666666666667,0.9023734205920075,0.9332847905693664,0.06459138300603627,0.08094612358288197,0.0004968075762027091,0.3703153893208848,,,,,,,,
-0.005,2500.0,2.0,0.45,POOLED_ALL_VECTORS,blind_joint_search,1200,1088,0.9066666666666666,0.8888852581100046,0.9218527280664375,0.06505617018521642,0.08159801623877996,0.0004971440898041756,0.3703153893208848,,,,,,,,
0.0,-2500.0,-2.0,0.0,mixed_signs,nominal,1,0,0.0,,,1.2121037047898298,1.5019184721162058,-0.22552428577926326,3.1343040023338054,,,,,,,,
0.0,-2500.0,-2.0,0.0,mixed_signs,oracle,1,1,1.0,,,0.015490288144644029,0.022136314570184137,0.0005867582569838753,0.06691505724081348,,,,,,,,
0.0,-2500.0,-2.0,0.0,mixed_signs,blind_joint_search,1,1,1.0,,,0.014414589695506807,0.022678350708022123,-0.0010480975530525105,0.07507635199878582,1,1.0,,,0,0.0,,
0.0,-2500.0,-2.0,0.0,sparse_and_zeros,nominal,1,0,0.0,,,0.2347196275280911,0.7433957219404866,-0.0011819867073530714,3.0555721378490803,,,,,,,,
0.0,-2500.0,-2.0,0.0,sparse_and_zeros,oracle,1,1,1.0,,,0.004858773800034468,0.012612763643432182,-0.0008906466137463141,0.04728805206336073,,,,,,,,
0.0,-2500.0,-2.0,0.0,sparse_and_zeros,blind_joint_search,1,1,1.0,,,0.004858773800034468,0.012612763643432182,-0.0008906466137463141,0.04728805206336073,1,1.0,,,1,1.0,,
0.0,-2500.0,-2.0,0.0,boundary_values,nominal,1,0,0.0,,,1.2944058924751647,1.7830053735344007,-0.20953781834337798,3.6873155878417565,,,,,,,,
0.0,-2500.0,-2.0,0.0,boundary_values,oracle,1,1,1.0,,,0.0185158589945189,0.025997264495286797,0.0001974190888856921,0.06832911825755561,,,,,,,,
0.0,-2500.0,-2.0,0.0,boundary_values,blind_joint_search,1,1,1.0,,,0.023146505520542947,0.04646803304132365,-0.0025327758551842243,0.20313088276493851,1,1.0,,,0,0.0,,
0.0,-2500.0,-2.0,0.0,randomized_1,nominal,1,0,0.0,,,1.4431485801881525,1.634057440130112,-0.30483440005700047,3.323152794820947,,,,,,,,
0.0,-2500.0,-2.0,0.0,randomized_1,oracle,1,1,1.0,,,0.02416102685225565,0.029015108863344213,-0.007412554572989529,0.05975781624182952,,,,,,,,
0.0,-2500.0,-2.0,0.0,randomized_1,blind_joint_search,1,1,1.0,,,0.02416102685225565,0.029015108863344213,-0.007412554572989529,0.05975781624182952,1,1.0,,,1,1.0,,
0.0,-2500.0,-2.0,0.0,randomized_2,nominal,1,0,0.0,,,1.3678227999852053,1.585430554520834,0.07186165943352815,3.268159743615012,,,,,,,,
0.0,-2500.0,-2.0,0.0,randomized_2,oracle,1,1,1.0,,,0.024311947455309145,0.028349868877217226,0.00032699187810486616,0.05629816858791847,,,,,,,,
0.0,-2500.0,-2.0,0.0,randomized_2,blind_joint_search,1,1,1.0,,,0.02930034878650723,0.04420530029631413,-0.0019013030232457907,0.14103918063670284,1,1.0,,,0,0.0,,
0.0,-2500.0,-2.0,0.0,randomized_3,nominal,1,0,0.0,,,1.050286371932758,1.2636878065103152,-0.04813022804977016,2.47361874987532,,,,,,,,
0.0,-2500.0,-2.0,0.0,randomized_3,oracle,1,1,1.0,,,0.019428786442944865,0.025248575351131498,-0.0006409444618183523,0.0542431343832015,,,,,,,,
0.0,-2500.0,-2.0,0.0,randomized_3,blind_joint_search,1,1,1.0,,,0.026890953572335834,0.03582976391101866,0.0019718022528290653,0.09362616156900139,1,1.0,,,0,0.0,,
0.0,-2500.0,-2.0,0.0,POOLED_ALL_VECTORS,nominal,6,0,0.0,,,1.100414496149867,1.4587748907623084,-0.11955784325053946,3.6873155878417565,,,,,,,,
0.0,-2500.0,-2.0,0.0,POOLED_ALL_VECTORS,oracle,6,6,1.0,,,0.01779444694828451,0.024522228540931394,-0.0013054960707632936,0.06832911825755561,,,,,,,,
0.0,-2500.0,-2.0,0.0,POOLED_ALL_VECTORS,blind_joint_search,6,6,1.0,,,0.020462033037863824,0.0339421679499337,-0.0019689292275648835,0.20313088276493851,,,,,,,,
0.0,-2500.0,-2.0,0.25,mixed_signs,nominal,200,0,0.0,1.734723475976807e-18,0.018845326377266575,1.2128240250328088,1.5026553514023724,-0.22579951433192164,3.2404895904851285,,,,,,,,
0.0,-2500.0,-2.0,0.25,mixed_signs,oracle,200,200,1.0,0.9811546736227335,1.0,0.039486197581000554,0.04940252585347454,0.0009099110991702022,0.1748380771496454,,,,,,,,
0.0,-2500.0,-2.0,0.25,mixed_signs,blind_joint_search,200,200,1.0,0.9811546736227335,1.0,0.03968235417893052,0.049737436732174484,-0.000703536736719811,0.19467084671060597,200,1.0,0.9811546736227335,1.0,0,0.0,1.734723475976807e-18,0.018845326377266575
0.0,-2500.0,-2.0,0.25,sparse_and_zeros,nominal,200,0,0.0,1.734723475976807e-18,0.018845326377266575,0.26188913358686255,0.7447889834350255,-0.0019010548617406314,3.1907892580806707,,,,,,,,
0.0,-2500.0,-2.0,0.25,sparse_and_zeros,oracle,200,200,1.0,0.9811546736227335,1.0,0.03561324687125883,0.044678264265215206,6.305315774723534e-05,0.19096931363611702,,,,,,,,
0.0,-2500.0,-2.0,0.25,sparse_and_zeros,blind_joint_search,200,200,1.0,0.9811546736227335,1.0,0.035638998197399775,0.0447127779074077,0.00010807003523079593,0.19096931363611702,200,1.0,0.9811546736227335,1.0,197,0.985,0.9568342712073097,0.9948857622067417
0.0,-2500.0,-2.0,0.25,boundary_values,nominal,200,0,0.0,1.734723475976807e-18,0.018845326377266575,1.3008549366304547,1.783239863081286,-0.2101200792384659,3.795325795792502,,,,,,,,
0.0,-2500.0,-2.0,0.25,boundary_values,oracle,200,200,1.0,0.9811546736227335,1.0,0.040003733073957645,0.050369147925127436,-0.00033767554543379205,0.19673193128241162,,,,,,,,
0.0,-2500.0,-2.0,0.25,boundary_values,blind_joint_search,200,184,0.92,0.874010511732856,0.9501594141102401,0.04390678169451812,0.05858172379438034,-0.0019116276950502979,0.3078154227683265,200,1.0,0.9811546736227335,1.0,84,0.42,0.35373599161616726,0.4892792606041954
0.0,-2500.0,-2.0,0.25,randomized_1,nominal,200,0,0.0,1.734723475976807e-18,0.018845326377266575,1.4425619366035625,1.634903937239546,-0.3064989555825379,3.440965424512758,,,,,,,,
0.0,-2500.0,-2.0,0.25,randomized_1,oracle,200,200,1.0,0.9811546736227335,1.0,0.04166644022400771,0.05219849581099284,-0.007111828548180213,0.19180742975462328,,,,,,,,
0.0,-2500.0,-2.0,0.25,randomized_1,blind_joint_search,200,200,1.0,0.9811546736227335,1.0,0.042697164287122474,0.054119363150750784,-0.0067269458387546124,0.23509825921326954,200,1.0,0.9811546736227335,1.0,170,0.85,0.7939442071583334,0.89286406437758
0.0,-2500.0,-2.0,0.25,randomized_2,nominal,200,0,0.0,1.734723475976807e-18,0.018845326377266575,1.3677664392304052,1.5861574955919002,0.0725109612968165,3.355343807514433,,,,,,,,
0.0,-2500.0,-2.0,0.25,randomized_2,oracle,200,200,1.0,0.9811546736227335,1.0,0.041588496184806284,0.051816239733697506,0.00033176264613269264,0.19368651334748876,,,,,,,,
0.0,-2500.0,-2.0,0.25,randomized_2,blind_joint_search,200,197,0.985,0.9568342712073097,0.9948857622067417,0.0470240567674209,0.06106107351955691,-0.001564227981364819,0.25983717060662337,200,1.0,0.9811546736227335,1.0,30,0.15,0.10713593562241995,0.20605579284166659
0.0,-2500.0,-2.0,0.25,randomized_3,nominal,200,0,0.0,1.734723475976807e-18,0.018845326377266575,1.051223849339228,1.264617614812793,-0.04872608290662284,2.5808766996879204,,,,,,,,
0.0,-2500.0,-2.0,0.25,randomized_3,oracle,200,200,1.0,0.9811546736227335,1.0,0.04030821101280923,0.050595682042828806,-0.0006174394971069866,0.21298720493708756,,,,,,,,
0.0,-2500.0,-2.0,0.25,randomized_3,blind_joint_search,200,199,0.995,0.9722262956021069,0.9991168312843989,0.04298007354405957,0.05457301696988554,0.0009490698768680961,0.26260240703113014,200,1.0,0.9811546736227335,1.0,79,0.395,0.32984101013207967,0.46411650840714636
0.0,-2500.0,-2.0,0.25,POOLED_ALL_VECTORS,nominal,1200,0,0.0,2.168404344971009e-19,0.003191000602734924,1.1061867200705535,1.4594914834024135,-0.12008912093741207,3.795325795792502,,,,,,,,
0.0,-2500.0,-2.0,0.25,POOLED_ALL_VECTORS,oracle,1200,1200,1.0,0.9968089993972651,1.0,0.039777720824640046,0.04990547168999988,-0.00112703611461181,0.21298720493708756,,,,,,,,
0.0,-2500.0,-2.0,0.25,POOLED_ALL_VECTORS,blind_joint_search,1200,1180,0.9833333333333333,0.974396714790915,0.9891853179597744,0.04198823811157522,0.05406853341208773,-0.0016415330566317747,0.3078154227683265,,,,,,,,
0.0,-2500.0,-2.0,0.45,mixed_signs,nominal,200,0,0.0,1.734723475976807e-18,0.018845326377266575,1.2130210695739978,1.5036568476456025,-0.22544243608486883,3.3621312834999957,,,,,,,,
0.0,-2500.0,-2.0,0.45,mixed_signs,oracle,200,191,0.955,0.9167032959981803,0.976147456998507,0.06435724174267707,0.08042912843327218,-0.0008999268990400288,0.31443296805866194,,,,,,,,
0.0,-2500.0,-2.0,0.45,mixed_signs,blind_joint_search,200,186,0.93,0.8859451911438936,0.9578478281716571,0.06590425205111376,0.08230118059813261,-0.0025559639527499086,0.30288959380181035,200,1.0,0.9811546736227335,1.0,0,0.0,1.734723475976807e-18,0.018845326377266575
0.0,-2500.0,-2.0,0.45,sparse_and_zeros,nominal,200,0,0.0,1.734723475976807e-18,0.018845326377266575,0.2842889881155305,0.747120981331837,-0.0036232935061324013,3.258130038376692,,,,,,,,
0.0,-2500.0,-2.0,0.45,sparse_and_zeros,oracle,200,187,0.935,0.8919809207009312,0.961623645350847,0.06371858488581744,0.07977676979577346,-0.0008092665292358564,0.2968944439543937,,,,,,,,
0.0,-2500.0,-2.0,0.45,sparse_and_zeros,blind_joint_search,200,187,0.935,0.8919809207009312,0.961623645350847,0.06375147719795234,0.07990074100990219,-0.0005561997919379209,0.2968944439543937,200,1.0,0.9811546736227335,1.0,182,0.91,0.8622342812328346,0.9423125511378069
0.0,-2500.0,-2.0,0.45,boundary_values,nominal,200,0,0.0,1.734723475976807e-18,0.018845326377266575,1.3073336416363646,1.7840101313450458,-0.20974902118807695,3.927687187406208,,,,,,,,
0.0,-2500.0,-2.0,0.45,boundary_values,oracle,200,180,0.9,0.8505941875672826,0.9343295513309041,0.06589753770481592,0.08236829710757049,-0.0008940323133395642,0.32805176728440144,,,,,,,,
0.0,-2500.0,-2.0,0.45,boundary_values,blind_joint_search,200,154,0.77,0.7069169563469642,0.8229065674093119,0.06917197757396287,0.08767779741890584,-0.002266586435410366,0.36529140293807627,200,1.0,0.9811546736227335,1.0,93,0.465,0.3971856415700402,0.5341335312763685
0.0,-2500.0,-2.0,0.45,randomized_1,nominal,200,0,0.0,1.734723475976807e-18,0.018845326377266575,1.443437979654878,1.6353372593955762,-0.30544281244650223,3.6247833494949067,,,,,,,,
0.0,-2500.0,-2.0,0.45,randomized_1,oracle,200,179,0.895,0.8448196800887696,0.9302925120731899,0.06736225966779502,0.08445625996679255,-0.007620874618995816,0.2874549014467864,,,,,,,,
0.0,-2500.0,-2.0,0.45,randomized_1,blind_joint_search,200,167,0.835,0.7773421846094045,0.8800314467178268,0.06896529227954319,0.08685166400568708,-0.006886087170109414,0.42014598740783526,200,1.0,0.9811546736227335,1.0,141,0.705,0.6384128547538122,0.7638605614315084
0.0,-2500.0,-2.0,0.45,randomized_2,nominal,200,0,0.0,1.734723475976807e-18,0.018845326377266575,1.3696508416367317,1.5894734836582223,0.0723767664413356,3.4754191440619913,,,,,,,,
0.0,-2500.0,-2.0,0.45,randomized_2,oracle,200,183,0.915,0.8681041292843443,0.9462542498225244,0.06628969526766566,0.08309345410181428,0.001038055494696859,0.3070180538251142,,,,,,,,
0.0,-2500.0,-2.0,0.45,randomized_2,blind_joint_search,200,161,0.805,0.7445595562538726,0.8539447946559949,0.06983261291390332,0.08828416155127926,-0.0005236233484098793,0.3410329625301388,200,1.0,0.9811546736227335,1.0,60,0.3,0.24074744682371402,0.36679068372719265
0.0,-2500.0,-2.0,0.45,randomized_3,nominal,200,0,0.0,1.734723475976807e-18,0.018845326377266575,1.050535008150605,1.2637247855014284,-0.047432326312162196,2.6589898832951837,,,,,,,,
0.0,-2500.0,-2.0,0.45,randomized_3,oracle,200,188,0.94,0.8980683070423372,0.9653478057456681,0.0651651409479098,0.08156328941164907,-0.002740056401512656,0.29935624489306945,,,,,,,,
0.0,-2500.0,-2.0,0.45,randomized_3,blind_joint_search,200,184,0.92,0.874010511732856,0.9501594141102401,0.0672704221127553,0.08431718258961961,-0.0013093550445196478,0.30155108959046717,200,1.0,0.9811546736227335,1.0,87,0.435,0.36815725502699076,0.504292637402054
0.0,-2500.0,-2.0,0.45,POOLED_ALL_VECTORS,nominal,1200,0,0.0,2.168404344971009e-19,0.003191000602734924,1.111377921461351,1.4605718095817928,-0.11988552051606784,3.927687187406208,,,,,,,,
0.0,-2500.0,-2.0,0.45,POOLED_ALL_VECTORS,oracle,1200,1108,0.9233333333333333,0.9068923405097146,0.9370726123133032,0.06546507670278015,0.08196306709913294,-0.0019876835445711777,0.32805176728440144,,,,,,,,
0.0,-2500.0,-2.0,0.45,POOLED_ALL_VECTORS,blind_joint_search,1200,1039,0.8658333333333333,0.8453774014485663,0.883954516443766,0.06748267235487179,0.08494282479333672,-0.0023496359571895226,0.42014598740783526,,,,,,,,
0.0,-2500.0,0.0,0.0,mixed_signs,nominal,1,0,0.0,,,0.5456117236031233,0.7974328406134368,-0.18725025834918707,1.9030416707485527,,,,,,,,
0.0,-2500.0,0.0,0.0,mixed_signs,oracle,1,1,1.0,,,0.01451951847674313,0.020990222270043234,-0.0003954063328220859,0.06700431470104173,,,,,,,,
0.0,-2500.0,0.0,0.0,mixed_signs,blind_joint_search,1,1,1.0,,,0.013451159298530864,0.02200175421116936,-0.0020202260650455236,0.07499336765737863,1,1.0,,,0,0.0,,
0.0,-2500.0,0.0,0.0,sparse_and_zeros,nominal,1,0,0.0,,,0.12294010988456437,0.4674254622141315,0.011685890791359068,2.029274734984168,,,,,,,,
0.0,-2500.0,0.0,0.0,sparse_and_zeros,oracle,1,1,1.0,,,0.003892320586218994,0.010431062300306045,-0.001905841935696337,0.04760898322121543,,,,,,,,
0.0,-2500.0,0.0,0.0,sparse_and_zeros,blind_joint_search,1,1,1.0,,,0.003892320586218994,0.010431062300306045,-0.001905841935696337,0.04760898322121543,1,1.0,,,1,1.0,,
0.0,-2500.0,0.0,0.0,boundary_values,nominal,1,0,0.0,,,0.6341286469319268,1.0385833990343798,-0.17326184707890455,2.619923126404761,,,,,,,,
0.0,-2500.0,0.0,0.0,boundary_values,oracle,1,1,1.0,,,0.017588644163886037,0.025070348512910703,-0.0007761310129965949,0.06864760283083227,,,,,,,,
0.0,-2500.0,0.0,0.0,boundary_values,blind_joint_search,1,1,1.0,,,0.02217637369391913,0.04611208384042583,-0.0035039213637841336,0.20291878806323105,1,1.0,,,0,0.0,,
0.0,-2500.0,0.0,0.0,randomized_1,nominal,1,0,0.0,,,0.6716433462437628,0.9066202127834282,-0.20228298919009657,2.5162081641517484,,,,,,,,
0.0,-2500.0,0.0,0.0,randomized_1,oracle,1,1,1.0,,,0.023390858512103554,0.028385094179308186,-0.008236559389721194,0.0596511012641765,,,,,,,,
0.0,-2500.0,0.0,0.0,randomized_1,blind_joint_search,1,1,1.0,,,0.023390858512103554,0.028385094179308186,-0.008236559389721194,0.0596511012641765,1,1.0,,,1,1.0,,
0.0,-2500.0,0.0,0.0,randomized_2,nominal,1,0,0.0,,,0.6220384421525765,0.8511728513017466,0.03743087088323713,2.287003125341503,,,,,,,,
0.0,-2500.0,0.0,0.0,randomized_2,oracle,1,1,1.0,,,0.02383928460020555,0.028110015992500542,-0.00030697837315191417,0.056664831178257824,,,,,,,,
0.0,-2500.0,0.0,0.0,randomized_2,blind_joint_search,1,1,1.0,,,0.028719295798706808,0.044066576542770464,-0.002498427232199754,0.1409383595787519,1,1.0,,,0,0.0,,
0.0,-2500.0,0.0,0.0,randomized_3,nominal,1,0,0.0,,,0.496854361130744,0.6883889927039153,-0.05881767880354093,1.3798628451395625,,,,,,,,
0.0,-2500.0,0.0,0.0,randomized_3,oracle,1,1,1.0,,,0.019363962623532422,0.0253042787106224,-0.0005217648353821956,0.05448052926578373,,,,,,,,
0.0,-2500.0,0.0,0.0,randomized_3,blind_joint_search,1,1,1.0,,,0.026747469580322304,0.0358167259183602,0.002128390522173524,0.09354653861471118,1,1.0,,,0,0.0,,
0.0,-2500.0,0.0,0.0,POOLED_ALL_VECTORS,nominal,6,0,0.0,,,0.5155361049911162,0.8117240923964703,-0.09541600195785549,2.619923126404761,,,,,,,,
0.0,-2500.0,0.0,0.0,POOLED_ALL_VECTORS,oracle,6,6,1.0,,,0.017099098160448283,0.023854112007328978,-0.0020237803132950537,0.06864760283083227,,,,,,,,
0.0,-2500.0,0.0,0.0,POOLED_ALL_VECTORS,blind_joint_search,6,6,1.0,,,0.019729579578300273,0.03354008328469836,-0.0026727642440455696,0.20291878806323105,,,,,,,,
0.0,-2500.0,0.0,0.25,mixed_signs,nominal,200,0,0.0,1.734723475976807e-18,0.018845326377266575,0.5518508691175028,0.7992967661117665,-0.18740079710819288,2.0152673154218497,,,,,,,,
0.0,-2500.0,0.0,0.25,mixed_signs,oracle,200,200,1.0,0.9811546736227335,1.0,0.037853071048973515,0.04761557219640777,0.00026907610967919773,0.1961273049747625,,,,,,,,
0.0,-2500.0,0.0,0.25,mixed_signs,blind_joint_search,200,200,1.0,0.9811546736227335,1.0,0.03853003037531976,0.04882361519906953,-0.0013325997992796373,0.2018231028938402,200,1.0,0.9811546736227335,1.0,0,0.0,1.734723475976807e-18,0.018845326377266575
0.0,-2500.0,0.0,0.25,sparse_and_zeros,nominal,200,0,0.0,1.734723475976807e-18,0.018845326377266575,0.15247828571062738,0.46892802522429927,0.011855825166618823,2.170395949649881,,,,,,,,
0.0,-2500.0,0.0,0.25,sparse_and_zeros,oracle,200,200,1.0,0.9811546736227335,1.0,0.035640685364164246,0.044591112784907336,-0.001383294869219373,0.1889944251037312,,,,,,,,
0.0,-2500.0,0.0,0.25,sparse_and_zeros,blind_joint_search,200,200,1.0,0.9811546736227335,1.0,0.03564589555165186,0.044600438850465426,-0.0013685157339829465,0.1889944251037312,200,1.0,0.9811546736227335,1.0,199,0.995,0.9722262956021069,0.9991168312843989
0.0,-2500.0,0.0,0.25,boundary_values,nominal,200,0,0.0,1.734723475976807e-18,0.018845326377266575,0.6454402838175377,1.0401494546579917,-0.17272019736738714,2.7414161481254773,,,,,,,,
0.0,-2500.0,0.0,0.25,boundary_values,oracle,200,200,1.0,0.9811546736227335,1.0,0.03997494841910207,0.05020308239848981,-0.0007167453126589024,0.20551929403009206,,,,,,,,
0.0,-2500.0,0.0,0.25,boundary_values,blind_joint_search,200,186,0.93,0.8859451911438936,0.9578478281716571,0.04359124815780183,0.05766285309544237,-0.0021251337814872993,0.31688966144428443,200,1.0,0.9811546736227335,1.0,93,0.465,0.3971856415700402,0.5341335312763685
0.0,-2500.0,0.0,0.25,randomized_1,nominal,200,0,0.0,1.734723475976807e-18,0.018845326377266575,0.6742815842454054,0.9080476594529335,-0.20265228332892238,2.651633094856181,,,,,,,,
0.0,-2500.0,0.0,0.25,randomized_1,oracle,200,200,1.0,0.9811546736227335,1.0,0.041242174307882185,0.051549871698571115,-0.007313158398656784,0.20598346539856593,,,,,,,,
0.0,-2500.0,0.0,0.25,randomized_1,blind_joint_search,200,200,1.0,0.9811546736227335,1.0,0.042195234599558464,0.053389028825748225,-0.006923719845497793,0.2236761586728937,200,1.0,0.9811546736227335,1.0,170,0.85,0.7939442071583334,0.89286406437758
0.0,-2500.0,0.0,0.25,randomized_2,nominal,200,0,0.0,1.734723475976807e-18,0.018845326377266575,0.6253979218613952,0.8514112087087417,0.036715232415167394,2.390486910832918,,,,,,,,
0.0,-2500.0,0.0,0.25,randomized_2,oracle,200,200,1.0,0.9811546736227335,1.0,0.041876718618670906,0.0518806086170306,-0.0006318550551695606,0.18624738493935888,,,,,,,,
0.0,-2500.0,0.0,0.25,randomized_2,blind_joint_search,200,199,0.995,0.9722262956021069,0.9991168312843989,0.04742067059263053,0.06120198131117575,-0.0025566798788134904,0.2560583477759544,200,1.0,0.9811546736227335,1.0,24,0.12,0.08197992706375512,0.17234252098296743
0.0,-2500.0,0.0,0.25,randomized_3,nominal,200,0,0.0,1.734723475976807e-18,0.018845326377266575,0.501026381759435,0.6898988434855863,-0.05846636029971994,1.515407754218406,,,,,,,,
0.0,-2500.0,0.0,0.25,randomized_3,oracle,200,200,1.0,0.9811546736227335,1.0,0.04036538389280356,0.05054127927988607,-3.093405141248451e-06,0.1717268599644597,,,,,,,,
0.0,-2500.0,0.0,0.25,randomized_3,blind_joint_search,200,200,1.0,0.9811546736227335,1.0,0.04338419921225111,0.05498620122052641,0.001853619468281213,0.21924166815746948,200,1.0,0.9811546736227335,1.0,58,0.29,0.23154025607067882,0.3563747810077731
0.0,-2500.0,0.0,0.25,POOLED_ALL_VECTORS,nominal,1200,0,0.0,2.168404344971009e-19,0.003191000602734924,0.5250792210853172,0.8130284654281165,-0.09544476342040602,2.7414161481254773,,,,,,,,
0.0,-2500.0,0.0,0.25,POOLED_ALL_VECTORS,oracle,1200,1200,1.0,0.9968089993972651,1.0,0.03949216360859942,0.04946272547949162,-0.001629845155194445,0.20598346539856593,,,,,,,,
0.0,-2500.0,0.0,0.25,POOLED_ALL_VECTORS,blind_joint_search,1200,1185,0.9875,0.9794784112663455,0.992410363145988,0.04179454641486893,0.05372383458314349,-0.002075504928463326,0.31688966144428443,,,,,,,,
0.0,-2500.0,0.0,0.45,mixed_signs,nominal,200,0,0.0,1.734723475976807e-18,0.018845326377266575,0.5589452893650733,0.800527588340171,-0.188112169648764,2.207811761772741,,,,,,,,
0.0,-2500.0,0.0,0.45,mixed_signs,oracle,200,191,0.955,0.9167032959981803,0.976147456998507,0.06426762325270541,0.08025224412053389,-0.00013264376397890244,0.2874065021623202,,,,,,,,
0.0,-2500.0,0.0,0.45,mixed_signs,blind_joint_search,200,184,0.92,0.874010511732856,0.9501594141102401,0.06572618758392272,0.08189543375769923,-0.0017405211812228027,0.324255671835076,200,1.0,0.9811546736227335,1.0,0,0.0,1.734723475976807e-18,0.018845326377266575
0.0,-2500.0,0.0,0.45,sparse_and_zeros,nominal,200,0,0.0,1.734723475976807e-18,0.018845326377266575,0.17723465557686474,0.474803913703185,0.011037224388286018,2.225658955243513,,,,,,,,
0.0,-2500.0,0.0,0.45,sparse_and_zeros,oracle,200,189,0.945,0.9042130012276914,0.9690146582965411,0.06341566004535859,0.07902380044179913,-0.0010237179666306312,0.2862148401743283,,,,,,,,
0.0,-2500.0,0.0,0.45,sparse_and_zeros,blind_joint_search,200,188,0.94,0.8980683070423372,0.9653478057456681,0.06345927825013535,0.07914801467571317,-0.0006365067920991706,0.29235416304077266,200,1.0,0.9811546736227335,1.0,174,0.87,0.8163364812775159,0.9097179772033067
0.0,-2500.0,0.0,0.45,boundary_values,nominal,200,0,0.0,1.734723475976807e-18,0.018845326377266575,0.6561512027771896,1.040987222089915,-0.17269300935482812,2.9228278639418237,,,,,,,,
0.0,-2500.0,0.0,0.45,boundary_values,oracle,200,191,0.955,0.9167032959981803,0.976147456998507,0.06588108362191368,0.08231156106348896,3.934126191616788e-05,0.29506912564356536,,,,,,,,
0.0,-2500.0,0.0,0.45,boundary_values,blind_joint_search,200,165,0.825,0.7663556885175099,0.8713948493372666,0.06955640736090073,0.0877896770669786,-0.001348120110971779,0.3850562679749474,200,1.0,0.9811546736227335,1.0,90,0.45,0.3826406840224836,0.5192438486152432
0.0,-2500.0,0.0,0.45,randomized_1,nominal,200,0,0.0,1.734723475976807e-18,0.018845326377266575,0.6785850290054936,0.9103525383034206,-0.20251893661884712,2.761011393577457,,,,,,,,
0.0,-2500.0,0.0,0.45,randomized_1,oracle,200,184,0.92,0.874010511732856,0.9501594141102401,0.06623657068670977,0.08319945111266991,-0.008217980026010952,0.33984774770849646,,,,,,,,
0.0,-2500.0,0.0,0.45,randomized_1,blind_joint_search,200,177,0.885,0.8333528310151243,0.9221362676743804,0.06769232261596243,0.08511886186456315,-0.007653992418634026,0.33984774770849646,200,1.0,0.9811546736227335,1.0,155,0.775,0.7122587676433947,0.8273763028491088
0.0,-2500.0,0.0,0.45,randomized_2,nominal,200,0,0.0,1.734723475976807e-18,0.018845326377266575,0.6336573858073146,0.8565697545331272,0.03733846727131644,2.486502819114614,,,,,,,,
0.0,-2500.0,0.0,0.45,randomized_2,oracle,200,180,0.9,0.8505941875672826,0.9343295513309041,0.06722642288015321,0.0841656896752028,0.001061407269999031,0.2883035607768174,,,,,,,,
0.0,-2500.0,0.0,0.45,randomized_2,blind_joint_search,200,167,0.835,0.7773421846094045,0.8800314467178268,0.0710387539527151,0.08928382081119617,-0.0005121631720269419,0.41053559903641645,200,1.0,0.9811546736227335,1.0,56,0.28,0.22236889773949026,0.3459230458665071
0.0,-2500.0,0.0,0.45,randomized_3,nominal,200,0,0.0,1.734723475976807e-18,0.018845326377266575,0.5079170354075435,0.6926206817969143,-0.058714324830637855,1.5993293635829757,,,,,,,,
0.0,-2500.0,0.0,0.45,randomized_3,oracle,200,185,0.925,0.8799563897637055,0.954025082815618,0.06630377961935299,0.08275335648808152,2.7697075188101716e-05,0.3073532920491576,,,,,,,,
0.0,-2500.0,0.0,0.45,randomized_3,blind_joint_search,200,177,0.885,0.8333528310151243,0.9221362676743804,0.06847929876670288,0.0855628182192932,0.0015964160205693117,0.3073532920491576,200,1.0,0.9811546736227335,1.0,76,0.38,0.31559005848673627,0.44893281984380773
0.0,-2500.0,0.0,0.45,POOLED_ALL_VECTORS,nominal,1200,0,0.0,2.168404344971009e-19,0.003191000602734924,0.5354150996565799,0.8156913703463783,-0.09561045813224579,2.9228278639418237,,,,,,,,
0.0,-2500.0,0.0,0.45,POOLED_ALL_VECTORS,oracle,1200,1120,0.9333333333333333,0.9177920639072871,0.9461090689036759,0.06555519001769895,0.08197002175729767,-0.0013743160249195308,0.33984774770849646,,,,,,,,
0.0,-2500.0,0.0,0.45,POOLED_ALL_VECTORS,blind_joint_search,1200,1058,0.8816666666666667,0.8621621023992274,0.8987354338073517,0.06765870808838986,0.08486863855628608,-0.0017158146090642346,0.41053559903641645,,,,,,,,
0.0,-2500.0,2.0,0.0,mixed_signs,nominal,1,0,0.0,,,0.18551073661852305,0.2836416649116315,-0.03512990954692714,0.7929706322051595,,,,,,,,
0.0,-2500.0,2.0,0.0,mixed_signs,oracle,1,1,1.0,,,0.014522121151817485,0.021039852458300878,-0.0004063825372005647,0.06708682403972066,,,,,,,,
0.0,-2500.0,2.0,0.0,mixed_signs,blind_joint_search,1,1,1.0,,,0.013460197663233107,0.022005585911944854,-0.002018802100817573,0.07491780481902843,1,1.0,,,0,0.0,,
0.0,-2500.0,2.0,0.0,sparse_and_zeros,nominal,1,0,0.0,,,0.0663905835431916,0.21076047181828522,0.031660657524199436,0.9522615391577207,,,,,,,,
0.0,-2500.0,2.0,0.0,sparse_and_zeros,oracle,1,1,1.0,,,0.003900765586860583,0.010488869476426738,-0.001945520577077565,0.047922854988830865,,,,,,,,
0.0,-2500.0,2.0,0.0,sparse_and_zeros,blind_joint_search,1,1,1.0,,,0.003900765586860583,0.010488869476426738,-0.001945520577077565,0.047922854988830865,1,1.0,,,1,1.0,,
0.0,-2500.0,2.0,0.0,boundary_values,nominal,1,0,0.0,,,0.22802301929427898,0.41999370149561915,-0.030435255891754595,1.278972459030482,,,,,,,,
0.0,-2500.0,2.0,0.0,boundary_values,oracle,1,1,1.0,,,0.017634591057100815,0.025152266280969407,-0.0007782637135559005,0.06895961546762841,,,,,,,,
0.0,-2500.0,2.0,0.0,boundary_values,blind_joint_search,1,1,1.0,,,0.022181782680056935,0.04608586359943693,-0.0035015086760536857,0.20271362167205886,1,1.0,,,0,0.0,,
0.0,-2500.0,2.0,0.0,randomized_1,nominal,1,0,0.0,,,0.23345732089909496,0.36139682725065236,-0.07792467858227276,1.2152952703144135,,,,,,,,
0.0,-2500.0,2.0,0.0,randomized_1,oracle,1,1,1.0,,,0.02349871967692605,0.02848551232000711,-0.008182030892823702,0.0595393212684272,,,,,,,,
0.0,-2500.0,2.0,0.0,randomized_1,blind_joint_search,1,1,1.0,,,0.02349871967692605,0.02848551232000711,-0.008182030892823702,0.0595393212684272,1,1.0,,,1,1.0,,
0.0,-2500.0,2.0,0.0,randomized_2,nominal,1,0,0.0,,,0.21992105366137146,0.3077582988572842,0.06436566892607605,0.9598051262049512,,,,,,,,
0.0,-2500.0,2.0,0.0,randomized_2,oracle,1,1,1.0,,,0.02395941303601245,0.02820972359525049,-0.0003462589218867747,0.057025077063513896,,,,,,,,
0.0,-2500.0,2.0,0.0,randomized_2,blind_joint_search,1,1,1.0,,,0.028735376649644248,0.04405835254968816,-0.002501036587423387,0.14084447040635406,1,1.0,,,0,0.0,,
0.0,-2500.0,2.0,0.0,randomized_3,nominal,1,0,0.0,,,0.16771442905882972,0.24559156669985874,0.002679242077926438,0.6446648181492634,,,,,,,,
0.0,-2500.0,2.0,0.0,randomized_3,oracle,1,1,1.0,,,0.01945680144164151,0.02538566650224306,-0.0005601423241129984,0.05473684853289651,,,,,,,,
0.0,-2500.0,2.0,0.0,randomized_3,blind_joint_search,1,1,1.0,,,0.02676434032896887,0.03581739141057077,0.002127017004916595,0.09347034793499476,1,1.0,,,0,0.0,,
0.0,-2500.0,2.0,0.0,POOLED_ALL_VECTORS,nominal,6,0,0.0,,,0.183502857179215,0.31275798277778033,-0.00746404591545876,1.278972459030482,,,,,,,,
0.0,-2500.0,2.0,0.0,POOLED_ALL_VECTORS,oracle,6,6,1.0,,,0.017162068658393148,0.023933843731719428,-0.0020364331611095843,0.06895961546762841,,,,,,,,
0.0,-2500.0,2.0,0.0,POOLED_ALL_VECTORS,blind_joint_search,6,6,1.0,,,0.019756863764281634,0.033550005928740974,-0.0026703136382132194,0.20271362167205886,,,,,,,,
0.0,-2500.0,2.0,0.25,mixed_signs,nominal,200,0,0.0,1.734723475976807e-18,0.018845326377266575,0.1947727993132481,0.28803227053185226,-0.035032360558893444,0.8965099319869978,,,,,,,,
0.0,-2500.0,2.0,0.25,mixed_signs,oracle,200,200,1.0,0.9811546736227335,1.0,0.038577659420862866,0.04832299034156423,0.00010051041052205168,0.1995801581568235,,,,,,,,
0.0,-2500.0,2.0,0.25,mixed_signs,blind_joint_search,200,200,1.0,0.9811546736227335,1.0,0.03938706835338884,0.0497115671331261,-0.0014773722731687361,0.1993867166452481,200,1.0,0.9811546736227335,1.0,0,0.0,1.734723475976807e-18,0.018845326377266575
0.0,-2500.0,2.0,0.25,sparse_and_zeros,nominal,200,0,0.0,1.734723475976807e-18,0.018845326377266575,0.09592997630171048,0.21520517103817075,0.03111761368515455,1.0808876013957194,,,,,,,,
0.0,-2500.0,2.0,0.25,sparse_and_zeros,oracle,200,200,1.0,0.9811546736227335,1.0,0.03573060194955479,0.04502119059210841,-0.0019040168189878312,0.18810338393392256,,,,,,,,
0.0,-2500.0,2.0,0.25,sparse_and_zeros,blind_joint_search,200,200,1.0,0.9811546736227335,1.0,0.03576283998662202,0.04504315655130948,-0.0018438729261627095,0.18810338393392256,200,1.0,0.9811546736227335,1.0,196,0.98,0.9497129130941735,0.9921955735836505
0.0,-2500.0,2.0,0.25,boundary_values,nominal,200,0,0.0,1.734723475976807e-18,0.018845326377266575,0.2415982224025453,0.42220815980105764,-0.03039694559056502,1.3859014365164293,,,,,,,,
0.0,-2500.0,2.0,0.25,boundary_values,oracle,200,200,1.0,0.9811546736227335,1.0,0.04008648001027983,0.05028495082235691,-0.0008460098564731943,0.17400369096882562,,,,,,,,
0.0,-2500.0,2.0,0.25,boundary_values,blind_joint_search,200,186,0.93,0.8859451911438936,0.9578478281716571,0.04346303805315358,0.057585511834585885,-0.0021633234758482735,0.29578958001289224,200,1.0,0.9811546736227335,1.0,98,0.49,0.42156278331213176,0.5588141232154135
0.0,-2500.0,2.0,0.25,randomized_1,nominal,200,0,0.0,1.734723475976807e-18,0.018845326377266575,0.23846990709128993,0.3639206741813058,-0.07737733233959246,1.3350509072678416,,,,,,,,
0.0,-2500.0,2.0,0.25,randomized_1,oracle,200,200,1.0,0.9811546736227335,1.0,0.04079709571372068,0.05119605597796365,-0.007639406964295004,0.19591837216489627,,,,,,,,
0.0,-2500.0,2.0,0.25,randomized_1,blind_joint_search,200,200,1.0,0.9811546736227335,1.0,0.0421250389502024,0.053756869953625316,-0.007177750156786831,0.21713444101946977,200,1.0,0.9811546736227335,1.0,161,0.805,0.7445595562538726,0.8539447946559949
0.0,-2500.0,2.0,0.25,randomized_2,nominal,200,0,0.0,1.734723475976807e-18,0.018845326377266575,0.22614940764527536,0.31121073108943575,0.06321320976326383,1.0974599061842587,,,,,,,,
0.0,-2500.0,2.0,0.25,randomized_2,oracle,200,200,1.0,0.9811546736227335,1.0,0.04205473089967318,0.05253525119448447,-0.0013643428131548225,0.20390576723424525,,,,,,,,
0.0,-2500.0,2.0,0.25,randomized_2,blind_joint_search,200,198,0.99,0.9642782382838231,0.9972533418664555,0.04751476216903528,0.06198390410799936,-0.0033393198797261846,0.2642612923178269,200,1.0,0.9811546736227335,1.0,17,0.085,0.05374575017747561,0.13189587071565567
0.0,-2500.0,2.0,0.25,randomized_3,nominal,200,0,0.0,1.734723475976807e-18,0.018845326377266575,0.17489908890214287,0.2500351958225052,0.002076146158723848,0.764718726441087,,,,,,,,
0.0,-2500.0,2.0,0.25,randomized_3,oracle,200,200,1.0,0.9811546736227335,1.0,0.04072129815663763,0.0506646880438895,-0.0007788914011505496,0.1856878627122709,,,,,,,,
0.0,-2500.0,2.0,0.25,randomized_3,blind_joint_search,200,200,1.0,0.9811546736227335,1.0,0.043906852456399255,0.05515659551786147,0.0009373723950699894,0.239565265619608,200,1.0,0.9811546736227335,1.0,68,0.34,0.27791545970908793,0.4081150447316374
0.0,-2500.0,2.0,0.25,POOLED_ALL_VECTORS,nominal,1200,0,0.0,2.168404344971009e-19,0.003191000602734924,0.19530323360936866,0.31605473157447844,-0.0077332781469847825,1.3859014365164293,,,,,,,,
0.0,-2500.0,2.0,0.25,POOLED_ALL_VECTORS,oracle,1200,1200,1.0,0.9968089993972651,1.0,0.03966131102512149,0.04973009594708842,-0.0020720262405898924,0.20390576723424525,,,,,,,,
0.0,-2500.0,2.0,0.25,POOLED_ALL_VECTORS,blind_joint_search,1200,1184,0.9866666666666667,0.9784510521095886,0.991776373970416,0.042026599994800226,0.05414528680163819,-0.0025107110527704574,0.29578958001289224,,,,,,,,
0.0,-2500.0,2.0,0.45,mixed_signs,nominal,200,0,0.0,1.734723475976807e-18,0.018845326377266575,0.20613431667754945,0.29451349826582934,-0.033785457288059116,1.002507726869996,,,,,,,,
0.0,-2500.0,2.0,0.45,mixed_signs,oracle,200,187,0.935,0.8919809207009312,0.961623645350847,0.0645345711518674,0.08115978142024705,0.00031805202204609947,0.2981816097455052,,,,,,,,
0.0,-2500.0,2.0,0.45,mixed_signs,blind_joint_search,200,179,0.895,0.8448196800887696,0.9302925120731899,0.06558653469830877,0.08232770223284573,-0.0012597483576855955,0.31665578635521197,200,1.0,0.9811546736227335,1.0,0,0.0,1.734723475976807e-18,0.018845326377266575
0.0,-2500.0,2.0,0.45,sparse_and_zeros,nominal,200,0,0.0,1.734723475976807e-18,0.018845326377266575,0.12173941191495706,0.22663011766635313,0.031374482843286186,1.164158590208243,,,,,,,,
0.0,-2500.0,2.0,0.45,sparse_and_zeros,oracle,200,192,0.96,0.923067931799067,0.9795943679338476,0.0640370035823347,0.07995074654515853,-0.002333794638122398,0.3058425391149193,,,,,,,,
0.0,-2500.0,2.0,0.45,sparse_and_zeros,blind_joint_search,200,192,0.96,0.923067931799067,0.9795943679338476,0.06413032736147521,0.08007030932932087,-0.002076630073678528,0.3058425391149193,200,1.0,0.9811546736227335,1.0,182,0.91,0.8622342812328346,0.9423125511378069
0.0,-2500.0,2.0,0.45,boundary_values,nominal,200,0,0.0,1.734723475976807e-18,0.018845326377266575,0.2573289796704011,0.42803066723065647,-0.030381521825658037,1.5121065618181735,,,,,,,,
0.0,-2500.0,2.0,0.45,boundary_values,oracle,200,186,0.93,0.8859451911438936,0.9578478281716571,0.06615729774354295,0.08284766636142879,-0.0009498206186471758,0.324381383671674,,,,,,,,
0.0,-2500.0,2.0,0.45,boundary_values,blind_joint_search,200,167,0.835,0.7773421846094045,0.8800314467178268,0.06877610236378287,0.08712916726519826,-0.0023013029285690097,0.46479374645656923,200,1.0,0.9811546736227335,1.0,94,0.47,0.40204754873265425,0.5390831708499817
0.0,-2500.0,2.0,0.45,randomized_1,nominal,200,0,0.0,1.734723475976807e-18,0.018845326377266575,0.24835079098314222,0.36845532708622336,-0.07885461408514428,1.3894538452624607,,,,,,,,
0.0,-2500.0,2.0,0.45,randomized_1,oracle,200,182,0.91,0.8622342812328346,0.9423125511378069,0.0651815741575436,0.08196308019550015,-0.008869151770200475,0.36127991398811665,,,,,,,,
0.0,-2500.0,2.0,0.45,randomized_1,blind_joint_search,200,169,0.845,0.7883930940765792,0.8886036307231068,0.06713558427925584,0.08489005736632314,-0.007949527386466966,0.36127991398811665,200,1.0,0.9811546736227335,1.0,127,0.635,0.566317026527406,0.698594735350732
0.0,-2500.0,2.0,0.45,randomized_2,nominal,200,0,0.0,1.734723475976807e-18,0.018845326377266575,0.23478764567850471,0.31761231480466695,0.0634930150018491,1.1768278408150088,,,,,,,,
0.0,-2500.0,2.0,0.45,randomized_2,oracle,200,184,0.92,0.874010511732856,0.9501594141102401,0.0666460394573751,0.0834305473551006,-0.0009161952759156089,0.31600627240074664,,,,,,,,
0.0,-2500.0,2.0,0.45,randomized_2,blind_joint_search,200,164,0.82,0.7608852497127511,0.8670537414057983,0.07067736101889807,0.08919271179761624,-0.0025552142353967577,0.3477062851904067,200,1.0,0.9811546736227335,1.0,50,0.25,0.19508168006817497,0.31434098312045833
0.0,-2500.0,2.0,0.45,randomized_3,nominal,200,0,0.0,1.734723475976807e-18,0.018845326377266575,0.18497822002390624,0.25682911325927515,0.0038632733543926866,0.9056901333761007,,,,,,,,
0.0,-2500.0,2.0,0.45,randomized_3,oracle,200,188,0.94,0.8980683070423372,0.9653478057456681,0.0645942210610381,0.0811368035070179,0.0006411895308722493,0.3030071234807561,,,,,,,,
0.0,-2500.0,2.0,0.45,randomized_3,blind_joint_search,200,185,0.925,0.8799563897637055,0.954025082815618,0.0666862996755369,0.08386572273598883,0.0022677779575295894,0.3030071234807561,200,1.0,0.9811546736227335,1.0,75,0.375,0.31085436858409826,0.44385696301021843
0.0,-2500.0,2.0,0.45,POOLED_ALL_VECTORS,nominal,1200,0,0.0,2.168404344971009e-19,0.003191000602734924,0.20888656082474347,0.3224664755121848,-0.0073818036665555704,1.5121065618181735,,,,,,,,
0.0,-2500.0,2.0,0.45,POOLED_ALL_VECTORS,oracle,1200,1119,0.9325,0.9168805719739571,0.9453592125046771,0.06519178452561697,0.08175629582819824,-0.002018286791661218,0.36127991398811665,,,,,,,,
0.0,-2500.0,2.0,0.45,POOLED_ALL_VECTORS,blind_joint_search,1200,1056,0.88,0.8603906805365023,0.8971841590054193,0.06716536823287628,0.08463226129049937,-0.0023124408373778782,0.46479374645656923,,,,,,,,
0.0,0.0,-2.0,0.0,mixed_signs,nominal,1,0,0.0,,,0.3187965876345289,0.3727443696187518,-0.00043158372875758133,0.6216942038591022,,,,,,,,
0.0,0.0,-2.0,0.0,mixed_signs,oracle,1,1,1.0,,,9.367506770274758e-17,1.6064700823479085e-16,-3.469446951953614e-18,4.440892098500626e-16,,,,,,,,
0.0,0.0,-2.0,0.0,mixed_signs,blind_joint_search,1,1,1.0,,,9.367506770274758e-17,1.6064700823479085e-16,-3.469446951953614e-18,4.440892098500626e-16,1,1.0,,,1,1.0,,
0.0,0.0,-2.0,0.0,sparse_and_zeros,nominal,1,0,0.0,,,0.06592536713948197,0.180810824954616,0.007382585290442027,0.6078835245390528,,,,,,,,
0.0,0.0,-2.0,0.0,sparse_and_zeros,oracle,1,1,1.0,,,7.806255641895632e-18,3.9557781533026204e-17,-6.071532165918825e-18,2.220446049250313e-16,,,,,,,,
0.0,0.0,-2.0,0.0,sparse_and_zeros,blind_joint_search,1,1,1.0,,,7.806255641895632e-18,3.9557781533026204e-17,-6.071532165918825e-18,2.220446049250313e-16,1,1.0,,,1,1.0,,
0.0,0.0,-2.0,0.0,boundary_values,nominal,1,0,0.0,,,0.3282564870339029,0.41493353138742,-0.0006905339660080029,0.6299806114511401,,,,,,,,
0.0,0.0,-2.0,0.0,boundary_values,oracle,1,1,1.0,,,4.683753385137379e-17,1.1316993474494503e-16,1.734723475976807e-18,4.440892098500626e-16,,,,,,,,
0.0,0.0,-2.0,0.0,boundary_values,blind_joint_search,1,1,1.0,,,4.683753385137379e-17,1.1316993474494503e-16,1.734723475976807e-18,4.440892098500626e-16,1,1.0,,,1,1.0,,
0.0,0.0,-2.0,0.0,randomized_1,nominal,1,0,0.0,,,0.3899189853796038,0.4233239709453976,-0.051163209780292374,0.6168395997164935,,,,,,,,
0.0,0.0,-2.0,0.0,randomized_1,oracle,1,1,1.0,,,8.586881206085195e-17,1.4195084375639144e-16,3.0357660829594124e-17,4.440892098500626e-16,,,,,,,,
0.0,0.0,-2.0,0.0,randomized_1,blind_joint_search,1,1,1.0,,,8.586881206085195e-17,1.4195084375639144e-16,3.0357660829594124e-17,4.440892098500626e-16,1,1.0,,,1,1.0,,
0.0,0.0,-2.0,0.0,randomized_2,nominal,1,0,0.0,,,0.3808597322268823,0.41296941583571845,0.04059975043664803,0.6040886705568751,,,,,,,,
0.0,0.0,-2.0,0.0,randomized_2,oracle,1,1,1.0,,,1.0430024899310553e-16,1.7772663199621974e-16,1.3660947373317356e-17,4.440892098500626e-16,,,,,,,,
0.0,0.0,-2.0,0.0,randomized_2,blind_joint_search,1,1,1.0,,,1.0430024899310553e-16,1.7772663199621974e-16,1.3660947373317356e-17,4.440892098500626e-16,1,1.0,,,1,1.0,,
0.0,0.0,-2.0,0.0,randomized_3,nominal,1,0,0.0,,,0.28467980162430523,0.3249621235713423,0.01984549495576698,0.5775364374705616,,,,,,,,
0.0,0.0,-2.0,0.0,randomized_3,oracle,1,1,1.0,,,8.868773770931426e-17,1.5297566295680489e-16,2.927345865710862e-17,4.440892098500626e-16,,,,,,,,
0.0,0.0,-2.0,0.0,randomized_3,blind_joint_search,1,1,1.0,,,8.868773770931426e-17,1.5297566295680489e-16,2.927345865710862e-17,4.440892098500626e-16,1,1.0,,,1,1.0,,
0.0,0.0,-2.0,0.0,POOLED_ALL_VECTORS,nominal,6,0,0.0,,,0.2947394935064509,0.3649538919556723,0.002590417201299848,0.6299806114511401,,,,,,,,
0.0,0.0,-2.0,0.0,POOLED_ALL_VECTORS,oracle,6,6,1.0,,,7.119594265988145e-17,1.3863505129519244e-16,1.0914301869687412e-17,4.440892098500626e-16,,,,,,,,
0.0,0.0,-2.0,0.0,POOLED_ALL_VECTORS,blind_joint_search,6,6,1.0,,,7.119594265988145e-17,1.3863505129519244e-16,1.0914301869687412e-17,4.440892098500626e-16,,,,,,,,
0.0,0.0,-2.0,0.25,mixed_signs,nominal,200,0,0.0,1.734723475976807e-18,0.018845326377266575,0.3200805847184542,0.37511120770079703,-0.0011021172936833117,0.7705675701319614,,,,,,,,
0.0,0.0,-2.0,0.25,mixed_signs,oracle,200,200,1.0,0.9811546736227335,1.0,0.035455169262177746,0.04437867281783003,-0.0007902207954060462,0.15890358394823534,,,,,,,,
0.0,0.0,-2.0,0.25,mixed_signs,blind_joint_search,200,200,1.0,0.9811546736227335,1.0,0.03545516926217774,0.04437867281783003,-0.0007902207954060463,0.15890358394823534,200,1.0,0.9811546736227335,1.0,200,1.0,0.9811546736227335,1.0
0.0,0.0,-2.0,0.25,sparse_and_zeros,nominal,200,0,0.0,1.734723475976807e-18,0.018845326377266575,0.09374365785812505,0.18641437988346732,0.006997911166061559,0.7449279211726272,,,,,,,,
0.0,0.0,-2.0,0.25,sparse_and_zeros,oracle,200,200,1.0,0.9811546736227335,1.0,0.0345458254373158,0.043316318311467525,-0.0007323167889434149,0.16518556213027585,,,,,,,,
0.0,0.0,-2.0,0.25,sparse_and_zeros,blind_joint_search,200,200,1.0,0.9811546736227335,1.0,0.0345458254373158,0.043316318311467525,-0.0007323167889434152,0.16518556213027585,200,1.0,0.9811546736227335,1.0,200,1.0,0.9811546736227335,1.0
0.0,0.0,-2.0,0.25,boundary_values,nominal,200,0,0.0,1.734723475976807e-18,0.018845326377266575,0.3356845916685962,0.41680007345575654,-0.002069190263080796,0.7935715217174262,,,,,,,,
0.0,0.0,-2.0,0.25,boundary_values,oracle,200,200,1.0,0.9811546736227335,1.0,0.03538558226254775,0.044278015824359966,-0.0009165315859582351,0.17452428010675788,,,,,,,,
0.0,0.0,-2.0,0.25,boundary_values,blind_joint_search,200,200,1.0,0.9811546736227335,1.0,0.03538558226254775,0.044278015824359966,-0.0009165315859582353,0.17452428010675788,200,1.0,0.9811546736227335,1.0,200,1.0,0.9811546736227335,1.0
0.0,0.0,-2.0,0.25,randomized_1,nominal,200,0,0.0,1.734723475976807e-18,0.018845326377266575,0.38978883774845074,0.42488341260621926,-0.051218176249782345,0.728978541381635,,,,,,,,
0.0,0.0,-2.0,0.25,randomized_1,oracle,200,200,1.0,0.9811546736227335,1.0,0.03514781776215167,0.04402070794619413,-0.0005421192251216148,0.18227601545327476,,,,,,,,
0.0,0.0,-2.0,0.25,randomized_1,blind_joint_search,200,200,1.0,0.9811546736227335,1.0,0.035147817762151666,0.04402070794619413,-0.0005421192251216148,0.18227601545327476,200,1.0,0.9811546736227335,1.0,200,1.0,0.9811546736227335,1.0
0.0,0.0,-2.0,0.25,randomized_2,nominal,200,0,0.0,1.734723475976807e-18,0.018845326377266575,0.382815602370474,0.41561440291037816,0.04029573611677474,0.7217796419733369,,,,,,,,
0.0,0.0,-2.0,0.25,randomized_2,oracle,200,200,1.0,0.9811546736227335,1.0,0.03592319064208193,0.04493893703806873,0.00021257591972628092,0.1838736922798958,,,,,,,,
0.0,0.0,-2.0,0.25,randomized_2,blind_joint_search,200,200,1.0,0.9811546736227335,1.0,0.03592319064208193,0.04493893703806873,0.0002125759197262809,0.1838736922798958,200,1.0,0.9811546736227335,1.0,200,1.0,0.9811546736227335,1.0
0.0,0.0,-2.0,0.25,randomized_3,nominal,200,0,0.0,1.734723475976807e-18,0.018845326377266575,0.28519066760393647,0.32772025992269643,0.020266000812624706,0.6885130150715324,,,,,,,,
0.0,0.0,-2.0,0.25,randomized_3,oracle,200,200,1.0,0.9811546736227335,1.0,0.03495255599178106,0.044036681785970026,0.0002111520135244422,0.16543355450287012,,,,,,,,
0.0,0.0,-2.0,0.25,randomized_3,blind_joint_search,200,200,1.0,0.9811546736227335,1.0,0.03495255599178106,0.044036681785970026,0.0002111520135244422,0.16543355450287012,200,1.0,0.9811546736227335,1.0,200,1.0,0.9811546736227335,1.0
0.0,0.0,-2.0,0.25,POOLED_ALL_VECTORS,nominal,1200,0,0.0,2.168404344971009e-19,0.003191000602734924,0.3012173236613394,0.3673878185653114,0.0021950273814857592,0.7935715217174262,,,,,,,,
0.0,0.0,-2.0,0.25,POOLED_ALL_VECTORS,oracle,1200,1200,1.0,0.9968089993972651,1.0,0.03523502355967599,0.044164225438298406,-0.00042624341036309797,0.1838736922798958,,,,,,,,
0.0,0.0,-2.0,0.25,POOLED_ALL_VECTORS,blind_joint_search,1200,1200,1.0,0.9968089993972651,1.0,0.03523502355967599,0.0441642254382984,-0.00042624341036309797,0.1838736922798958,,,,,,,,
0.0,0.0,-2.0,0.45,mixed_signs,nominal,200,0,0.0,1.734723475976807e-18,0.018845326377266575,0.32502888207423325,0.38074086391187995,-0.0017766235354903135,0.8673906340259465,,,,,,,,
0.0,0.0,-2.0,0.45,mixed_signs,oracle,200,190,0.95,0.9104218518612239,0.972617354399236,0.06342038423809732,0.07952629824073731,-0.0014039518125780637,0.27352368832213614,,,,,,,,
0.0,0.0,-2.0,0.45,mixed_signs,blind_joint_search,200,190,0.95,0.9104218518612239,0.972617354399236,0.06342038423809733,0.07952629824073731,-0.0014039518125780637,0.27352368832213614,200,1.0,0.9811546736227335,1.0,200,1.0,0.9811546736227335,1.0
0.0,0.0,-2.0,0.45,sparse_and_zeros,nominal,200,0,0.0,1.734723475976807e-18,0.018845326377266575,0.11787951055611981,0.19735427423399973,0.007659108341801782,0.8549918074373979,,,,,,,,
0.0,0.0,-2.0,0.45,sparse_and_zeros,oracle,200,191,0.955,0.9167032959981803,0.976147456998507,0.06385240363909915,0.0799329506391928,0.001438145703279671,0.28658842560012476,,,,,,,,
0.0,0.0,-2.0,0.45,sparse_and_zeros,blind_joint_search,200,191,0.955,0.9167032959981803,0.976147456998507,0.06385240363909915,0.0799329506391928,0.0014381457032796713,0.28658842560012476,200,1.0,0.9811546736227335,1.0,200,1.0,0.9811546736227335,1.0
0.0,0.0,-2.0,0.45,boundary_values,nominal,200,0,0.0,1.734723475976807e-18,0.018845326377266575,0.34518565031497006,0.4224691453063028,0.0009881602667252411,0.8914920395988717,,,,,,,,
0.0,0.0,-2.0,0.45,boundary_values,oracle,200,190,0.95,0.9104218518612239,0.972617354399236,0.06372060521285676,0.07976142670659585,0.0004804652039269524,0.2952391686428666,,,,,,,,
0.0,0.0,-2.0,0.45,boundary_values,blind_joint_search,200,190,0.95,0.9104218518612239,0.972617354399236,0.06372060521285676,0.07976142670659585,0.0004804652039269521,0.2952391686428666,200,1.0,0.9811546736227335,1.0,200,1.0,0.9811546736227335,1.0
0.0,0.0,-2.0,0.45,randomized_1,nominal,200,0,0.0,1.734723475976807e-18,0.018845326377266575,0.3929415964383666,0.4313633886686185,-0.05018298243555494,0.8426913165170307,,,,,,,,
0.0,0.0,-2.0,0.45,randomized_1,oracle,200,194,0.97,0.9361057075454807,0.9861796856598887,0.06287826724131686,0.0785189948899145,0.0011543945074798322,0.3025436251591329,,,,,,,,
0.0,0.0,-2.0,0.45,randomized_1,blind_joint_search,200,194,0.97,0.9361057075454807,0.9861796856598887,0.06287826724131686,0.0785189948899145,0.0011543945074798325,0.3025436251591329,200,1.0,0.9811546736227335,1.0,200,1.0,0.9811546736227335,1.0
0.0,0.0,-2.0,0.45,randomized_2,nominal,200,0,0.0,1.734723475976807e-18,0.018845326377266575,0.38403008339082495,0.4198039912447278,0.04165849890025109,0.8005026215928663,,,,,,,,
0.0,0.0,-2.0,0.45,randomized_2,oracle,200,189,0.945,0.9042130012276914,0.9690146582965411,0.06363190948968926,0.07949273397669972,0.000703703513292122,0.3143661053475281,,,,,,,,
0.0,0.0,-2.0,0.45,randomized_2,blind_joint_search,200,189,0.945,0.9042130012276914,0.9690146582965411,0.06363190948968925,0.07949273397669972,0.0007037035132921219,0.3143661053475281,200,1.0,0.9811546736227335,1.0,200,1.0,0.9811546736227335,1.0
0.0,0.0,-2.0,0.45,randomized_3,nominal,200,0,0.0,1.734723475976807e-18,0.018845326377266575,0.28915829816646677,0.3353356776727904,0.019498783589175596,0.8246142423254522,,,,,,,,
0.0,0.0,-2.0,0.45,randomized_3,oracle,200,185,0.925,0.8799563897637055,0.954025082815618,0.06404573471881715,0.08024699520394069,0.000322965443756893,0.31818221458579327,,,,,,,,
0.0,0.0,-2.0,0.45,randomized_3,blind_joint_search,200,185,0.925,0.8799563897637055,0.954025082815618,0.06404573471881715,0.0802469952039407,0.000322965443756893,0.31818221458579327,200,1.0,0.9811546736227335,1.0,200,1.0,0.9811546736227335,1.0
0.0,0.0,-2.0,0.45,POOLED_ALL_VECTORS,nominal,1200,0,0.0,2.168404344971009e-19,0.003191000602734924,0.3090373368234969,0.373530961370803,0.0029741575211514088,0.8914920395988717,,,,,,,,
0.0,0.0,-2.0,0.45,POOLED_ALL_VECTORS,oracle,1200,1139,0.9491666666666667,0.9352426635533437,0.9602240875718662,0.06359155075664608,0.07958172052771503,0.00044928709319290124,0.31818221458579327,,,,,,,,
0.0,0.0,-2.0,0.45,POOLED_ALL_VECTORS,blind_joint_search,1200,1139,0.9491666666666667,0.9352426635533437,0.9602240875718662,0.06359155075664608,0.07958172052771503,0.00044928709319290124,0.31818221458579327,,,,,,,,
0.0,0.0,0.0,0.0,mixed_signs,nominal,1,1,1.0,,,2.914335439641036e-16,4.984787598407887e-16,2.862293735361732e-17,1.7763568394002505e-15,,,,,,,,
0.0,0.0,0.0,0.0,mixed_signs,oracle,1,1,1.0,,,9.367506770274758e-17,1.6064700823479085e-16,-3.469446951953614e-18,4.440892098500626e-16,,,,,,,,
0.0,0.0,0.0,0.0,mixed_signs,blind_joint_search,1,1,1.0,,,9.367506770274758e-17,1.6064700823479085e-16,-3.469446951953614e-18,4.440892098500626e-16,1,1.0,,,1,1.0,,
0.0,0.0,0.0,0.0,sparse_and_zeros,nominal,1,1,1.0,,,5.204170427930421e-17,2.3956776148459464e-16,-3.122502256758253e-17,1.3322676295501878e-15,,,,,,,,
0.0,0.0,0.0,0.0,sparse_and_zeros,oracle,1,1,1.0,,,7.806255641895632e-18,3.9557781533026204e-17,-6.071532165918825e-18,2.220446049250313e-16,,,,,,,,
0.0,0.0,0.0,0.0,sparse_and_zeros,blind_joint_search,1,1,1.0,,,7.806255641895632e-18,3.9557781533026204e-17,-6.071532165918825e-18,2.220446049250313e-16,1,1.0,,,1,1.0,,
0.0,0.0,0.0,0.0,boundary_values,nominal,1,1,1.0,,,2.83634064585786e-16,5.414338492645339e-16,-4.4228672373830547e-17,1.7763568394002505e-15,,,,,,,,
0.0,0.0,0.0,0.0,boundary_values,oracle,1,1,1.0,,,4.683753385137379e-17,1.1316993474494503e-16,1.734723475976807e-18,4.440892098500626e-16,,,,,,,,
0.0,0.0,0.0,0.0,boundary_values,blind_joint_search,1,1,1.0,,,4.683753385137379e-17,1.1316993474494503e-16,1.734723475976807e-18,4.440892098500626e-16,1,1.0,,,1,1.0,,
0.0,0.0,0.0,0.0,randomized_1,nominal,1,1,1.0,,,3.400058012914542e-16,4.777265937854909e-16,-1.0408340855860843e-17,1.3322676295501878e-15,,,,,,,,
0.0,0.0,0.0,0.0,randomized_1,oracle,1,1,1.0,,,8.586881206085195e-17,1.4195084375639144e-16,3.0357660829594124e-17,4.440892098500626e-16,,,,,,,,
0.0,0.0,0.0,0.0,randomized_1,blind_joint_search,1,1,1.0,,,8.586881206085195e-17,1.4195084375639144e-16,3.0357660829594124e-17,4.440892098500626e-16,1,1.0,,,1,1.0,,
0.0,0.0,0.0,0.0,randomized_2,nominal,1,1,1.0,,,3.3024798173908465e-16,4.912561080807465e-16,-1.1384122811097797e-16,1.3322676295501878e-15,,,,,,,,
0.0,0.0,0.0,0.0,randomized_2,oracle,1,1,1.0,,,1.0430024899310553e-16,1.7772663199621974e-16,1.3660947373317356e-17,4.440892098500626e-16,,,,,,,,
0.0,0.0,0.0,0.0,randomized_2,blind_joint_search,1,1,1.0,,,1.0430024899310553e-16,1.7772663199621974e-16,1.3660947373317356e-17,4.440892098500626e-16,1,1.0,,,1,1.0,,
0.0,0.0,0.0,0.0,randomized_3,nominal,1,1,1.0,,,2.7603787311480943e-16,4.37647389575306e-16,5.355958732078392e-17,1.3322676295501878e-15,,,,,,,,
0.0,0.0,0.0,0.0,randomized_3,oracle,1,1,1.0,,,8.868773770931426e-17,1.5297566295680489e-16,2.927345865710862e-17,4.440892098500626e-16,,,,,,,,
0.0,0.0,0.0,0.0,randomized_3,blind_joint_search,1,1,1.0,,,8.868773770931426e-17,1.5297566295680489e-16,2.927345865710862e-17,4.440892098500626e-16,1,1.0,,,1,1.0,,
0.0,0.0,0.0,0.0,POOLED_ALL_VECTORS,nominal,6,6,1.0,,,2.6223349482909036e-16,4.582784632409953e-16,-1.958678987230844e-17,1.7763568394002505e-15,,,,,,,,
0.0,0.0,0.0,0.0,POOLED_ALL_VECTORS,oracle,6,6,1.0,,,7.119594265988145e-17,1.3863505129519244e-16,1.0914301869687412e-17,4.440892098500626e-16,,,,,,,,
0.0,0.0,0.0,0.0,POOLED_ALL_VECTORS,blind_joint_search,6,6,1.0,,,7.119594265988145e-17,1.3863505129519244e-16,1.0914301869687412e-17,4.440892098500626e-16,,,,,,,,
0.0,0.0,0.0,0.25,mixed_signs,nominal,200,200,1.0,0.9811546736227335,1.0,0.035832482817536176,0.0445588215051776,0.00024135326032470562,0.15537707337278484,,,,,,,,
0.0,0.0,0.0,0.25,mixed_signs,oracle,200,200,1.0,0.9811546736227335,1.0,0.03583248281753619,0.044558821505177613,0.00024135326032470602,0.1553770733727844,,,,,,,,
0.0,0.0,0.0,0.25,mixed_signs,blind_joint_search,200,200,1.0,0.9811546736227335,1.0,0.03583248281753618,0.044558821505177613,0.00024135326032470602,0.1553770733727844,200,1.0,0.9811546736227335,1.0,200,1.0,0.9811546736227335,1.0
0.0,0.0,0.0,0.25,sparse_and_zeros,nominal,200,200,1.0,0.9811546736227335,1.0,0.0348237401142353,0.043562391471203096,-0.00017655839831936924,0.15566606905689617,,,,,,,,
0.0,0.0,0.0,0.25,sparse_and_zeros,oracle,200,200,1.0,0.9811546736227335,1.0,0.034823740114235335,0.04356239147120312,-0.00017655839831935512,0.15566606905689517,,,,,,,,
0.0,0.0,0.0,0.25,sparse_and_zeros,blind_joint_search,200,200,1.0,0.9811546736227335,1.0,0.034823740114235335,0.04356239147120312,-0.00017655839831935512,0.15566606905689517,200,1.0,0.9811546736227335,1.0,200,1.0,0.9811546736227335,1.0
0.0,0.0,0.0,0.25,boundary_values,nominal,200,200,1.0,0.9811546736227335,1.0,0.03526239734803109,0.043909806004927304,-0.0001913271834677305,0.1583532428920829,,,,,,,,
0.0,0.0,0.0,0.25,boundary_values,oracle,200,200,1.0,0.9811546736227335,1.0,0.0352623973480311,0.04390980600492732,-0.00019132718346769647,0.1583532428920833,,,,,,,,
0.0,0.0,0.0,0.25,boundary_values,blind_joint_search,200,200,1.0,0.9811546736227335,1.0,0.0352623973480311,0.04390980600492732,-0.00019132718346769655,0.1583532428920833,200,1.0,0.9811546736227335,1.0,200,1.0,0.9811546736227335,1.0
0.0,0.0,0.0,0.25,randomized_1,nominal,200,200,1.0,0.9811546736227335,1.0,0.03513989125536994,0.04411637225120376,-0.00022061680220658057,0.15814659122391528,,,,,,,,
0.0,0.0,0.0,0.25,randomized_1,oracle,200,200,1.0,0.9811546736227335,1.0,0.03513989125536991,0.044116372251203725,-0.00022061680220651137,0.15814659122391506,,,,,,,,
0.0,0.0,0.0,0.25,randomized_1,blind_joint_search,200,200,1.0,0.9811546736227335,1.0,0.03513989125536991,0.044116372251203725,-0.00022061680220651143,0.15814659122391506,200,1.0,0.9811546736227335,1.0,200,1.0,0.9811546736227335,1.0
0.0,0.0,0.0,0.25,randomized_2,nominal,200,200,1.0,0.9811546736227335,1.0,0.03496305463351799,0.04360211800226672,0.0005252931921646991,0.1864349309855573,,,,,,,,
0.0,0.0,0.0,0.25,randomized_2,oracle,200,200,1.0,0.9811546736227335,1.0,0.03496305463351803,0.04360211800226674,0.0005252931921647843,0.18643493098555775,,,,,,,,
0.0,0.0,0.0,0.25,randomized_2,blind_joint_search,200,200,1.0,0.9811546736227335,1.0,0.03496305463351803,0.04360211800226674,0.0005252931921647843,0.18643493098555775,200,1.0,0.9811546736227335,1.0,200,1.0,0.9811546736227335,1.0
0.0,0.0,0.0,0.25,randomized_3,nominal,200,200,1.0,0.9811546736227335,1.0,0.0355641814771751,0.044479771010953933,-0.0005797900552230932,0.1617045225221772,,,,,,,,
0.0,0.0,0.0,0.25,randomized_3,oracle,200,200,1.0,0.9811546736227335,1.0,0.03556418147717509,0.04447977101095393,-0.0005797900552231359,0.16170452252217743,,,,,,,,
0.0,0.0,0.0,0.25,randomized_3,blind_joint_search,200,200,1.0,0.9811546736227335,1.0,0.03556418147717509,0.04447977101095393,-0.0005797900552231361,0.16170452252217743,200,1.0,0.9811546736227335,1.0,200,1.0,0.9811546736227335,1.0
0.0,0.0,0.0,0.25,POOLED_ALL_VECTORS,nominal,1200,1200,1.0,0.9968089993972651,1.0,0.03526429127431094,0.04403992622626323,-6.69409977878947e-05,0.1864349309855573,,,,,,,,
0.0,0.0,0.0,0.25,POOLED_ALL_VECTORS,oracle,1200,1200,1.0,0.9968089993972651,1.0,0.03526429127431094,0.04403992622626323,-6.694099778786807e-05,0.18643493098555775,,,,,,,,
0.0,0.0,0.0,0.25,POOLED_ALL_VECTORS,blind_joint_search,1200,1200,1.0,0.9968089993972651,1.0,0.03526429127431094,0.04403992622626324,-6.694099778786816e-05,0.18643493098555775,,,,,,,,
0.0,0.0,0.0,0.45,mixed_signs,nominal,200,189,0.945,0.9042130012276914,0.9690146582965411,0.06383325694939367,0.08013038390742043,0.00067556648309789,0.31155598683616925,,,,,,,,
0.0,0.0,0.0,0.45,mixed_signs,oracle,200,189,0.945,0.9042130012276914,0.9690146582965411,0.06383325694939362,0.08013038390742037,0.0006755664830978659,0.3115559868361657,,,,,,,,
0.0,0.0,0.0,0.45,mixed_signs,blind_joint_search,200,189,0.945,0.9042130012276914,0.9690146582965411,0.06383325694939361,0.08013038390742039,0.0006755664830978661,0.3115559868361657,200,1.0,0.9811546736227335,1.0,200,1.0,0.9811546736227335,1.0
0.0,0.0,0.0,0.45,sparse_and_zeros,nominal,200,193,0.965,0.9295293884777092,0.9829444579914328,0.0629329341295685,0.07897670070204224,-0.0008472736400515094,0.29292044501718206,,,,,,,,
0.0,0.0,0.0,0.45,sparse_and_zeros,oracle,200,193,0.965,0.9295293884777092,0.9829444579914328,0.0629329341295685,0.07897670070204224,-0.0008472736400515249,0.29292044501718295,,,,,,,,
0.0,0.0,0.0,0.45,sparse_and_zeros,blind_joint_search,200,193,0.965,0.9295293884777092,0.9829444579914328,0.06293293412956852,0.07897670070204225,-0.0008472736400515246,0.29292044501718295,200,1.0,0.9811546736227335,1.0,200,1.0,0.9811546736227335,1.0
0.0,0.0,0.0,0.45,boundary_values,nominal,200,190,0.95,0.9104218518612239,0.972617354399236,0.06436671190780008,0.08074183227073231,-1.643107564453284e-05,0.2842704516364034,,,,,,,,
0.0,0.0,0.0,0.45,boundary_values,oracle,200,190,0.95,0.9104218518612239,0.972617354399236,0.06436671190780002,0.08074183227073221,-1.6431075644587622e-05,0.28427045163640297,,,,,,,,
0.0,0.0,0.0,0.45,boundary_values,blind_joint_search,200,190,0.95,0.9104218518612239,0.972617354399236,0.06436671190780004,0.08074183227073221,-1.6431075644587483e-05,0.28427045163640297,200,1.0,0.9811546736227335,1.0,200,1.0,0.9811546736227335,1.0
0.0,0.0,0.0,0.45,randomized_1,nominal,200,192,0.96,0.923067931799067,0.9795943679338476,0.06395445644537341,0.07991175430298784,0.0016013921658526848,0.29666373798762535,,,,,,,,
0.0,0.0,0.0,0.45,randomized_1,oracle,200,192,0.96,0.923067931799067,0.9795943679338476,0.0639544564453734,0.07991175430298782,0.0016013921658527164,0.2966637379876236,,,,,,,,
0.0,0.0,0.0,0.45,randomized_1,blind_joint_search,200,192,0.96,0.923067931799067,0.9795943679338476,0.06395445644537338,0.07991175430298782,0.0016013921658527166,0.2966637379876236,200,1.0,0.9811546736227335,1.0,200,1.0,0.9811546736227335,1.0
0.0,0.0,0.0,0.45,randomized_2,nominal,200,192,0.96,0.923067931799067,0.9795943679338476,0.06282251040754487,0.07891016055333638,0.0007257360678245444,0.2865374683665346,,,,,,,,
0.0,0.0,0.0,0.45,randomized_2,oracle,200,192,0.96,0.923067931799067,0.9795943679338476,0.0628225104075449,0.07891016055333644,0.000725736067824629,0.2865374683665335,,,,,,,,
0.0,0.0,0.0,0.45,randomized_2,blind_joint_search,200,192,0.96,0.923067931799067,0.9795943679338476,0.0628225104075449,0.07891016055333645,0.000725736067824629,0.2865374683665335,200,1.0,0.9811546736227335,1.0,200,1.0,0.9811546736227335,1.0
0.0,0.0,0.0,0.45,randomized_3,nominal,200,180,0.9,0.8505941875672826,0.9343295513309041,0.06445605080072368,0.0809351360466794,-0.0008637281397048243,0.303611985451934,,,,,,,,
0.0,0.0,0.0,0.45,randomized_3,oracle,200,180,0.9,0.8505941875672826,0.9343295513309041,0.06445605080072375,0.08093513604667947,-0.0008637281397048868,0.30361198545193213,,,,,,,,
0.0,0.0,0.0,0.45,randomized_3,blind_joint_search,200,180,0.9,0.8505941875672826,0.9343295513309041,0.06445605080072375,0.08093513604667947,-0.0008637281397048867,0.30361198545193213,200,1.0,0.9811546736227335,1.0,200,1.0,0.9811546736227335,1.0
0.0,0.0,0.0,0.45,POOLED_ALL_VECTORS,nominal,1200,1136,0.9466666666666667,0.9324686636941517,0.9580140424340717,0.06372765344006737,0.07993814204182563,0.00021254364356237528,0.31155598683616925,,,,,,,,
0.0,0.0,0.0,0.45,POOLED_ALL_VECTORS,oracle,1200,1136,0.9466666666666667,0.9324686636941517,0.9580140424340717,0.06372765344006735,0.07993814204182562,0.00021254364356236872,0.3115559868361657,,,,,,,,
0.0,0.0,0.0,0.45,POOLED_ALL_VECTORS,blind_joint_search,1200,1136,0.9466666666666667,0.9324686636941517,0.9580140424340717,0.06372765344006737,0.07993814204182562,0.00021254364356236867,0.3115559868361657,,,,,,,,
0.0,0.0,2.0,0.0,mixed_signs,nominal,1,0,0.0,,,0.32060923929525587,0.37273189661990513,0.0006905339660086825,0.5885485734909148,,,,,,,,
0.0,0.0,2.0,0.0,mixed_signs,oracle,1,1,1.0,,,9.367506770274758e-17,1.6064700823479085e-16,-3.469446951953614e-18,4.440892098500626e-16,,,,,,,,
0.0,0.0,2.0,0.0,mixed_signs,blind_joint_search,1,1,1.0,,,9.367506770274758e-17,1.6064700823479085e-16,-3.469446951953614e-18,4.440892098500626e-16,1,1.0,,,1,1.0,,
0.0,0.0,2.0,0.0,sparse_and_zeros,nominal,1,0,0.0,,,0.06575273364797214,0.18079236350173714,0.007555218781942711,0.6078835245389844,,,,,,,,
0.0,0.0,2.0,0.0,sparse_and_zeros,oracle,1,1,1.0,,,7.806255641895632e-18,3.9557781533026204e-17,-6.071532165918825e-18,2.220446049250313e-16,,,,,,,,
0.0,0.0,2.0,0.0,sparse_and_zeros,blind_joint_search,1,1,1.0,,,7.806255641895632e-18,3.9557781533026204e-17,-6.071532165918825e-18,2.220446049250313e-16,1,1.0,,,1,1.0,,
0.0,0.0,2.0,0.0,boundary_values,nominal,1,0,0.0,,,0.3282564870338772,0.4149335313873874,0.000690533966008211,0.6299806114510811,,,,,,,,
0.0,0.0,2.0,0.0,boundary_values,oracle,1,1,1.0,,,4.683753385137379e-17,1.1316993474494503e-16,1.734723475976807e-18,4.440892098500626e-16,,,,,,,,
0.0,0.0,2.0,0.0,boundary_values,blind_joint_search,1,1,1.0,,,4.683753385137379e-17,1.1316993474494503e-16,1.734723475976807e-18,4.440892098500626e-16,1,1.0,,,1,1.0,,
0.0,0.0,2.0,0.0,randomized_1,nominal,1,0,0.0,,,0.38962799771858614,0.4233256462537617,-0.04988296635132465,0.5798367127364235,,,,,,,,
0.0,0.0,2.0,0.0,randomized_1,oracle,1,1,1.0,,,8.586881206085195e-17,1.4195084375639144e-16,3.0357660829594124e-17,4.440892098500626e-16,,,,,,,,
0.0,0.0,2.0,0.0,randomized_1,blind_joint_search,1,1,1.0,,,8.586881206085195e-17,1.4195084375639144e-16,3.0357660829594124e-17,4.440892098500626e-16,1,1.0,,,1,1.0,,
0.0,0.0,2.0,0.0,randomized_2,nominal,1,0,0.0,,,0.3807358028160528,0.41296291319143463,0.04111933474519043,0.5999713055290874,,,,,,,,
0.0,0.0,2.0,0.0,randomized_2,oracle,1,1,1.0,,,1.0430024899310553e-16,1.7772663199621974e-16,1.3660947373317356e-17,4.440892098500626e-16,,,,,,,,
0.0,0.0,2.0,0.0,randomized_2,blind_joint_search,1,1,1.0,,,1.0430024899310553e-16,1.7772663199621974e-16,1.3660947373317356e-17,4.440892098500626e-16,1,1.0,,,1,1.0,,
0.0,0.0,2.0,0.0,randomized_3,nominal,1,0,0.0,,,0.2868618747454605,0.32496756604842036,0.019382375981562457,0.5658078072268549,,,,,,,,
0.0,0.0,2.0,0.0,randomized_3,oracle,1,1,1.0,,,8.868773770931426e-17,1.5297566295680489e-16,2.927345865710862e-17,4.440892098500626e-16,,,,,,,,
0.0,0.0,2.0,0.0,randomized_3,blind_joint_search,1,1,1.0,,,8.868773770931426e-17,1.5297566295680489e-16,2.927345865710862e-17,4.440892098500626e-16,1,1.0,,,1,1.0,,
0.0,0.0,2.0,0.0,POOLED_ALL_VECTORS,nominal,6,0,0.0,,,0.2953073558762007,0.36495014964585226,0.003259171848231312,0.6299806114510811,,,,,,,,
0.0,0.0,2.0,0.0,POOLED_ALL_VECTORS,oracle,6,6,1.0,,,7.119594265988145e-17,1.3863505129519244e-16,1.0914301869687412e-17,4.440892098500626e-16,,,,,,,,
0.0,0.0,2.0,0.0,POOLED_ALL_VECTORS,blind_joint_search,6,6,1.0,,,7.119594265988145e-17,1.3863505129519244e-16,1.0914301869687412e-17,4.440892098500626e-16,,,,,,,,
0.0,0.0,2.0,0.25,mixed_signs,nominal,200,0,0.0,1.734723475976807e-18,0.018845326377266575,0.32275656897859534,0.3754409479528418,-0.0005553018947321074,0.7150096036240545,,,,,,,,
0.0,0.0,2.0,0.25,mixed_signs,oracle,200,200,1.0,0.9811546736227335,1.0,0.035029203813298604,0.04384699988382053,-0.0007523053764370483,0.18551070135344833,,,,,,,,
0.0,0.0,2.0,0.25,mixed_signs,blind_joint_search,200,200,1.0,0.9811546736227335,1.0,0.035029203813298604,0.04384699988382053,-0.0007523053764370483,0.18551070135344833,200,1.0,0.9811546736227335,1.0,200,1.0,0.9811546736227335,1.0
0.0,0.0,2.0,0.25,sparse_and_zeros,nominal,200,0,0.0,1.734723475976807e-18,0.018845326377266575,0.09502280950542431,0.18614849142312995,0.007854636966522627,0.7217239427914639,,,,,,,,
0.0,0.0,2.0,0.25,sparse_and_zeros,oracle,200,200,1.0,0.9811546736227335,1.0,0.035771359346039554,0.0446653204437189,8.9671834248286e-05,0.16691098425395784,,,,,,,,
0.0,0.0,2.0,0.25,sparse_and_zeros,blind_joint_search,200,200,1.0,0.9811546736227335,1.0,0.035771359346039554,0.0446653204437189,8.9671834248286e-05,0.16691098425395784,200,1.0,0.9811546736227335,1.0,200,1.0,0.9811546736227335,1.0
0.0,0.0,2.0,0.25,boundary_values,nominal,200,0,0.0,1.734723475976807e-18,0.018845326377266575,0.3353465823019409,0.4165641097816259,0.0012654302883330598,0.7648289658892129,,,,,,,,
0.0,0.0,2.0,0.25,boundary_values,oracle,200,200,1.0,0.9811546736227335,1.0,0.03529969497445886,0.044066861926154166,0.0006095494509293202,0.16507994255315264,,,,,,,,
0.0,0.0,2.0,0.25,boundary_values,blind_joint_search,200,200,1.0,0.9811546736227335,1.0,0.03529969497445887,0.044066861926154166,0.0006095494509293202,0.16507994255315264,200,1.0,0.9811546736227335,1.0,200,1.0,0.9811546736227335,1.0
0.0,0.0,2.0,0.25,randomized_1,nominal,200,0,0.0,1.734723475976807e-18,0.018845326377266575,0.3902909917649702,0.4256167802067906,-0.05021047787414954,0.6871475861446794,,,,,,,,
0.0,0.0,2.0,0.25,randomized_1,oracle,200,200,1.0,0.9811546736227335,1.0,0.035160605457637134,0.04413949550406334,0.0007583751768454893,0.18002905351297693,,,,,,,,
0.0,0.0,2.0,0.25,randomized_1,blind_joint_search,200,200,1.0,0.9811546736227335,1.0,0.035160605457637134,0.04413949550406334,0.0007583751768454893,0.18002905351297693,200,1.0,0.9811546736227335,1.0,200,1.0,0.9811546736227335,1.0
0.0,0.0,2.0,0.25,randomized_2,nominal,200,0,0.0,1.734723475976807e-18,0.018845326377266575,0.38263961366311,0.4159894824089574,0.04162119136385841,0.7598108595743291,,,,,,,,
0.0,0.0,2.0,0.25,randomized_2,oracle,200,200,1.0,0.9811546736227335,1.0,0.034951447822995634,0.04394636540578127,0.0006761606121884745,0.17595999512144855,,,,,,,,
0.0,0.0,2.0,0.25,randomized_2,blind_joint_search,200,200,1.0,0.9811546736227335,1.0,0.034951447822995634,0.04394636540578127,0.0006761606121884745,0.17595999512144855,200,1.0,0.9811546736227335,1.0,200,1.0,0.9811546736227335,1.0
0.0,0.0,2.0,0.25,randomized_3,nominal,200,0,0.0,1.734723475976807e-18,0.018845326377266575,0.2873979415220902,0.3273807942615988,0.019300717175853698,0.7363689386333416,,,,,,,,
0.0,0.0,2.0,0.25,randomized_3,oracle,200,200,1.0,0.9811546736227335,1.0,0.035315701317488096,0.04446513796097653,-0.0002679565739941299,0.16735096737135208,,,,,,,,
0.0,0.0,2.0,0.25,randomized_3,blind_joint_search,200,200,1.0,0.9811546736227335,1.0,0.035315701317488096,0.04446513796097653,-0.00026795657399413013,0.16735096737135208,200,1.0,0.9811546736227335,1.0,200,1.0,0.9811546736227335,1.0
0.0,0.0,2.0,0.25,POOLED_ALL_VECTORS,nominal,1200,0,0.0,2.168404344971009e-19,0.003191000602734924,0.3022424179560218,0.3675386377277944,0.0032126993376143595,0.7648289658892129,,,,,,,,
0.0,0.0,2.0,0.25,POOLED_ALL_VECTORS,oracle,1200,1200,1.0,0.9968089993972651,1.0,0.035254668788652986,0.04418929953203403,0.00018558252063006524,0.18551070135344833,,,,,,,,
0.0,0.0,2.0,0.25,POOLED_ALL_VECTORS,blind_joint_search,1200,1200,1.0,0.9968089993972651,1.0,0.035254668788652986,0.04418929953203403,0.0001855825206300653,0.18551070135344833,,,,,,,,
0.0,0.0,2.0,0.45,mixed_signs,nominal,200,0,0.0,1.734723475976807e-18,0.018845326377266575,0.3275034610829001,0.3810026208381927,0.000914400373459616,0.8730283741060374,,,,,,,,
0.0,0.0,2.0,0.45,mixed_signs,oracle,200,184,0.92,0.874010511732856,0.9501594141102401,0.06394547170110818,0.0802540065843671,0.0007496641184136163,0.3144458040284017,,,,,,,,
0.0,0.0,2.0,0.45,mixed_signs,blind_joint_search,200,184,0.92,0.874010511732856,0.9501594141102401,0.06394547170110818,0.0802540065843671,0.0007496641184136163,0.3144458040284017,200,1.0,0.9811546736227335,1.0,200,1.0,0.9811546736227335,1.0
0.0,0.0,2.0,0.45,sparse_and_zeros,nominal,200,0,0.0,1.734723475976807e-18,0.018845326377266575,0.11786112856446213,0.1975983013354056,0.007979453337102715,0.8433543628287021,,,,,,,,
0.0,0.0,2.0,0.45,sparse_and_zeros,oracle,200,192,0.96,0.923067931799067,0.9795943679338476,0.06404052271888291,0.07988971071323403,0.00038241859030824996,0.30015211840441686,,,,,,,,
0.0,0.0,2.0,0.45,sparse_and_zeros,blind_joint_search,200,192,0.96,0.923067931799067,0.9795943679338476,0.06404052271888291,0.07988971071323403,0.00038241859030824996,0.30015211840441686,200,1.0,0.9811546736227335,1.0,200,1.0,0.9811546736227335,1.0
0.0,0.0,2.0,0.45,boundary_values,nominal,200,0,0.0,1.734723475976807e-18,0.018845326377266575,0.3436416934919217,0.42179861179896566,-0.0014971648792456139,0.8913146594421115,,,,,,,,
0.0,0.0,2.0,0.45,boundary_values,oracle,200,187,0.935,0.8919809207009312,0.961623645350847,0.06339049880771656,0.07975165308149315,-0.0026474918612840255,0.3112608057338875,,,,,,,,
0.0,0.0,2.0,0.45,boundary_values,blind_joint_search,200,187,0.935,0.8919809207009312,0.961623645350847,0.06339049880771656,0.07975165308149315,-0.0026474918612840255,0.3112608057338875,200,1.0,0.9811546736227335,1.0,200,1.0,0.9811546736227335,1.0
0.0,0.0,2.0,0.45,randomized_1,nominal,200,0,0.0,1.734723475976807e-18,0.018845326377266575,0.3904737296060287,0.4294909784910443,-0.050910397311398875,0.8047804472874779,,,,,,,,
0.0,0.0,2.0,0.45,randomized_1,oracle,200,188,0.94,0.8980683070423372,0.9653478057456681,0.0639176556256464,0.08039568025556433,-0.0005788443417121957,0.33086500845531464,,,,,,,,
0.0,0.0,2.0,0.45,randomized_1,blind_joint_search,200,188,0.94,0.8980683070423372,0.9653478057456681,0.0639176556256464,0.08039568025556433,-0.0005788443417121956,0.33086500845531464,200,1.0,0.9811546736227335,1.0,200,1.0,0.9811546736227335,1.0
0.0,0.0,2.0,0.45,randomized_2,nominal,200,0,0.0,1.734723475976807e-18,0.018845326377266575,0.38402840689812395,0.4211529545488759,0.041241831300545526,0.8081468330889172,,,,,,,,
0.0,0.0,2.0,0.45,randomized_2,oracle,200,193,0.965,0.9295293884777092,0.9829444579914328,0.06392295894239443,0.07984396468975836,-0.0004035032024376653,0.3053226126989501,,,,,,,,
0.0,0.0,2.0,0.45,randomized_2,blind_joint_search,200,193,0.965,0.9295293884777092,0.9829444579914328,0.06392295894239444,0.07984396468975836,-0.00040350320243766574,0.3053226126989501,200,1.0,0.9811546736227335,1.0,200,1.0,0.9811546736227335,1.0
0.0,0.0,2.0,0.45,randomized_3,nominal,200,0,0.0,1.734723475976807e-18,0.018845326377266575,0.2918309089949883,0.33627517074322466,0.018433572585398923,0.8037590612637078,,,,,,,,
0.0,0.0,2.0,0.45,randomized_3,oracle,200,189,0.945,0.9042130012276914,0.9690146582965411,0.0631542771974202,0.07984763594682999,-0.0015314566721841266,0.2975790325493234,,,,,,,,
0.0,0.0,2.0,0.45,randomized_3,blind_joint_search,200,189,0.945,0.9042130012276914,0.9690146582965411,0.0631542771974202,0.07984763594682999,-0.001531456672184127,0.2975790325493234,200,1.0,0.9811546736227335,1.0,200,1.0,0.9811546736227335,1.0
0.0,0.0,2.0,0.45,POOLED_ALL_VECTORS,nominal,1200,0,0.0,2.168404344971009e-19,0.003191000602734924,0.3092232214397375,0.3735048988702761,0.0026936159009770494,0.8913146594421115,,,,,,,,
0.0,0.0,2.0,0.45,POOLED_ALL_VECTORS,oracle,1200,1133,0.9441666666666667,0.9297022795287673,0.9557963816024699,0.06372856416552812,0.07999746525916775,-0.0006715355614826912,0.33086500845531464,,,,,,,,
0.0,0.0,2.0,0.45,POOLED_ALL_VECTORS,blind_joint_search,1200,1133,0.9441666666666667,0.9297022795287673,0.9557963816024699,0.06372856416552812,0.07999746525916775,-0.0006715355614826912,0.33086500845531464,,,,,,,,
0.0,2500.0,-2.0,0.0,mixed_signs,nominal,1,0,0.0,,,0.18654025321549206,0.28524992555240514,-0.035780785803929946,0.7921061960771082,,,,,,,,
0.0,2500.0,-2.0,0.0,mixed_signs,oracle,1,1,1.0,,,0.015788932302063914,0.02180020352225003,-0.001038398288779413,0.05851436546193156,,,,,,,,
0.0,2500.0,-2.0,0.0,mixed_signs,blind_joint_search,1,1,1.0,,,0.015788932302063914,0.02180020352225003,-0.001038398288779413,0.05851436546193156,1,1.0,,,1,1.0,,
0.0,2500.0,-2.0,0.0,sparse_and_zeros,nominal,1,0,0.0,,,0.06762468658434859,0.20998882947643913,0.030380044531631706,0.950527435292515,,,,,,,,
0.0,2500.0,-2.0,0.0,sparse_and_zeros,oracle,1,1,1.0,,,0.004758863089306391,0.01173026647871598,-0.00015960844902102825,0.04975558680508163,,,,,,,,
0.0,2500.0,-2.0,0.0,sparse_and_zeros,blind_joint_search,1,1,1.0,,,0.004758863089306391,0.01173026647871598,-0.00015960844902102825,0.04975558680508163,1,1.0,,,1,1.0,,
0.0,2500.0,-2.0,0.0,boundary_values,nominal,1,0,0.0,,,0.22413806129755134,0.4210506981933243,-0.031018894176495043,1.267369913723373,,,,,,,,
0.0,2500.0,-2.0,0.0,boundary_values,oracle,1,1,1.0,,,0.019088404639070577,0.02682778591925599,-0.0019018497731069076,0.06484110387758002,,,,,,,,
0.0,2500.0,-2.0,0.0,boundary_values,blind_joint_search,1,1,1.0,,,0.019088404639070577,0.02682778591925599,-0.0019018497731069076,0.06484110387758002,1,1.0,,,1,1.0,,
0.0,2500.0,-2.0,0.0,randomized_1,nominal,1,0,0.0,,,0.23710590275806187,0.36401427863880736,-0.07376130117141064,1.2066178861476702,,,,,,,,
0.0,2500.0,-2.0,0.0,randomized_1,oracle,1,1,1.0,,,0.02704947183176864,0.0317391710788451,-0.004286293045400074,0.06151830256638635,,,,,,,,
0.0,2500.0,-2.0,0.0,randomized_1,blind_joint_search,1,1,1.0,,,0.02704947183176864,0.0317391710788451,-0.004286293045400074,0.06151830256638635,1,1.0,,,1,1.0,,
0.0,2500.0,-2.0,0.0,randomized_2,nominal,1,0,0.0,,,0.22395140513457784,0.30617232688028895,0.0659329295118363,0.9323053889803374,,,,,,,,
0.0,2500.0,-2.0,0.0,randomized_2,oracle,1,1,1.0,,,0.0262480002845817,0.029691641265067584,0.0020067773294655967,0.055485170800893435,,,,,,,,
0.0,2500.0,-2.0,0.0,randomized_2,blind_joint_search,1,1,1.0,,,0.0262480002845817,0.029691641265067584,0.0020067773294655967,0.055485170800893435,1,1.0,,,1,1.0,,
0.0,2500.0,-2.0,0.0,randomized_3,nominal,1,0,0.0,,,0.16240053058469223,0.24225910910949885,0.0029371781455753837,0.6440247820604962,,,,,,,,
0.0,2500.0,-2.0,0.0,randomized_3,oracle,1,1,1.0,,,0.02028526543784607,0.02429011166276954,0.0001634094445246148,0.049730668131489075,,,,,,,,
0.0,2500.0,-2.0,0.0,randomized_3,blind_joint_search,1,1,1.0,,,0.02028526543784607,0.02429011166276954,0.0001634094445246148,0.049730668131489075,1,1.0,,,1,1.0,,
0.0,2500.0,-2.0,0.0,POOLED_ALL_VECTORS,nominal,6,0,0.0,,,0.18362680659578734,0.3129653558378769,-0.0068851381604653735,1.267369913723373,,,,,,,,
0.0,2500.0,-2.0,0.0,POOLED_ALL_VECTORS,oracle,6,6,1.0,,,0.01886982293077288,0.025204352100970297,-0.000869327130386202,0.06484110387758002,,,,,,,,
0.0,2500.0,-2.0,0.0,POOLED_ALL_VECTORS,blind_joint_search,6,6,1.0,,,0.01886982293077288,0.025204352100970297,-0.000869327130386202,0.06484110387758002,,,,,,,,
0.0,2500.0,-2.0,0.25,mixed_signs,nominal,200,0,0.0,1.734723475976807e-18,0.018845326377266575,0.196023684504583,0.28927937253511,-0.03666113516655136,0.9108268752366792,,,,,,,,
0.0,2500.0,-2.0,0.25,mixed_signs,oracle,200,200,1.0,0.9811546736227335,1.0,0.03952699298239687,0.04976949354200848,-0.0013862849260555476,0.23862253297107694,,,,,,,,
0.0,2500.0,-2.0,0.25,mixed_signs,blind_joint_search,200,200,1.0,0.9811546736227335,1.0,0.03952699298239687,0.049769493542008485,-0.0013862849260555476,0.23862253297107694,200,1.0,0.9811546736227335,1.0,200,1.0,0.9811546736227335,1.0
0.0,2500.0,-2.0,0.25,sparse_and_zeros,nominal,200,0,0.0,1.734723475976807e-18,0.018845326377266575,0.0962879183831774,0.21403262807994924,0.029445565049688156,1.0552760114971804,,,,,,,,
0.0,2500.0,-2.0,0.25,sparse_and_zeros,oracle,200,200,1.0,0.9811546736227335,1.0,0.03657096570899816,0.04572005321861507,-0.0004992670056589789,0.19584556552013432,,,,,,,,
0.0,2500.0,-2.0,0.25,sparse_and_zeros,blind_joint_search,200,200,1.0,0.9811546736227335,1.0,0.036570965708998156,0.04572005321861507,-0.0004992670056589789,0.19584556552013432,200,1.0,0.9811546736227335,1.0,200,1.0,0.9811546736227335,1.0
0.0,2500.0,-2.0,0.25,boundary_values,nominal,200,0,0.0,1.734723475976807e-18,0.018845326377266575,0.2379574798216641,0.42340211055012494,-0.030439795091653277,1.3917473724604597,,,,,,,,
0.0,2500.0,-2.0,0.25,boundary_values,oracle,200,200,1.0,0.9811546736227335,1.0,0.040737798668368595,0.05129391515800365,-0.0012245080015783776,0.2102827720095608,,,,,,,,
0.0,2500.0,-2.0,0.25,boundary_values,blind_joint_search,200,200,1.0,0.9811546736227335,1.0,0.040737798668368595,0.05129391515800365,-0.001224508001578378,0.2102827720095608,200,1.0,0.9811546736227335,1.0,200,1.0,0.9811546736227335,1.0
0.0,2500.0,-2.0,0.25,randomized_1,nominal,200,0,0.0,1.734723475976807e-18,0.018845326377266575,0.24212328319009607,0.3665177895241401,-0.07346094930433683,1.3609529602457433,,,,,,,,
0.0,2500.0,-2.0,0.25,randomized_1,oracle,200,200,1.0,0.9811546736227335,1.0,0.04355974271375282,0.0542386677509052,-0.0035870009181977556,0.18769413421440007,,,,,,,,
0.0,2500.0,-2.0,0.25,randomized_1,blind_joint_search,200,200,1.0,0.9811546736227335,1.0,0.04355974271375282,0.0542386677509052,-0.0035870009181977556,0.18769413421440007,200,1.0,0.9811546736227335,1.0,200,1.0,0.9811546736227335,1.0
0.0,2500.0,-2.0,0.25,randomized_2,nominal,200,0,0.0,1.734723475976807e-18,0.018845326377266575,0.22931288419311413,0.30958772546967006,0.06519039045084658,1.025137040743185,,,,,,,,
0.0,2500.0,-2.0,0.25,randomized_2,oracle,200,200,1.0,0.9811546736227335,1.0,0.042977435675756806,0.05324606828329643,0.0009279010266116139,0.21332438806447063,,,,,,,,
0.0,2500.0,-2.0,0.25,randomized_2,blind_joint_search,200,200,1.0,0.9811546736227335,1.0,0.042977435675756806,0.05324606828329643,0.0009279010266116139,0.21332438806447063,200,1.0,0.9811546736227335,1.0,200,1.0,0.9811546736227335,1.0
0.0,2500.0,-2.0,0.25,randomized_3,nominal,200,0,0.0,1.734723475976807e-18,0.018845326377266575,0.17005454842134923,0.24613698074356413,0.001989263851501919,0.7563569268812121,,,,,,,,
0.0,2500.0,-2.0,0.25,randomized_3,oracle,200,200,1.0,0.9811546736227335,1.0,0.040237211597005745,0.05007991440515374,9.809169891640157e-05,0.18504099406446572,,,,,,,,
0.0,2500.0,-2.0,0.25,randomized_3,blind_joint_search,200,200,1.0,0.9811546736227335,1.0,0.040237211597005745,0.05007991440515373,9.809169891640166e-05,0.18504099406446572,200,1.0,0.9811546736227335,1.0,200,1.0,0.9811546736227335,1.0
0.0,2500.0,-2.0,0.25,POOLED_ALL_VECTORS,nominal,1200,0,0.0,2.168404344971009e-19,0.003191000602734924,0.19529329975233065,0.31610260242631144,-0.0073227767017508,1.3917473724604597,,,,,,,,
0.0,2500.0,-2.0,0.25,POOLED_ALL_VECTORS,oracle,1200,1200,1.0,0.9968089993972651,1.0,0.040601691224379836,0.05079922272999127,-0.000945178020993774,0.23862253297107694,,,,,,,,
0.0,2500.0,-2.0,0.25,POOLED_ALL_VECTORS,blind_joint_search,1200,1200,1.0,0.9968089993972651,1.0,0.040601691224379836,0.05079922272999127,-0.0009451780209937742,0.23862253297107694,,,,,,,,
0.0,2500.0,-2.0,0.45,mixed_signs,nominal,200,0,0.0,1.734723475976807e-18,0.018845326377266575,0.20914110093462968,0.2976819423154591,-0.03619494846556466,1.0361410299776885,,,,,,,,
0.0,2500.0,-2.0,0.45,mixed_signs,oracle,200,187,0.935,0.8919809207009312,0.961623645350847,0.06493011741882748,0.08157343925886111,-8.795627583794651e-05,0.34160261234525924,,,,,,,,
0.0,2500.0,-2.0,0.45,mixed_signs,blind_joint_search,200,187,0.935,0.8919809207009312,0.961623645350847,0.06493011741882748,0.08157343925886111,-8.795627583794558e-05,0.34160261234525924,200,1.0,0.9811546736227335,1.0,200,1.0,0.9811546736227335,1.0
0.0,2500.0,-2.0,0.45,sparse_and_zeros,nominal,200,0,0.0,1.734723475976807e-18,0.018845326377266575,0.12027339913019533,0.224267401383969,0.029551713064608857,1.1653890726162335,,,,,,,,
0.0,2500.0,-2.0,0.45,sparse_and_zeros,oracle,200,192,0.96,0.923067931799067,0.9795943679338476,0.06298158559810442,0.0787049452323087,-0.0011958687584296885,0.34371641797095576,,,,,,,,
0.0,2500.0,-2.0,0.45,sparse_and_zeros,blind_joint_search,200,192,0.96,0.923067931799067,0.9795943679338476,0.06298158559810442,0.0787049452323087,-0.0011958687584296892,0.34371641797095576,200,1.0,0.9811546736227335,1.0,200,1.0,0.9811546736227335,1.0
0.0,2500.0,-2.0,0.45,boundary_values,nominal,200,0,0.0,1.734723475976807e-18,0.018845326377266575,0.25427845169820146,0.4292527637668045,-0.03217103421982151,1.526130701608711,,,,,,,,
0.0,2500.0,-2.0,0.45,boundary_values,oracle,200,183,0.915,0.8681041292843443,0.9462542498225244,0.06568212191026283,0.08233191505803347,-0.002570763941819987,0.3557483848281463,,,,,,,,
0.0,2500.0,-2.0,0.45,boundary_values,blind_joint_search,200,183,0.915,0.8681041292843443,0.9462542498225244,0.06568212191026283,0.08233191505803347,-0.002570763941819987,0.3557483848281463,200,1.0,0.9811546736227335,1.0,200,1.0,0.9811546736227335,1.0
0.0,2500.0,-2.0,0.45,randomized_1,nominal,200,0,0.0,1.734723475976807e-18,0.018845326377266575,0.2522689830226695,0.37326634280964915,-0.07331454976588488,1.3881896049676532,,,,,,,,
0.0,2500.0,-2.0,0.45,randomized_1,oracle,200,183,0.915,0.8681041292843443,0.9462542498225244,0.06800811312541614,0.08524781835580188,-0.004079700365164054,0.3250094812341542,,,,,,,,
0.0,2500.0,-2.0,0.45,randomized_1,blind_joint_search,200,183,0.915,0.8681041292843443,0.9462542498225244,0.06800811312541614,0.08524781835580188,-0.004079700365164054,0.3250094812341542,200,1.0,0.9811546736227335,1.0,200,1.0,0.9811546736227335,1.0
0.0,2500.0,-2.0,0.45,randomized_2,nominal,200,0,0.0,1.734723475976807e-18,0.018845326377266575,0.2381827620967494,0.3168581755141134,0.06546032937077755,1.1979369902982102,,,,,,,,
0.0,2500.0,-2.0,0.45,randomized_2,oracle,200,185,0.925,0.8799563897637055,0.954025082815618,0.06685250115521915,0.08410505004964272,0.0011798535094611992,0.37441888111796584,,,,,,,,
0.0,2500.0,-2.0,0.45,randomized_2,blind_joint_search,200,185,0.925,0.8799563897637055,0.954025082815618,0.06685250115521914,0.08410505004964272,0.0011798535094611998,0.37441888111796584,200,1.0,0.9811546736227335,1.0,200,1.0,0.9811546736227335,1.0
0.0,2500.0,-2.0,0.45,randomized_3,nominal,200,0,0.0,1.734723475976807e-18,0.018845326377266575,0.18275443869928928,0.2552562361875722,0.0029022536853317436,0.8503162260976188,,,,,,,,
0.0,2500.0,-2.0,0.45,randomized_3,oracle,200,182,0.91,0.8622342812328346,0.9423125511378069,0.06642909382465728,0.08258688032693567,-0.000567333638871807,0.3361588553327053,,,,,,,,
0.0,2500.0,-2.0,0.45,randomized_3,blind_joint_search,200,182,0.91,0.8622342812328346,0.9423125511378069,0.0664290938246573,0.08258688032693566,-0.0005673336388718067,0.3361588553327053,200,1.0,0.9811546736227335,1.0,200,1.0,0.9811546736227335,1.0
0.0,2500.0,-2.0,0.45,POOLED_ALL_VECTORS,nominal,1200,0,0.0,2.168404344971009e-19,0.003191000602734924,0.20948318926362244,0.323535405966367,-0.007294372721758817,1.526130701608711,,,,,,,,
0.0,2500.0,-2.0,0.45,POOLED_ALL_VECTORS,oracle,1200,1112,0.9266666666666666,0.910516667961249,0.9400936781910837,0.06581392217208122,0.08245067355099385,-0.001220294911777047,0.37441888111796584,,,,,,,,
0.0,2500.0,-2.0,0.45,POOLED_ALL_VECTORS,blind_joint_search,1200,1112,0.9266666666666666,0.910516667961249,0.9400936781910837,0.06581392217208122,0.08245067355099385,-0.0012202949117770471,0.37441888111796584,,,,,,,,
0.0,2500.0,0.0,0.0,mixed_signs,nominal,1,0,0.0,,,0.5449156696511694,0.7958680788193732,-0.18605776749993033,1.933877749398818,,,,,,,,
0.0,2500.0,0.0,0.0,mixed_signs,oracle,1,1,1.0,,,0.015731893049384094,0.021759867107742928,-0.001044441400982754,0.05844901429906013,,,,,,,,
0.0,2500.0,0.0,0.0,mixed_signs,blind_joint_search,1,1,1.0,,,0.015731893049384094,0.021759867107742928,-0.001044441400982754,0.05844901429906013,1,1.0,,,1,1.0,,
0.0,2500.0,0.0,0.0,sparse_and_zeros,nominal,1,0,0.0,,,0.12207956559616887,0.46625202359392515,0.01400832737880884,2.0241624352874417,,,,,,,,
0.0,2500.0,0.0,0.0,sparse_and_zeros,oracle,1,1,1.0,,,0.004715130480097632,0.011677443278961218,-0.0001987834710901265,0.04973388444877447,,,,,,,,
0.0,2500.0,0.0,0.0,sparse_and_zeros,blind_joint_search,1,1,1.0,,,0.004715130480097632,0.011677443278961218,-0.0001987834710901265,0.04973388444877447,1,1.0,,,1,1.0,,
0.0,2500.0,0.0,0.0,boundary_values,nominal,1,0,0.0,,,0.631603570840894,1.0389365937676176,-0.17328693903450118,2.698883247049941,,,,,,,,
0.0,2500.0,0.0,0.0,boundary_values,oracle,1,1,1.0,,,0.0189932696553878,0.02673130524687042,-0.0018949238360254643,0.06423814707923792,,,,,,,,
0.0,2500.0,0.0,0.0,boundary_values,blind_joint_search,1,1,1.0,,,0.0189932696553878,0.02673130524687042,-0.0018949238360254643,0.06423814707923792,1,1.0,,,1,1.0,,
0.0,2500.0,0.0,0.0,randomized_1,nominal,1,0,0.0,,,0.6639313979044708,0.9060180344688713,-0.19894455503415953,2.5695108927964943,,,,,,,,
0.0,2500.0,0.0,0.0,randomized_1,oracle,1,1,1.0,,,0.026948570781929172,0.031647389061033995,-0.004218437494901023,0.06146938346044717,,,,,,,,
0.0,2500.0,0.0,0.0,randomized_1,blind_joint_search,1,1,1.0,,,0.026948570781929172,0.031647389061033995,-0.004218437494901023,0.06146938346044717,1,1.0,,,1,1.0,,
0.0,2500.0,0.0,0.0,randomized_2,nominal,1,0,0.0,,,0.6171227827478349,0.8511890231929082,0.03953750327190454,2.296824618009921,,,,,,,,
0.0,2500.0,0.0,0.0,randomized_2,oracle,1,1,1.0,,,0.026138638222193786,0.02960826101936698,0.001973233293655372,0.055302655202526196,,,,,,,,
0.0,2500.0,0.0,0.0,randomized_2,blind_joint_search,1,1,1.0,,,0.026138638222193786,0.02960826101936698,0.001973233293655372,0.055302655202526196,1,1.0,,,1,1.0,,
0.0,2500.0,0.0,0.0,randomized_3,nominal,1,0,0.0,,,0.4941766779904897,0.6836704603267988,-0.05684283323609122,1.3714604364258727,,,,,,,,
0.0,2500.0,0.0,0.0,randomized_3,oracle,1,1,1.0,,,0.02019407222849635,0.024212962025438125,0.00012173511558299672,0.049542851691786405,,,,,,,,
0.0,2500.0,0.0,0.0,randomized_3,blind_joint_search,1,1,1.0,,,0.02019407222849635,0.024212962025438125,0.00012173511558299672,0.049542851691786405,1,1.0,,,1,1.0,,
0.0,2500.0,0.0,0.0,POOLED_ALL_VECTORS,nominal,6,0,0.0,,,0.5123049441218379,0.8106564135078972,-0.09359771069232814,2.698883247049941,,,,,,,,
0.0,2500.0,0.0,0.0,POOLED_ALL_VECTORS,oracle,6,6,1.0,,,0.018786929069581473,0.02512930249495623,-0.0008769362989601666,0.06423814707923792,,,,,,,,
0.0,2500.0,0.0,0.0,POOLED_ALL_VECTORS,blind_joint_search,6,6,1.0,,,0.018786929069581473,0.02512930249495623,-0.0008769362989601666,0.06423814707923792,,,,,,,,
0.0,2500.0,0.0,0.25,mixed_signs,nominal,200,0,0.0,1.734723475976807e-18,0.018845326377266575,0.5503169044835644,0.7967774441076004,-0.18691362798728753,2.037619906780882,,,,,,,,
0.0,2500.0,0.0,0.25,mixed_signs,oracle,200,200,1.0,0.9811546736227335,1.0,0.03927198491405425,0.04900863911964562,-0.0016175327240776133,0.21316191013657937,,,,,,,,
0.0,2500.0,0.0,0.25,mixed_signs,blind_joint_search,200,200,1.0,0.9811546736227335,1.0,0.03927198491405425,0.04900863911964562,-0.0016175327240776141,0.21316191013657937,200,1.0,0.9811546736227335,1.0,200,1.0,0.9811546736227335,1.0
0.0,2500.0,0.0,0.25,sparse_and_zeros,nominal,200,0,0.0,1.734723475976807e-18,0.018845326377266575,0.152435195476736,0.46881646211106587,0.014780365543037424,2.1472953744157355,,,,,,,,
0.0,2500.0,0.0,0.25,sparse_and_zeros,oracle,200,200,1.0,0.9811546736227335,1.0,0.035951495983752635,0.04539271712368089,0.0005411031699361874,0.17738672649004816,,,,,,,,
0.0,2500.0,0.0,0.25,sparse_and_zeros,blind_joint_search,200,200,1.0,0.9811546736227335,1.0,0.03595149598375264,0.04539271712368089,0.0005411031699361873,0.17738672649004816,200,1.0,0.9811546736227335,1.0,200,1.0,0.9811546736227335,1.0
0.0,2500.0,0.0,0.25,boundary_values,nominal,200,0,0.0,1.734723475976807e-18,0.018845326377266575,0.6424469502988572,1.0394416952928336,-0.17293287726518092,2.8275902547997878,,,,,,,,
0.0,2500.0,0.0,0.25,boundary_values,oracle,200,200,1.0,0.9811546736227335,1.0,0.04070868620740124,0.05119094630524211,-0.001563178717232262,0.19092726375092006,,,,,,,,
0.0,2500.0,0.0,0.25,boundary_values,blind_joint_search,200,200,1.0,0.9811546736227335,1.0,0.04070868620740124,0.05119094630524211,-0.001563178717232262,0.19092726375092006,200,1.0,0.9811546736227335,1.0,200,1.0,0.9811546736227335,1.0
0.0,2500.0,0.0,0.25,randomized_1,nominal,200,0,0.0,1.734723475976807e-18,0.018845326377266575,0.6669310023695754,0.9067977949846311,-0.1985642268197383,2.6895193942124127,,,,,,,,
0.0,2500.0,0.0,0.25,randomized_1,oracle,200,200,1.0,0.9811546736227335,1.0,0.04327915016871851,0.05383171683943862,-0.00550111930555424,0.21607162173183858,,,,,,,,
0.0,2500.0,0.0,0.25,randomized_1,blind_joint_search,200,200,1.0,0.9811546736227335,1.0,0.043279150168718514,0.05383171683943862,-0.00550111930555424,0.21607162173183858,200,1.0,0.9811546736227335,1.0,200,1.0,0.9811546736227335,1.0
0.0,2500.0,0.0,0.25,randomized_2,nominal,200,0,0.0,1.734723475976807e-18,0.018845326377266575,0.6213817391119437,0.852917020751222,0.03885703928334381,2.423814259451865,,,,,,,,
0.0,2500.0,0.0,0.25,randomized_2,oracle,200,200,1.0,0.9811546736227335,1.0,0.042457411450664374,0.05283525500293478,0.002059701643323554,0.18931269283407914,,,,,,,,
0.0,2500.0,0.0,0.25,randomized_2,blind_joint_search,200,200,1.0,0.9811546736227335,1.0,0.04245741145066439,0.05283525500293478,0.002059701643323554,0.18931269283407914,200,1.0,0.9811546736227335,1.0,200,1.0,0.9811546736227335,1.0
0.0,2500.0,0.0,0.25,randomized_3,nominal,200,0,0.0,1.734723475976807e-18,0.018845326377266575,0.4991981603303168,0.6850139138681565,-0.05681177360893914,1.4901558398176746,,,,,,,,
0.0,2500.0,0.0,0.25,randomized_3,oracle,200,200,1.0,0.9811546736227335,1.0,0.039638675347826134,0.049571808615639014,0.000488156139549179,0.18218272153310866,,,,,,,,
0.0,2500.0,0.0,0.25,randomized_3,blind_joint_search,200,200,1.0,0.9811546736227335,1.0,0.03963867534782613,0.049571808615639014,0.00048815613954917875,0.18218272153310866,200,1.0,0.9811546736227335,1.0,200,1.0,0.9811546736227335,1.0
0.0,2500.0,0.0,0.25,POOLED_ALL_VECTORS,nominal,1200,0,0.0,2.168404344971009e-19,0.003191000602734924,0.5221183253451656,0.8117959468535711,-0.09359751680912744,2.8275902547997878,,,,,,,,
0.0,2500.0,0.0,0.25,POOLED_ALL_VECTORS,oracle,1200,1200,1.0,0.9968089993972651,1.0,0.04021790067873619,0.050381280548745716,-0.0009321449656758663,0.21607162173183858,,,,,,,,
0.0,2500.0,0.0,0.25,POOLED_ALL_VECTORS,blind_joint_search,1200,1200,1.0,0.9968089993972651,1.0,0.04021790067873619,0.050381280548745716,-0.0009321449656758663,0.21607162173183858,,,,,,,,
0.0,2500.0,0.0,0.45,mixed_signs,nominal,200,0,0.0,1.734723475976807e-18,0.018845326377266575,0.5573016617797,0.7989681169176054,-0.18719989549102262,2.1258950733344015,,,,,,,,
0.0,2500.0,0.0,0.45,mixed_signs,oracle,200,182,0.91,0.8622342812328346,0.9423125511378069,0.0641568398415801,0.08037635777242148,-0.001109378616874197,0.3150385006431684,,,,,,,,
0.0,2500.0,0.0,0.45,mixed_signs,blind_joint_search,200,182,0.91,0.8622342812328346,0.9423125511378069,0.0641568398415801,0.08037635777242148,-0.001109378616874198,0.3150385006431684,200,1.0,0.9811546736227335,1.0,200,1.0,0.9811546736227335,1.0
0.0,2500.0,0.0,0.45,sparse_and_zeros,nominal,200,0,0.0,1.734723475976807e-18,0.018845326377266575,0.17709138286019802,0.4727963748880885,0.013159978245167006,2.269478364855515,,,,,,,,
0.0,2500.0,0.0,0.45,sparse_and_zeros,oracle,200,185,0.925,0.8799563897637055,0.954025082815618,0.06433025272473726,0.08064252639899121,-0.0015455598618334082,0.31557883327684516,,,,,,,,
0.0,2500.0,0.0,0.45,sparse_and_zeros,blind_joint_search,200,185,0.925,0.8799563897637055,0.954025082815618,0.06433025272473726,0.08064252639899121,-0.0015455598618334082,0.31557883327684516,200,1.0,0.9811546736227335,1.0,200,1.0,0.9811546736227335,1.0
0.0,2500.0,0.0,0.45,boundary_values,nominal,200,0,0.0,1.734723475976807e-18,0.018845326377266575,0.6551080443150101,1.0421522617086656,-0.17293365074620135,2.891168787822858,,,,,,,,
0.0,2500.0,0.0,0.45,boundary_values,oracle,200,187,0.935,0.8919809207009312,0.961623645350847,0.0657403708610118,0.08239280702969869,-0.0023984418154127506,0.29686384108725505,,,,,,,,
0.0,2500.0,0.0,0.45,boundary_values,blind_joint_search,200,187,0.935,0.8919809207009312,0.961623645350847,0.0657403708610118,0.08239280702969869,-0.0023984418154127506,0.29686384108725505,200,1.0,0.9811546736227335,1.0,200,1.0,0.9811546736227335,1.0
0.0,2500.0,0.0,0.45,randomized_1,nominal,200,0,0.0,1.734723475976807e-18,0.018845326377266575,0.6742249032264178,0.9099722232703242,-0.20006586145844588,2.830433086566071,,,,,,,,
0.0,2500.0,0.0,0.45,randomized_1,oracle,200,180,0.9,0.8505941875672826,0.9343295513309041,0.0683723526458841,0.08549082061822384,-0.0055414933137841495,0.30865317424158456,,,,,,,,
0.0,2500.0,0.0,0.45,randomized_1,blind_joint_search,200,180,0.9,0.8505941875672826,0.9343295513309041,0.06837235264588411,0.08549082061822386,-0.0055414933137841495,0.30865317424158456,200,1.0,0.9811546736227335,1.0,200,1.0,0.9811546736227335,1.0
0.0,2500.0,0.0,0.45,randomized_2,nominal,200,0,0.0,1.734723475976807e-18,0.018845326377266575,0.627228473988885,0.8557823364087445,0.04026613563103902,2.5252266358992035,,,,,,,,
0.0,2500.0,0.0,0.45,randomized_2,oracle,200,175,0.875,0.8219857499741765,0.9138802552428735,0.06678727777325288,0.08434779252839218,0.0036697195348520694,0.340642597800495,,,,,,,,
0.0,2500.0,0.0,0.45,randomized_2,blind_joint_search,200,175,0.875,0.8219857499741765,0.9138802552428735,0.06678727777325288,0.08434779252839218,0.0036697195348520694,0.340642597800495,200,1.0,0.9811546736227335,1.0,200,1.0,0.9811546736227335,1.0
0.0,2500.0,0.0,0.45,randomized_3,nominal,200,0,0.0,1.734723475976807e-18,0.018845326377266575,0.5073126819453457,0.6903161620543116,-0.057652962480153065,1.5854494003358206,,,,,,,,
0.0,2500.0,0.0,0.45,randomized_3,oracle,200,186,0.93,0.8859451911438936,0.9578478281716571,0.06647246604028226,0.08329861516524006,-0.0011224925410647977,0.31578415710702173,,,,,,,,
0.0,2500.0,0.0,0.45,randomized_3,blind_joint_search,200,186,0.93,0.8859451911438936,0.9578478281716571,0.06647246604028226,0.08329861516524006,-0.0011224925410647977,0.31578415710702173,200,1.0,0.9811546736227335,1.0,200,1.0,0.9811546736227335,1.0
0.0,2500.0,0.0,0.45,POOLED_ALL_VECTORS,nominal,1200,0,0.0,2.168404344971009e-19,0.003191000602734924,0.5330445246859261,0.8149557307576908,-0.0940710427166028,2.891168787822858,,,,,,,,
0.0,2500.0,0.0,0.45,POOLED_ALL_VECTORS,oracle,1200,1095,0.9125,0.8951676556889152,0.9271997688138283,0.06597659331445807,0.08277886244471093,-0.0013412744356862054,0.340642597800495,,,,,,,,
0.0,2500.0,0.0,0.45,POOLED_ALL_VECTORS,blind_joint_search,1200,1095,0.9125,0.8951676556889152,0.9271997688138283,0.06597659331445807,0.08277886244471093,-0.0013412744356862058,0.340642597800495,,,,,,,,
0.0,2500.0,2.0,0.0,mixed_signs,nominal,1,0,0.0,,,1.2046641770403397,1.4979484093395135,-0.22717525170756334,3.351958689908134,,,,,,,,
0.0,2500.0,2.0,0.0,mixed_signs,oracle,1,1,1.0,,,0.01664728399804042,0.022823495289341817,-7.747881734631017e-05,0.05837700954715386,,,,,,,,
0.0,2500.0,2.0,0.0,mixed_signs,blind_joint_search,1,1,1.0,,,0.01664728399804042,0.022823495289341817,-7.747881734631017e-05,0.05837700954715386,1,1.0,,,1,1.0,,
0.0,2500.0,2.0,0.0,sparse_and_zeros,nominal,1,0,0.0,,,0.23494155906698977,0.7433183838182443,0.0038279274196330385,3.067034088622413,,,,,,,,
0.0,2500.0,2.0,0.0,sparse_and_zeros,oracle,1,1,1.0,,,0.005644948562062964,0.013577277162056417,0.0007362008410223314,0.04970511589115434,,,,,,,,
0.0,2500.0,2.0,0.0,sparse_and_zeros,blind_joint_search,1,1,1.0,,,0.005644948562062964,0.013577277162056417,0.0007362008410223314,0.04970511589115434,1,1.0,,,1,1.0,,
0.0,2500.0,2.0,0.0,boundary_values,nominal,1,0,0.0,,,1.2947662329499399,1.7827325717167133,-0.21384359240026324,3.640977546236178,,,,,,,,
0.0,2500.0,2.0,0.0,boundary_values,oracle,1,1,1.0,,,0.019870729401520217,0.0275434882803592,-0.0009165293377584663,0.06364776421266383,,,,,,,,
0.0,2500.0,2.0,0.0,boundary_values,blind_joint_search,1,1,1.0,,,0.019870729401520217,0.0275434882803592,-0.0009165293377584663,0.06364776421266383,1,1.0,,,1,1.0,,
0.0,2500.0,2.0,0.0,randomized_1,nominal,1,0,0.0,,,1.4457203872453548,1.6349528043025043,-0.3080510363941191,3.4664454180104043,,,,,,,,
0.0,2500.0,2.0,0.0,randomized_1,oracle,1,1,1.0,,,0.02772538152164345,0.03218494966013769,-0.0032692673546940287,0.06141406920523629,,,,,,,,
0.0,2500.0,2.0,0.0,randomized_1,blind_joint_search,1,1,1.0,,,0.02772538152164345,0.03218494966013769,-0.0032692673546940287,0.06141406920523629,1,1.0,,,1,1.0,,
0.0,2500.0,2.0,0.0,randomized_2,nominal,1,0,0.0,,,1.3639062290223685,1.5879172640187915,0.0715249351665361,3.3274723856390382,,,,,,,,
0.0,2500.0,2.0,0.0,randomized_2,oracle,1,1,1.0,,,0.026624208845136207,0.02983554278496091,0.00253559018812789,0.05511374797701363,,,,,,,,
0.0,2500.0,2.0,0.0,randomized_2,blind_joint_search,1,1,1.0,,,0.026624208845136207,0.02983554278496091,0.00253559018812789,0.05511374797701363,1,1.0,,,1,1.0,,
0.0,2500.0,2.0,0.0,randomized_3,nominal,1,0,0.0,,,1.0567697847640238,1.2650004395414538,-0.04478728486599326,2.5090772815753466,,,,,,,,
0.0,2500.0,2.0,0.0,randomized_3,oracle,1,1,1.0,,,0.020258524599492893,0.024161862241249093,-7.686526693246503e-05,0.04934886069471345,,,,,,,,
0.0,2500.0,2.0,0.0,randomized_3,blind_joint_search,1,1,1.0,,,0.020258524599492893,0.024161862241249093,-7.686526693246503e-05,0.04934886069471345,1,1.0,,,1,1.0,,
0.0,2500.0,2.0,0.0,POOLED_ALL_VECTORS,nominal,6,0,0.0,,,1.1001280616815028,1.4588400129743637,-0.11975071713029496,3.640977546236178,,,,,,,,
0.0,2500.0,2.0,0.0,POOLED_ALL_VECTORS,oracle,6,6,1.0,,,0.019461846154649357,0.025734944867087245,-0.00017805829126350806,0.06364776421266383,,,,,,,,
0.0,2500.0,2.0,0.0,POOLED_ALL_VECTORS,blind_joint_search,6,6,1.0,,,0.019461846154649357,0.025734944867087245,-0.00017805829126350806,0.06364776421266383,,,,,,,,
0.0,2500.0,2.0,0.25,mixed_signs,nominal,200,0,0.0,1.734723475976807e-18,0.018845326377266575,1.2044300419895873,1.498430812512917,-0.22726542976443379,3.468106184548981,,,,,,,,
0.0,2500.0,2.0,0.25,mixed_signs,oracle,200,200,1.0,0.9811546736227335,1.0,0.039054170896408794,0.04914912894769178,-9.921259419565454e-05,0.17404786682177642,,,,,,,,
0.0,2500.0,2.0,0.25,mixed_signs,blind_joint_search,200,200,1.0,0.9811546736227335,1.0,0.039054170896408794,0.04914912894769178,-9.921259419565444e-05,0.17404786682177642,200,1.0,0.9811546736227335,1.0,200,1.0,0.9811546736227335,1.0
0.0,2500.0,2.0,0.25,sparse_and_zeros,nominal,200,0,0.0,1.734723475976807e-18,0.018845326377266575,0.2622049694144165,0.7450832703342045,0.004791784146830799,3.195494865789404,,,,,,,,
0.0,2500.0,2.0,0.25,sparse_and_zeros,oracle,200,200,1.0,0.9811546736227335,1.0,0.03641217862241804,0.04637014272474076,0.0006368174641135793,0.18409766059208854,,,,,,,,
0.0,2500.0,2.0,0.25,sparse_and_zeros,blind_joint_search,200,200,1.0,0.9811546736227335,1.0,0.03641217862241804,0.04637014272474076,0.0006368174641135793,0.18409766059208854,200,1.0,0.9811546736227335,1.0,200,1.0,0.9811546736227335,1.0
0.0,2500.0,2.0,0.25,boundary_values,nominal,200,0,0.0,1.734723475976807e-18,0.018845326377266575,1.3020249587681745,1.783994730542168,-0.2143093698652954,3.796485429439786,,,,,,,,
0.0,2500.0,2.0,0.25,boundary_values,oracle,200,200,1.0,0.9811546736227335,1.0,0.04090224785667308,0.05098254302740329,0.0002449610894744364,0.1765996114049746,,,,,,,,
0.0,2500.0,2.0,0.25,boundary_values,blind_joint_search,200,200,1.0,0.9811546736227335,1.0,0.04090224785667309,0.05098254302740329,0.0002449610894744369,0.1765996114049746,200,1.0,0.9811546736227335,1.0,200,1.0,0.9811546736227335,1.0
0.0,2500.0,2.0,0.25,randomized_1,nominal,200,0,0.0,1.734723475976807e-18,0.018845326377266575,1.4455587645074695,1.6354912166558082,-0.30797797023824985,3.6014600205707605,,,,,,,,
0.0,2500.0,2.0,0.25,randomized_1,oracle,200,200,1.0,0.9811546736227335,1.0,0.04314009341765491,0.05403246501309943,-0.0027578783453919412,0.2037004309430226,,,,,,,,
0.0,2500.0,2.0,0.25,randomized_1,blind_joint_search,200,200,1.0,0.9811546736227335,1.0,0.04314009341765491,0.054032465013099426,-0.0027578783453919412,0.2037004309430226,200,1.0,0.9811546736227335,1.0,200,1.0,0.9811546736227335,1.0
0.0,2500.0,2.0,0.25,randomized_2,nominal,200,0,0.0,1.734723475976807e-18,0.018845326377266575,1.363674049871978,1.5883663856121246,0.07159957606832325,3.424149639766219,,,,,,,,
0.0,2500.0,2.0,0.25,randomized_2,oracle,200,200,1.0,0.9811546736227335,1.0,0.04258032430127275,0.05289797368110493,0.002853095022248644,0.2360219244725832,,,,,,,,
0.0,2500.0,2.0,0.25,randomized_2,blind_joint_search,200,200,1.0,0.9811546736227335,1.0,0.04258032430127275,0.05289797368110493,0.002853095022248645,0.2360219244725832,200,1.0,0.9811546736227335,1.0,200,1.0,0.9811546736227335,1.0
0.0,2500.0,2.0,0.25,randomized_3,nominal,200,0,0.0,1.734723475976807e-18,0.018845326377266575,1.0583637094420981,1.2667087619614237,-0.04535575284268274,2.6104997615006993,,,,,,,,
0.0,2500.0,2.0,0.25,randomized_3,oracle,200,200,1.0,0.9811546736227335,1.0,0.03917412429003633,0.04899761185356403,-0.00029828620519738115,0.17231644175101868,,,,,,,,
0.0,2500.0,2.0,0.25,randomized_3,blind_joint_search,200,200,1.0,0.9811546736227335,1.0,0.03917412429003633,0.04899761185356403,-0.00029828620519738115,0.17231644175101868,200,1.0,0.9811546736227335,1.0,200,1.0,0.9811546736227335,1.0
0.0,2500.0,2.0,0.25,POOLED_ALL_VECTORS,nominal,1200,0,0.0,2.168404344971009e-19,0.003191000602734924,1.106042748998954,1.4597586307647417,-0.11975286041591796,3.796485429439786,,,,,,,,
0.0,2500.0,2.0,0.25,POOLED_ALL_VECTORS,oracle,1200,1200,1.0,0.9968089993972651,1.0,0.04021052323074399,0.050470313994931536,9.658273850861413e-05,0.2360219244725832,,,,,,,,
0.0,2500.0,2.0,0.25,POOLED_ALL_VECTORS,blind_joint_search,1200,1200,1.0,0.9968089993972651,1.0,0.04021052323074399,0.050470313994931536,9.658273850861374e-05,0.2360219244725832,,,,,,,,
0.0,2500.0,2.0,0.45,mixed_signs,nominal,200,0,0.0,1.734723475976807e-18,0.018845326377266575,1.2056104504506513,1.4994746087721507,-0.22692517415036073,3.603349729542515,,,,,,,,
0.0,2500.0,2.0,0.45,mixed_signs,oracle,200,188,0.94,0.8980683070423372,0.9653478057456681,0.06472381518422968,0.08103745997507567,-0.001062893518697185,0.2938369129864069,,,,,,,,
0.0,2500.0,2.0,0.45,mixed_signs,blind_joint_search,200,188,0.94,0.8980683070423372,0.9653478057456681,0.06472381518422968,0.08103745997507567,-0.0010628935186971855,0.2938369129864069,200,1.0,0.9811546736227335,1.0,200,1.0,0.9811546736227335,1.0
0.0,2500.0,2.0,0.45,sparse_and_zeros,nominal,200,0,0.0,1.734723475976807e-18,0.018845326377266575,0.2826156445241613,0.7462389792766773,0.0020801114631438283,3.3306895491910775,,,,,,,,
0.0,2500.0,2.0,0.45,sparse_and_zeros,oracle,200,187,0.935,0.8919809207009312,0.961623645350847,0.06269490043135312,0.07908297681129911,0.0021746989651711107,0.30306344643352384,,,,,,,,
0.0,2500.0,2.0,0.45,sparse_and_zeros,blind_joint_search,200,187,0.935,0.8919809207009312,0.961623645350847,0.06269490043135313,0.0790829768112991,0.0021746989651711102,0.30306344643352384,200,1.0,0.9811546736227335,1.0,200,1.0,0.9811546736227335,1.0
0.0,2500.0,2.0,0.45,boundary_values,nominal,200,0,0.0,1.734723475976807e-18,0.018845326377266575,1.3078967239415358,1.784563483972581,-0.21094592666559278,3.859458714495808,,,,,,,,
0.0,2500.0,2.0,0.45,boundary_values,oracle,200,181,0.905,0.8563983883518006,0.9383368972826135,0.06687352951086556,0.08386108900225464,-0.0019359561659570812,0.3165330715901824,,,,,,,,
0.0,2500.0,2.0,0.45,boundary_values,blind_joint_search,200,181,0.905,0.8563983883518006,0.9383368972826135,0.06687352951086556,0.08386108900225464,-0.0019359561659570812,0.3165330715901824,200,1.0,0.9811546736227335,1.0,200,1.0,0.9811546736227335,1.0
0.0,2500.0,2.0,0.45,randomized_1,nominal,200,0,0.0,1.734723475976807e-18,0.018845326377266575,1.446613474626007,1.6372236581021855,-0.30676615772283033,3.661694592568628,,,,,,,,
0.0,2500.0,2.0,0.45,randomized_1,oracle,200,175,0.875,0.8219857499741765,0.9138802552428735,0.06881995329957612,0.08593320249648367,-0.003896280388970854,0.3216907573623393,,,,,,,,
0.0,2500.0,2.0,0.45,randomized_1,blind_joint_search,200,175,0.875,0.8219857499741765,0.9138802552428735,0.06881995329957613,0.08593320249648367,-0.0038962803889708536,0.3216907573623393,200,1.0,0.9811546736227335,1.0,200,1.0,0.9811546736227335,1.0
0.0,2500.0,2.0,0.45,randomized_2,nominal,200,0,0.0,1.734723475976807e-18,0.018845326377266575,1.3650483068713613,1.5912311721262655,0.07249706790193645,3.5629331236828694,,,,,,,,
0.0,2500.0,2.0,0.45,randomized_2,oracle,200,182,0.91,0.8622342812328346,0.9423125511378069,0.06750750715820479,0.08440377427077989,0.002308057801003654,0.3073790608247976,,,,,,,,
0.0,2500.0,2.0,0.45,randomized_2,blind_joint_search,200,182,0.91,0.8622342812328346,0.9423125511378069,0.06750750715820479,0.0844037742707799,0.0023080578010036537,0.3073790608247976,200,1.0,0.9811546736227335,1.0,200,1.0,0.9811546736227335,1.0
0.0,2500.0,2.0,0.45,randomized_3,nominal,200,0,0.0,1.734723475976807e-18,0.018845326377266575,1.056559688205571,1.2653485288768322,-0.04491400321796643,2.685511961730863,,,,,,,,
0.0,2500.0,2.0,0.45,randomized_3,oracle,200,189,0.945,0.9042130012276914,0.9690146582965411,0.06545373664717745,0.08197215926055414,-0.0002783139128030843,0.2953746640975783,,,,,,,,
0.0,2500.0,2.0,0.45,randomized_3,blind_joint_search,200,189,0.945,0.9042130012276914,0.9690146582965411,0.06545373664717745,0.08197215926055414,-0.0002783139128030843,0.2953746640975783,200,1.0,0.9811546736227335,1.0,200,1.0,0.9811546736227335,1.0
0.0,2500.0,2.0,0.45,POOLED_ALL_VECTORS,nominal,1200,0,0.0,2.168404344971009e-19,0.003191000602734924,1.1107240481032143,1.460798206130199,-0.11916234706527834,3.859458714495808,,,,,,,,
0.0,2500.0,2.0,0.45,POOLED_ALL_VECTORS,oracle,1200,1102,0.9183333333333333,0.9014710960202122,0.9325257668088328,0.06601224037190112,0.08274641652410557,-0.0004484478700422399,0.3216907573623393,,,,,,,,
0.0,2500.0,2.0,0.45,POOLED_ALL_VECTORS,blind_joint_search,1200,1102,0.9183333333333333,0.9014710960202122,0.9325257668088328,0.06601224037190112,0.08274641652410557,-0.00044844787004224017,0.3216907573623393,,,,,,,,
0.005,-2500.0,-2.0,0.0,mixed_signs,nominal,1,0,0.0,,,0.7681441272641432,0.9377773910868649,-0.12427649110656526,2.0193749805165666,,,,,,,,
0.005,-2500.0,-2.0,0.0,mixed_signs,oracle,1,1,1.0,,,0.017274670661353644,0.02629916775232003,0.0007609505286118074,0.0847722241778801,,,,,,,,
0.005,-2500.0,-2.0,0.0,mixed_signs,blind_joint_search,1,1,1.0,,,0.02901889983767106,0.04630485984192418,-0.0015337308818835754,0.1592449959744342,1,1.0,,,0,0.0,,
0.005,-2500.0,-2.0,0.0,sparse_and_zeros,nominal,1,0,0.0,,,0.15910328422421205,0.48256346392189653,0.010107306786999885,1.8906395711525206,,,,,,,,
0.005,-2500.0,-2.0,0.0,sparse_and_zeros,oracle,1,1,1.0,,,0.005995336662180398,0.015197680916791583,-0.0010687900190473232,0.06371640361464581,,,,,,,,
0.005,-2500.0,-2.0,0.0,sparse_and_zeros,blind_joint_search,1,1,1.0,,,0.005995336662180398,0.015197680916791583,-0.0010687900190473232,0.06371640361464581,1,1.0,,,1,1.0,,
0.005,-2500.0,-2.0,0.0,boundary_values,nominal,1,0,0.0,,,0.8319155001763854,1.1325836322331186,-0.11549915240846209,2.36174136292399,,,,,,,,
0.005,-2500.0,-2.0,0.0,boundary_values,oracle,1,1,1.0,,,0.023743328331322713,0.03405461919265582,5.4786929043419696e-05,0.10016943375948517,,,,,,,,
0.005,-2500.0,-2.0,0.0,boundary_values,blind_joint_search,1,1,1.0,,,0.023743328331322713,0.03405461919265582,5.4786929043419696e-05,0.10016943375948517,1,1.0,,,1,1.0,,
0.005,-2500.0,-2.0,0.0,randomized_1,nominal,1,0,0.0,,,0.9465848109623014,1.0611662756928317,-0.18953350772470612,2.2547822872913885,,,,,,,,
0.005,-2500.0,-2.0,0.0,randomized_1,oracle,1,1,1.0,,,0.030539320014863296,0.03880385664485936,-0.009304686683053938,0.10469895776318872,,,,,,,,
0.005,-2500.0,-2.0,0.0,randomized_1,blind_joint_search,1,1,1.0,,,0.030539320014863296,0.03880385664485936,-0.009304686683053938,0.10469895776318872,1,1.0,,,1,1.0,,
0.005,-2500.0,-2.0,0.0,randomized_2,nominal,1,0,0.0,,,0.901745061286918,1.0218592356747507,0.06142125854428307,2.1535644235889895,,,,,,,,
0.005,-2500.0,-2.0,0.0,randomized_2,oracle,1,1,1.0,,,0.03208442912457641,0.03807127341997635,-0.000711918643045332,0.08697987764569381,,,,,,,,
0.005,-2500.0,-2.0,0.0,randomized_2,blind_joint_search,1,1,1.0,,,0.03208442912457641,0.03807127341997635,-0.000711918643045332,0.08697987764569381,1,1.0,,,1,1.0,,
0.005,-2500.0,-2.0,0.0,randomized_3,nominal,1,0,0.0,,,0.698210583792499,0.8234034824146155,-0.012838434800337889,1.580566602516512,,,,,,,,
0.005,-2500.0,-2.0,0.0,randomized_3,oracle,1,1,1.0,,,0.027143833245995487,0.0354665554815969,-0.000614077055952266,0.08724770768095791,,,,,,,,
0.005,-2500.0,-2.0,0.0,randomized_3,blind_joint_search,1,1,1.0,,,0.027143833245995487,0.0354665554815969,-0.000614077055952266,0.08724770768095791,1,1.0,,,1,1.0,,
0.005,-2500.0,-2.0,0.0,POOLED_ALL_VECTORS,nominal,6,0,0.0,,,0.7176172279510764,0.9348175466369938,-0.06176983678479806,2.36174136292399,,,,,,,,
0.005,-2500.0,-2.0,0.0,POOLED_ALL_VECTORS,oracle,6,6,1.0,,,0.022796819673381995,0.03239179558193882,-0.0018139558239072722,0.10469895776318872,,,,,,,,
0.005,-2500.0,-2.0,0.0,POOLED_ALL_VECTORS,blind_joint_search,6,6,1.0,,,0.024754191202768228,0.035934812152582256,-0.0021964027256565024,0.1592449959744342,,,,,,,,
0.005,-2500.0,-2.0,0.25,mixed_signs,nominal,200,0,0.0,1.734723475976807e-18,0.018845326377266575,0.769150653126442,0.9398061198147754,-0.12383608989776448,2.146811253696165,,,,,,,,
0.005,-2500.0,-2.0,0.25,mixed_signs,oracle,200,200,1.0,0.9811546736227335,1.0,0.040357328148981804,0.0513806639976647,0.0005736203585193672,0.20442915493646852,,,,,,,,
0.005,-2500.0,-2.0,0.25,mixed_signs,blind_joint_search,200,195,0.975,0.942821659593358,0.9892752803482386,0.04816641761474393,0.06335450219121977,-0.001423157244000528,0.35919324520687335,200,1.0,0.9811546736227335,1.0,23,0.115,0.07786373232561955,0.16664716898487572
0.005,-2500.0,-2.0,0.25,sparse_and_zeros,nominal,200,0,0.0,1.734723475976807e-18,0.018845326377266575,0.18624501889592066,0.4843556735017153,0.010510790292244861,2.019316448520731,,,,,,,,
0.005,-2500.0,-2.0,0.25,sparse_and_zeros,oracle,200,200,1.0,0.9811546736227335,1.0,0.03600810064067413,0.04539016548944814,-0.0007496665358997457,0.18803149143751918,,,,,,,,
0.005,-2500.0,-2.0,0.25,sparse_and_zeros,blind_joint_search,200,200,1.0,0.9811546736227335,1.0,0.03600810064067414,0.04539016548944814,-0.0007496665358997458,0.18803149143751918,200,1.0,0.9811546736227335,1.0,200,1.0,0.9811546736227335,1.0
0.005,-2500.0,-2.0,0.25,boundary_values,nominal,200,0,0.0,1.734723475976807e-18,0.018845326377266575,0.8394416713838178,1.134089546982022,-0.11595554238812404,2.4805453016115715,,,,,,,,
0.005,-2500.0,-2.0,0.25,boundary_values,oracle,200,200,1.0,0.9811546736227335,1.0,0.043296585664042334,0.05452432920865006,-0.00039497683382746395,0.24773523713818757,,,,,,,,
0.005,-2500.0,-2.0,0.25,boundary_values,blind_joint_search,200,200,1.0,0.9811546736227335,1.0,0.04329658566404234,0.05452432920865006,-0.0003949768338274637,0.24773523713818757,200,1.0,0.9811546736227335,1.0,200,1.0,0.9811546736227335,1.0
0.005,-2500.0,-2.0,0.25,randomized_1,nominal,200,0,0.0,1.734723475976807e-18,0.018845326377266575,0.9470212256685336,1.0620177738832624,-0.19024827369230693,2.3947848280466633,,,,,,,,
0.005,-2500.0,-2.0,0.25,randomized_1,oracle,200,199,0.995,0.9722262956021069,0.9991168312843989,0.04573154992218301,0.05758337510868337,-0.009971199539637514,0.26286329352769666,,,,,,,,
0.005,-2500.0,-2.0,0.25,randomized_1,blind_joint_search,200,199,0.995,0.9722262956021069,0.9991168312843989,0.04573154992218301,0.05758337510868337,-0.009971199539637515,0.26286329352769666,200,1.0,0.9811546736227335,1.0,200,1.0,0.9811546736227335,1.0
0.005,-2500.0,-2.0,0.25,randomized_2,nominal,200,0,0.0,1.734723475976807e-18,0.018845326377266575,0.9033172207349865,1.0230545706460996,0.06160121280841878,2.2799876139944395,,,,,,,,
0.005,-2500.0,-2.0,0.25,randomized_2,oracle,200,200,1.0,0.9811546736227335,1.0,0.04603565229322946,0.05744906870171921,-0.00044407471337198077,0.19282128292019252,,,,,,,,
0.005,-2500.0,-2.0,0.25,randomized_2,blind_joint_search,200,200,1.0,0.9811546736227335,1.0,0.04603565229322946,0.05744906870171921,-0.0004440747133719815,0.19282128292019252,200,1.0,0.9811546736227335,1.0,200,1.0,0.9811546736227335,1.0
0.005,-2500.0,-2.0,0.25,randomized_3,nominal,200,0,0.0,1.734723475976807e-18,0.018845326377266575,0.6985747521563728,0.824380620931893,-0.013013062600382637,1.711969028845865,,,,,,,,
0.005,-2500.0,-2.0,0.25,randomized_3,oracle,200,200,1.0,0.9811546736227335,1.0,0.04476271184366056,0.05591526380529897,-0.0005382076833383614,0.21142365559710985,,,,,,,,
0.005,-2500.0,-2.0,0.25,randomized_3,blind_joint_search,200,200,1.0,0.9811546736227335,1.0,0.04476271184366056,0.05591526380529897,-0.0005382076833383613,0.21142365559710985,200,1.0,0.9811546736227335,1.0,200,1.0,0.9811546736227335,1.0
0.005,-2500.0,-2.0,0.25,POOLED_ALL_VECTORS,nominal,1200,0,0.0,2.168404344971009e-19,0.003191000602734924,0.7239584236610122,0.9361375323281279,-0.06182349424631906,2.4805453016115715,,,,,,,,
0.005,-2500.0,-2.0,0.25,POOLED_ALL_VECTORS,oracle,1200,1199,0.9991666666666666,0.9952947700098665,0.9998528810550694,0.042698654752128556,0.05387624637641345,-0.0019207508245926168,0.26286329352769666,,,,,,,,
0.005,-2500.0,-2.0,0.25,POOLED_ALL_VECTORS,blind_joint_search,1200,1194,0.995,0.9891344085810173,0.9977065008222751,0.04400016966308891,0.055960878979170764,-0.002253547091679266,0.35919324520687335,,,,,,,,
0.005,-2500.0,-2.0,0.45,mixed_signs,nominal,200,0,0.0,1.734723475976807e-18,0.018845326377266575,0.7693572365002891,0.940580957071088,-0.1257713269183305,2.2305597576367076,,,,,,,,
0.005,-2500.0,-2.0,0.45,mixed_signs,oracle,200,188,0.94,0.8980683070423372,0.9653478057456681,0.06535432928402062,0.08213540761782559,0.0008093956163544808,0.287841598139274,,,,,,,,
0.005,-2500.0,-2.0,0.45,mixed_signs,blind_joint_search,200,163,0.815,0.7554293723884824,0.8626980719938395,0.07035171119688069,0.08882194436461575,-0.0008170519117575516,0.3857864223750136,200,1.0,0.9811546736227335,1.0,55,0.275,0.21779700329307355,0.34068339357669647
0.005,-2500.0,-2.0,0.45,sparse_and_zeros,nominal,200,0,0.0,1.734723475976807e-18,0.018845326377266575,0.20936920973691414,0.49053199909324974,0.009931213101597617,2.112881677206337,,,,,,,,
0.005,-2500.0,-2.0,0.45,sparse_and_zeros,oracle,200,191,0.955,0.9167032959981803,0.976147456998507,0.06328169966459289,0.07915927742318583,-0.0018503856782065605,0.31003865902101446,,,,,,,,
0.005,-2500.0,-2.0,0.45,sparse_and_zeros,blind_joint_search,200,191,0.955,0.9167032959981803,0.976147456998507,0.06328169966459289,0.07915927742318583,-0.00185038567820656,0.31003865902101446,200,1.0,0.9811546736227335,1.0,200,1.0,0.9811546736227335,1.0
0.005,-2500.0,-2.0,0.45,boundary_values,nominal,200,0,0.0,1.734723475976807e-18,0.018845326377266575,0.8448810722973468,1.1338294077959399,-0.11536298102739494,2.5631178176051477,,,,,,,,
0.005,-2500.0,-2.0,0.45,boundary_values,oracle,200,185,0.925,0.8799563897637055,0.954025082815618,0.06703143635046033,0.08402923530449696,0.0010154004699630822,0.3077559683637978,,,,,,,,
0.005,-2500.0,-2.0,0.45,boundary_values,blind_joint_search,200,185,0.925,0.8799563897637055,0.954025082815618,0.06703143635046033,0.08402923530449696,0.0010154004699630826,0.3077559683637978,200,1.0,0.9811546736227335,1.0,200,1.0,0.9811546736227335,1.0
0.005,-2500.0,-2.0,0.45,randomized_1,nominal,200,0,0.0,1.734723475976807e-18,0.018845326377266575,0.94799370716392,1.0645964641889005,-0.18908726761499497,2.4621934418580738,,,,,,,,
0.005,-2500.0,-2.0,0.45,randomized_1,oracle,200,177,0.885,0.8333528310151243,0.9221362676743804,0.0689148937953799,0.0862281530664182,-0.008782919193350442,0.33183049642946894,,,,,,,,
0.005,-2500.0,-2.0,0.45,randomized_1,blind_joint_search,200,177,0.885,0.8333528310151243,0.9221362676743804,0.0689148937953799,0.08622815306641819,-0.008782919193350442,0.33183049642946894,200,1.0,0.9811546736227335,1.0,200,1.0,0.9811546736227335,1.0
0.005,-2500.0,-2.0,0.45,randomized_2,nominal,200,0,0.0,1.734723475976807e-18,0.018845326377266575,0.9034545425548532,1.0240676533409252,0.062112598682541126,2.3569531980707343,,,,,,,,
0.005,-2500.0,-2.0,0.45,randomized_2,oracle,200,173,0.865,0.8107086162924745,0.9055342954521209,0.0693155150792159,0.08691711461771748,-0.001330953708419172,0.31822601022463876,,,,,,,,
0.005,-2500.0,-2.0,0.45,randomized_2,blind_joint_search,200,173,0.865,0.8107086162924745,0.9055342954521209,0.0693155150792159,0.08691711461771748,-0.001330953708419172,0.31822601022463876,200,1.0,0.9811546736227335,1.0,200,1.0,0.9811546736227335,1.0
0.005,-2500.0,-2.0,0.45,randomized_3,nominal,200,0,0.0,1.734723475976807e-18,0.018845326377266575,0.6985714810920913,0.8264993131325943,-0.01311977232051166,1.8073651587899255,,,,,,,,
0.005,-2500.0,-2.0,0.45,randomized_3,oracle,200,182,0.91,0.8622342812328346,0.9423125511378069,0.06830528344326758,0.08535295182040693,-0.0009343985513454137,0.3077991961937616,,,,,,,,
0.005,-2500.0,-2.0,0.45,randomized_3,blind_joint_search,200,182,0.91,0.8622342812328346,0.9423125511378069,0.06830528344326758,0.08535295182040693,-0.0009343985513454136,0.3077991961937616,200,1.0,0.9811546736227335,1.0,200,1.0,0.9811546736227335,1.0
0.005,-2500.0,-2.0,0.45,POOLED_ALL_VECTORS,nominal,1200,0,0.0,2.168404344971009e-19,0.003191000602734924,0.7289378748909023,0.9377334917869277,-0.0618829226828489,2.5631178176051477,,,,,,,,
0.005,-2500.0,-2.0,0.45,POOLED_ALL_VECTORS,oracle,1200,1096,0.9133333333333333,0.8960668146132054,0.927961958221867,0.06703385960282288,0.08401223556893124,-0.0018456435075006705,0.33183049642946894,,,,,,,,
0.005,-2500.0,-2.0,0.45,POOLED_ALL_VECTORS,blind_joint_search,1200,1071,0.8925,0.8737054332011761,0.9087896313256768,0.06786675658829955,0.08513856056247575,-0.0021167180955193425,0.3857864223750136,,,,,,,,
0.005,-2500.0,0.0,0.0,mixed_signs,nominal,1,0,0.0,,,0.16970102192807004,0.26515207960777964,-0.06253213441002195,0.7669910771383963,,,,,,,,
0.005,-2500.0,0.0,0.0,mixed_signs,oracle,1,1,1.0,,,0.016355339136931855,0.02542084316884002,-0.00022782811739445637,0.08498139485980816,,,,,,,,
0.005,-2500.0,0.0,0.0,mixed_signs,blind_joint_search,1,1,1.0,,,0.028090560701908098,0.04604857991498982,-0.0025114333308234047,0.15947936890914116,1,1.0,,,0,0.0,,
0.005,-2500.0,0.0,0.0,sparse_and_zeros,nominal,1,0,0.0,,,0.051283073266584024,0.17669844468301923,0.00873241494480676,0.7755631937560858,,,,,,,,
0.005,-2500.0,0.0,0.0,sparse_and_zeros,oracle,1,1,1.0,,,0.005046713096892746,0.013492238384615518,-0.0020792002438265204,0.06419877481366121,,,,,,,,
0.005,-2500.0,0.0,0.0,sparse_and_zeros,blind_joint_search,1,1,1.0,,,0.005046713096892746,0.013492238384615518,-0.0020792002438265204,0.06419877481366121,1,1.0,,,1,1.0,,
0.005,-2500.0,0.0,0.0,boundary_values,nominal,1,0,0.0,,,0.22783038577417553,0.38051107782734833,-0.05969223306016838,1.1637063119429172,,,,,,,,
0.005,-2500.0,0.0,0.0,boundary_values,oracle,1,1,1.0,,,0.022893368586378353,0.03345694127369243,-0.0009257318545231518,0.10073865702117435,,,,,,,,
0.005,-2500.0,0.0,0.0,boundary_values,blind_joint_search,1,1,1.0,,,0.022893368586378353,0.03345694127369243,-0.0009257318545231518,0.10073865702117435,1,1.0,,,1,1.0,,
0.005,-2500.0,0.0,0.0,randomized_1,nominal,1,0,0.0,,,0.24847716066315012,0.34813485397952865,-0.07088139981535185,1.0748707574196685,,,,,,,,
0.005,-2500.0,0.0,0.0,randomized_1,oracle,1,1,1.0,,,0.029857706245640964,0.03843137300446822,-0.010131525355546378,0.10477282019659118,,,,,,,,
0.005,-2500.0,0.0,0.0,randomized_1,blind_joint_search,1,1,1.0,,,0.029857706245640964,0.03843137300446822,-0.010131525355546378,0.10477282019659118,1,1.0,,,1,1.0,,
0.005,-2500.0,0.0,0.0,randomized_2,nominal,1,0,0.0,,,0.23825508626483888,0.3277032084919241,0.010605204967866468,0.9694981335908709,,,,,,,,
0.005,-2500.0,0.0,0.0,randomized_2,oracle,1,1,1.0,,,0.03168794073874548,0.038026565299926256,-0.0013462288652601627,0.08760564103626511,,,,,,,,
0.005,-2500.0,0.0,0.0,randomized_2,blind_joint_search,1,1,1.0,,,0.03168794073874548,0.038026565299926256,-0.0013462288652601627,0.08760564103626511,1,1.0,,,1,1.0,,
0.005,-2500.0,0.0,0.0,randomized_3,nominal,1,0,0.0,,,0.1989603699430449,0.2732326682280421,-0.014335108551611894,0.568370155518428,,,,,,,,
0.005,-2500.0,0.0,0.0,randomized_3,oracle,1,1,1.0,,,0.027150316767461682,0.035610267214795585,-0.0004928442269195965,0.08714323105646926,,,,,,,,
0.005,-2500.0,0.0,0.0,randomized_3,blind_joint_search,1,1,1.0,,,0.027150316767461682,0.035610267214795585,-0.0004928442269195965,0.08714323105646926,1,1.0,,,1,1.0,,
0.005,-2500.0,0.0,0.0,POOLED_ALL_VECTORS,nominal,6,0,0.0,,,0.1890845163066439,0.3026439069328075,-0.03135054265408015,1.1637063119429172,,,,,,,,
0.005,-2500.0,0.0,0.0,POOLED_ALL_VECTORS,oracle,6,6,1.0,,,0.02216523076200851,0.03198621555727984,-0.0025338931105783774,0.10477282019659118,,,,,,,,
0.005,-2500.0,0.0,0.0,POOLED_ALL_VECTORS,blind_joint_search,6,6,1.0,,,0.024121101022837887,0.0356205941341828,-0.002914493979483202,0.15947936890914116,,,,,,,,
0.005,-2500.0,0.0,0.25,mixed_signs,nominal,200,0,0.0,1.734723475976807e-18,0.018845326377266575,0.18082035629987675,0.2686208848202699,-0.06286652583645597,0.8912047346001042,,,,,,,,
0.005,-2500.0,0.0,0.25,mixed_signs,oracle,200,200,1.0,0.9811546736227335,1.0,0.03983567733560936,0.05011640235511751,-0.0007438413771253716,0.238225296920058,,,,,,,,
0.005,-2500.0,0.0,0.25,mixed_signs,blind_joint_search,200,195,0.975,0.942821659593358,0.9892752803482386,0.04800449869169702,0.0630547265160785,-0.002852689674001081,0.2863602843568156,200,1.0,0.9811546736227335,1.0,14,0.07,0.042152171828342806,0.11405480885610647
0.005,-2500.0,0.0,0.25,sparse_and_zeros,nominal,200,0,0.0,1.734723475976807e-18,0.018845326377266575,0.0806568930198162,0.18211327522370424,0.009040536015209894,0.9001959102376889,,,,,,,,
0.005,-2500.0,0.0,0.25,sparse_and_zeros,oracle,200,200,1.0,0.9811546736227335,1.0,0.036136991479327,0.045605781487065546,-0.0018468152577584113,0.17459840876887517,,,,,,,,
0.005,-2500.0,0.0,0.25,sparse_and_zeros,blind_joint_search,200,200,1.0,0.9811546736227335,1.0,0.036136991479327,0.045605781487065546,-0.0018468152577584118,0.17459840876887517,200,1.0,0.9811546736227335,1.0,200,1.0,0.9811546736227335,1.0
0.005,-2500.0,0.0,0.25,boundary_values,nominal,200,0,0.0,1.734723475976807e-18,0.018845326377266575,0.2407731337686843,0.38293441414233675,-0.05925384673732892,1.2707365447437455,,,,,,,,
0.005,-2500.0,0.0,0.25,boundary_values,oracle,200,200,1.0,0.9811546736227335,1.0,0.04364995096637864,0.05545082769433066,-0.00044448495766187144,0.22432188338853676,,,,,,,,
0.005,-2500.0,0.0,0.25,boundary_values,blind_joint_search,200,200,1.0,0.9811546736227335,1.0,0.04364995096637864,0.05545082769433066,-0.00044448495766187253,0.22432188338853676,200,1.0,0.9811546736227335,1.0,200,1.0,0.9811546736227335,1.0
0.005,-2500.0,0.0,0.25,randomized_1,nominal,200,0,0.0,1.734723475976807e-18,0.018845326377266575,0.2532189161937751,0.35119593788744985,-0.07133690949900938,1.185626871090498,,,,,,,,
0.005,-2500.0,0.0,0.25,randomized_1,oracle,200,200,1.0,0.9811546736227335,1.0,0.04637457922149481,0.05835443034764238,-0.010722755960830534,0.24121055990616713,,,,,,,,
0.005,-2500.0,0.0,0.25,randomized_1,blind_joint_search,200,200,1.0,0.9811546736227335,1.0,0.0463745792214948,0.05835443034764237,-0.010722755960830534,0.24121055990616713,200,1.0,0.9811546736227335,1.0,200,1.0,0.9811546736227335,1.0
0.005,-2500.0,0.0,0.25,randomized_2,nominal,200,0,0.0,1.734723475976807e-18,0.018845326377266575,0.2432882114100345,0.33099457243262403,0.011203450520123823,1.0997490808283508,,,,,,,,
0.005,-2500.0,0.0,0.25,randomized_2,oracle,200,200,1.0,0.9811546736227335,1.0,0.04623514124198138,0.05754885424904134,-0.0009099807524396954,0.20147798511837323,,,,,,,,
0.005,-2500.0,0.0,0.25,randomized_2,blind_joint_search,200,200,1.0,0.9811546736227335,1.0,0.04623514124198137,0.05754885424904134,-0.000909980752439695,0.20147798511837323,200,1.0,0.9811546736227335,1.0,200,1.0,0.9811546736227335,1.0
0.005,-2500.0,0.0,0.25,randomized_3,nominal,200,0,0.0,1.734723475976807e-18,0.018845326377266575,0.20726301287084317,0.2767060472389517,-0.01368770689322618,0.6832429921705727,,,,,,,,
0.005,-2500.0,0.0,0.25,randomized_3,oracle,200,200,1.0,0.9811546736227335,1.0,0.044626711958230036,0.05597754416691055,-0.00017476451288032436,0.22918204016742139,,,,,,,,
0.005,-2500.0,0.0,0.25,randomized_3,blind_joint_search,200,200,1.0,0.9811546736227335,1.0,0.044626711958230036,0.05597754416691055,-0.00017476451288032412,0.22918204016742139,200,1.0,0.9811546736227335,1.0,200,1.0,0.9811546736227335,1.0
0.005,-2500.0,0.0,0.25,POOLED_ALL_VECTORS,nominal,1200,0,0.0,2.168404344971009e-19,0.003191000602734924,0.20100342059383836,0.30589306973079394,-0.03115016707178113,1.2707365447437455,,,,,,,,
0.005,-2500.0,0.0,0.25,POOLED_ALL_VECTORS,oracle,1200,1200,1.0,0.9968089993972651,1.0,0.04280984203383687,0.054032291270415346,-0.002473773803116035,0.24121055990616713,,,,,,,,
0.005,-2500.0,0.0,0.25,POOLED_ALL_VECTORS,blind_joint_search,1200,1195,0.9958333333333333,0.9902832821596539,0.9982189755759672,0.044171312259851485,0.056245260171537186,-0.002825248519261986,0.2863602843568156,,,,,,,,
0.005,-2500.0,0.0,0.45,mixed_signs,nominal,200,0,0.0,1.734723475976807e-18,0.018845326377266575,0.19351068046598122,0.27565553112259,-0.06307410283637102,0.9365220073520808,,,,,,,,
0.005,-2500.0,0.0,0.45,mixed_signs,oracle,200,185,0.925,0.8799563897637055,0.954025082815618,0.06515760781176083,0.0815843770552267,-1.0778341605441333e-05,0.3168359913953225,,,,,,,,
0.005,-2500.0,0.0,0.45,mixed_signs,blind_joint_search,200,161,0.805,0.7445595562538726,0.8539447946559949,0.07091164096198435,0.0896154551073367,-0.001724549837530639,0.43851898861985195,200,1.0,0.9811546736227335,1.0,41,0.205,0.15486176203836208,0.26625698052422514
0.005,-2500.0,0.0,0.45,sparse_and_zeros,nominal,200,0,0.0,1.734723475976807e-18,0.018845326377266575,0.10552370703148121,0.1936244191117872,0.009193081678222376,0.9970552882401784,,,,,,,,
0.005,-2500.0,0.0,0.45,sparse_and_zeros,oracle,200,189,0.945,0.9042130012276914,0.9690146582965411,0.06410241605218808,0.08024927936008698,-0.002364872037248531,0.3039734594835939,,,,,,,,
0.005,-2500.0,0.0,0.45,sparse_and_zeros,blind_joint_search,200,189,0.945,0.9042130012276914,0.9690146582965411,0.06410241605218808,0.08024927936008698,-0.0023648720372485307,0.3039734594835939,200,1.0,0.9811546736227335,1.0,200,1.0,0.9811546736227335,1.0
0.005,-2500.0,0.0,0.45,boundary_values,nominal,200,0,0.0,1.734723475976807e-18,0.018845326377266575,0.25338592266467613,0.38783499508580477,-0.05905003309588425,1.409385171777569,,,,,,,,
0.005,-2500.0,0.0,0.45,boundary_values,oracle,200,186,0.93,0.8859451911438936,0.9578478281716571,0.06755259754562491,0.08433288331814201,-0.001075244013901858,0.3081503950816671,,,,,,,,
0.005,-2500.0,0.0,0.45,boundary_values,blind_joint_search,200,186,0.93,0.8859451911438936,0.9578478281716571,0.06755259754562491,0.08433288331814201,-0.0010752440139018583,0.3081503950816671,200,1.0,0.9811546736227335,1.0,200,1.0,0.9811546736227335,1.0
0.005,-2500.0,0.0,0.45,randomized_1,nominal,200,0,0.0,1.734723475976807e-18,0.018845326377266575,0.2609316794272128,0.3576936002419601,-0.07071006186875321,1.3242861441706983,,,,,,,,
0.005,-2500.0,0.0,0.45,randomized_1,oracle,200,173,0.865,0.8107086162924745,0.9055342954521209,0.06921740775621055,0.08684873246542808,-0.010320092382321976,0.354619479837446,,,,,,,,
0.005,-2500.0,0.0,0.45,randomized_1,blind_joint_search,200,173,0.865,0.8107086162924745,0.9055342954521209,0.06921740775621055,0.08684873246542808,-0.010320092382321976,0.354619479837446,200,1.0,0.9811546736227335,1.0,200,1.0,0.9811546736227335,1.0
0.005,-2500.0,0.0,0.45,randomized_2,nominal,200,0,0.0,1.734723475976807e-18,0.018845326377266575,0.24912538142443935,0.336368003903016,0.009735753803038658,1.1632011266901987,,,,,,,,
0.005,-2500.0,0.0,0.45,randomized_2,oracle,200,181,0.905,0.8563983883518006,0.9383368972826135,0.06909542785657263,0.08644132193118825,-0.001519401363701549,0.31351521905860513,,,,,,,,
0.005,-2500.0,0.0,0.45,randomized_2,blind_joint_search,200,181,0.905,0.8563983883518006,0.9383368972826135,0.06909542785657263,0.08644132193118825,-0.0015194013637015496,0.31351521905860513,200,1.0,0.9811546736227335,1.0,200,1.0,0.9811546736227335,1.0
0.005,-2500.0,0.0,0.45,randomized_3,nominal,200,0,0.0,1.734723475976807e-18,0.018845326377266575,0.218283024709011,0.2841414793567645,-0.014311720093610134,0.7754097198801426,,,,,,,,
0.005,-2500.0,0.0,0.45,randomized_3,oracle,200,178,0.89,0.839073090026985,0.926227555398747,0.06881842576553093,0.08615581583634675,3.1724583521547945e-05,0.3209936814797587,,,,,,,,
0.005,-2500.0,0.0,0.45,randomized_3,blind_joint_search,200,178,0.89,0.839073090026985,0.926227555398747,0.06881842576553093,0.08615581583634675,3.172458352154819e-05,0.3209936814797587,200,1.0,0.9811546736227335,1.0,200,1.0,0.9811546736227335,1.0
0.005,-2500.0,0.0,0.45,POOLED_ALL_VECTORS,nominal,1200,0,0.0,2.168404344971009e-19,0.003191000602734924,0.21346006595380032,0.31244116697464436,-0.0313695137355596,1.409385171777569,,,,,,,,
0.005,-2500.0,0.0,0.45,POOLED_ALL_VECTORS,oracle,1200,1092,0.91,0.8924727309371374,0.92491064856862,0.06732398046464799,0.0843066048189023,-0.002543110592542968,0.354619479837446,,,,,,,,
0.005,-2500.0,0.0,0.45,POOLED_ALL_VECTORS,blind_joint_search,1200,1068,0.89,0.8710369399876369,0.9064740795422298,0.06828298598968524,0.08565487037247119,-0.002828739175197168,0.43851898861985195,,,,,,,,
0.005,-2500.0,2.0,0.0,mixed_signs,nominal,1,0,0.0,,,0.1104737874162521,0.17571017202311523,0.039545558400211955,0.5686635303907241,,,,,,,,
0.005,-2500.0,2.0,0.0,mixed_signs,oracle,1,1,1.0,,,0.016407569537607358,0.025541708147243884,-0.0002427294084747164,0.08518366964992397,,,,,,,,
0.005,-2500.0,2.0,0.0,mixed_signs,blind_joint_search,1,1,1.0,,,0.028135036877805143,0.04612310493753108,-0.002514999496063516,0.15972085537746983,1,1.0,,,0,0.0,,
0.005,-2500.0,2.0,0.0,sparse_and_zeros,nominal,1,0,0.0,,,0.03577231178468396,0.11518335843812685,0.016332134320750646,0.5877493764232911,,,,,,,,
0.005,-2500.0,2.0,0.0,sparse_and_zeros,oracle,1,1,1.0,,,0.005071832724766814,0.013589190887510158,-0.002115220380835148,0.0646736638295693,,,,,,,,
0.005,-2500.0,2.0,0.0,sparse_and_zeros,blind_joint_search,1,1,1.0,,,0.005071832724766814,0.013589190887510158,-0.002115220380835148,0.0646736638295693,1,1.0,,,1,1.0,,
0.005,-2500.0,2.0,0.0,boundary_values,nominal,1,0,0.0,,,0.11808821052063981,0.18611664434386543,0.035651380982805236,0.565947887155233,,,,,,,,
0.005,-2500.0,2.0,0.0,boundary_values,oracle,1,1,1.0,,,0.023015105681994996,0.033623430288974535,-0.0009327255144288005,0.10130094098885967,,,,,,,,
0.005,-2500.0,2.0,0.0,boundary_values,blind_joint_search,1,1,1.0,,,0.023015105681994996,0.033623430288974535,-0.0009327255144288005,0.10130094098885967,1,1.0,,,1,1.0,,
0.005,-2500.0,2.0,0.0,randomized_1,nominal,1,0,0.0,,,0.14643910552325665,0.1956320261469184,-0.007923998011192052,0.5260213350048093,,,,,,,,
0.005,-2500.0,2.0,0.0,randomized_1,oracle,1,1,1.0,,,0.030051735857132042,0.03860204514506084,-0.010078307649353864,0.10484083558684709,,,,,,,,
0.005,-2500.0,2.0,0.0,randomized_1,blind_joint_search,1,1,1.0,,,0.030051735857132042,0.03860204514506084,-0.010078307649353864,0.10484083558684709,1,1.0,,,1,1.0,,
0.005,-2500.0,2.0,0.0,randomized_2,nominal,1,0,0.0,,,0.15247242549333712,0.19792858726041765,0.0369193689621813,0.48341061853696576,,,,,,,,
0.005,-2500.0,2.0,0.0,randomized_2,oracle,1,1,1.0,,,0.03188323010618698,0.03823386911459821,-0.0013857259580265348,0.08822389171016742,,,,,,,,
0.005,-2500.0,2.0,0.0,randomized_2,blind_joint_search,1,1,1.0,,,0.03188323010618698,0.03823386911459821,-0.0013857259580265348,0.08822389171016742,1,1.0,,,1,1.0,,
0.005,-2500.0,2.0,0.0,randomized_3,nominal,1,0,0.0,,,0.11370975264170144,0.14573168729149688,0.030258419575662297,0.4662620748413351,,,,,,,,
0.005,-2500.0,2.0,0.0,randomized_3,oracle,1,1,1.0,,,0.02731309975145256,0.03577165625739521,-0.0005294363582480622,0.08703201252560921,,,,,,,,
0.005,-2500.0,2.0,0.0,randomized_3,blind_joint_search,1,1,1.0,,,0.02731309975145256,0.03577165625739521,-0.0005294363582480622,0.08703201252560921,1,1.0,,,1,1.0,,
0.005,-2500.0,2.0,0.0,POOLED_ALL_VECTORS,nominal,6,0,0.0,,,0.11282593222997851,0.17198159586875353,0.02513047737173656,0.5877493764232911,,,,,,,,
0.005,-2500.0,2.0,0.0,POOLED_ALL_VECTORS,oracle,6,6,1.0,,,0.022290428943190128,0.03214326797507395,-0.002547357544894521,0.10484083558684709,,,,,,,,
0.005,-2500.0,2.0,0.0,POOLED_ALL_VECTORS,blind_joint_search,6,6,1.0,,,0.024245006833223087,0.03576334252346483,-0.0029260692261593208,0.15972085537746983,,,,,,,,
0.005,-2500.0,2.0,0.25,mixed_signs,nominal,200,0,0.0,1.734723475976807e-18,0.018845326377266575,0.12175077370367614,0.1819328830084977,0.03975070978634531,0.6619675767239275,,,,,,,,
0.005,-2500.0,2.0,0.25,mixed_signs,oracle,200,200,1.0,0.9811546736227335,1.0,0.03980004650467665,0.05049390751360179,2.1443430122962957e-05,0.20835661013193163,,,,,,,,
0.005,-2500.0,2.0,0.25,mixed_signs,blind_joint_search,200,196,0.98,0.9497129130941735,0.9921955735836505,0.04796990842630164,0.06307085883108854,-0.0021412430871809475,0.28215150844593295,200,1.0,0.9811546736227335,1.0,10,0.05,0.02738264560076393,0.08957814813877599
0.005,-2500.0,2.0,0.25,sparse_and_zeros,nominal,200,0,0.0,1.734723475976807e-18,0.018845326377266575,0.06481187442380887,0.12314461943143003,0.016905175923055057,0.7075291350371677,,,,,,,,
0.005,-2500.0,2.0,0.25,sparse_and_zeros,oracle,200,200,1.0,0.9811546736227335,1.0,0.035864691451611766,0.04495793557126715,-0.001794158162476088,0.18008919754897312,,,,,,,,
0.005,-2500.0,2.0,0.25,sparse_and_zeros,blind_joint_search,200,200,1.0,0.9811546736227335,1.0,0.03586469145161176,0.04495793557126715,-0.001794158162476088,0.18008919754897312,200,1.0,0.9811546736227335,1.0,200,1.0,0.9811546736227335,1.0
0.005,-2500.0,2.0,0.25,boundary_values,nominal,200,0,0.0,1.734723475976807e-18,0.018845326377266575,0.1293459342985694,0.19148955827848152,0.0363735645739788,0.6795367412215594,,,,,,,,
0.005,-2500.0,2.0,0.25,boundary_values,oracle,200,200,1.0,0.9811546736227335,1.0,0.04302570903379374,0.054476544588322316,-0.0003149269315326861,0.2079396544863542,,,,,,,,
0.005,-2500.0,2.0,0.25,boundary_values,blind_joint_search,200,200,1.0,0.9811546736227335,1.0,0.04302570903379374,0.054476544588322316,-0.00031492693153268496,0.2079396544863542,200,1.0,0.9811546736227335,1.0,200,1.0,0.9811546736227335,1.0
0.005,-2500.0,2.0,0.25,randomized_1,nominal,200,0,0.0,1.734723475976807e-18,0.018845326377266575,0.15209525555929893,0.20042068397331345,-0.008087195158460514,0.6554016143210306,,,,,,,,
0.005,-2500.0,2.0,0.25,randomized_1,oracle,200,200,1.0,0.9811546736227335,1.0,0.0461348502593251,0.05803863850367153,-0.009866121495926613,0.2478489554101715,,,,,,,,
0.005,-2500.0,2.0,0.25,randomized_1,blind_joint_search,200,200,1.0,0.9811546736227335,1.0,0.046134850259325094,0.05803863850367153,-0.009866121495926613,0.2478489554101715,200,1.0,0.9811546736227335,1.0,200,1.0,0.9811546736227335,1.0
0.005,-2500.0,2.0,0.25,randomized_2,nominal,200,0,0.0,1.734723475976807e-18,0.018845326377266575,0.15651245292082186,0.20250416334720825,0.036368241678846176,0.5872364401068992,,,,,,,,
0.005,-2500.0,2.0,0.25,randomized_2,oracle,200,200,1.0,0.9811546736227335,1.0,0.04672837274763007,0.05771104112543729,-0.0017453359283428156,0.20298504326767247,,,,,,,,
0.005,-2500.0,2.0,0.25,randomized_2,blind_joint_search,200,200,1.0,0.9811546736227335,1.0,0.04672837274763007,0.05771104112543729,-0.0017453359283428167,0.20298504326767247,200,1.0,0.9811546736227335,1.0,200,1.0,0.9811546736227335,1.0
0.005,-2500.0,2.0,0.25,randomized_3,nominal,200,0,0.0,1.734723475976807e-18,0.018845326377266575,0.11739048976062272,0.1524210483376867,0.030637041312459416,0.5686859374323725,,,,,,,,
0.005,-2500.0,2.0,0.25,randomized_3,oracle,200,200,1.0,0.9811546736227335,1.0,0.04548743397927098,0.05681834863645157,-0.00015801330262908892,0.2201690753960217,,,,,,,,
0.005,-2500.0,2.0,0.25,randomized_3,blind_joint_search,200,200,1.0,0.9811546736227335,1.0,0.04548743397927098,0.05681834863645157,-0.00015801330262908873,0.2201690753960217,200,1.0,0.9811546736227335,1.0,200,1.0,0.9811546736227335,1.0
0.005,-2500.0,2.0,0.25,POOLED_ALL_VECTORS,nominal,1200,0,0.0,2.168404344971009e-19,0.003191000602734924,0.12365113011113299,0.17764242401428515,0.02532458968603737,0.7075291350371677,,,,,,,,
0.005,-2500.0,2.0,0.25,POOLED_ALL_VECTORS,oracle,1200,1200,1.0,0.9968089993972651,1.0,0.04284018399605138,0.05395355586987291,-0.002309518731797388,0.2478489554101715,,,,,,,,
0.005,-2500.0,2.0,0.25,POOLED_ALL_VECTORS,blind_joint_search,1200,1196,0.9966666666666667,0.9914606145760569,0.998702991491893,0.04420182764965555,0.056116271680205665,-0.002669966484681373,0.28215150844593295,,,,,,,,
0.005,-2500.0,2.0,0.45,mixed_signs,nominal,200,0,0.0,1.734723475976807e-18,0.018845326377266575,0.136514976142466,0.19208916448512925,0.03846599072423909,0.7801013946379398,,,,,,,,
0.005,-2500.0,2.0,0.45,mixed_signs,oracle,200,191,0.955,0.9167032959981803,0.976147456998507,0.06588765438762835,0.0823520221022819,-0.0017502386934261658,0.3200439043809544,,,,,,,,
0.005,-2500.0,2.0,0.45,mixed_signs,blind_joint_search,200,156,0.78,0.7176120008170632,0.8318346164116674,0.07142471906968763,0.09054408984362594,-0.003673856702050715,0.406113851191487,200,1.0,0.9811546736227335,1.0,30,0.15,0.10713593562241995,0.20605579284166659
0.005,-2500.0,2.0,0.45,sparse_and_zeros,nominal,200,0,0.0,1.734723475976807e-18,0.018845326377266575,0.08815583165359525,0.1389619332885813,0.015089731221046065,0.7980526693760708,,,,,,,,
0.005,-2500.0,2.0,0.45,sparse_and_zeros,oracle,200,189,0.945,0.9042130012276914,0.9690146582965411,0.06255148951272353,0.07857989227490661,-0.003197487099033936,0.2840215471409624,,,,,,,,
0.005,-2500.0,2.0,0.45,sparse_and_zeros,blind_joint_search,200,189,0.945,0.9042130012276914,0.9690146582965411,0.06255148951272353,0.07857989227490662,-0.003197487099033936,0.2840215471409624,200,1.0,0.9811546736227335,1.0,200,1.0,0.9811546736227335,1.0
0.005,-2500.0,2.0,0.45,boundary_values,nominal,200,0,0.0,1.734723475976807e-18,0.018845326377266575,0.14525801804724853,0.20399109624234432,0.037340065873024825,0.7960425323984603,,,,,,,,
0.005,-2500.0,2.0,0.45,boundary_values,oracle,200,183,0.915,0.8681041292843443,0.9462542498225244,0.06818186628321402,0.08549001932473245,0.0010593109153075383,0.36217813163081036,,,,,,,,
0.005,-2500.0,2.0,0.45,boundary_values,blind_joint_search,200,183,0.915,0.8681041292843443,0.9462542498225244,0.06818186628321402,0.08549001932473246,0.0010593109153075387,0.36217813163081036,200,1.0,0.9811546736227335,1.0,200,1.0,0.9811546736227335,1.0
0.005,-2500.0,2.0,0.45,randomized_1,nominal,200,0,0.0,1.734723475976807e-18,0.018845326377266575,0.16244118380704062,0.21113151211577472,-0.005736434709993863,0.7035149120942139,,,,,,,,
0.005,-2500.0,2.0,0.45,randomized_1,oracle,200,169,0.845,0.7883930940765792,0.8886036307231068,0.06926494985142952,0.08705693051821312,-0.007225598222130767,0.3399817630446029,,,,,,,,
0.005,-2500.0,2.0,0.45,randomized_1,blind_joint_search,200,169,0.845,0.7883930940765792,0.8886036307231068,0.06926494985142952,0.08705693051821312,-0.007225598222130766,0.3399817630446029,200,1.0,0.9811546736227335,1.0,200,1.0,0.9811546736227335,1.0
0.005,-2500.0,2.0,0.45,randomized_2,nominal,200,0,0.0,1.734723475976807e-18,0.018845326377266575,0.16539610428251694,0.21197334207264523,0.03329808492143391,0.6821290867440284,,,,,,,,
0.005,-2500.0,2.0,0.45,randomized_2,oracle,200,174,0.87,0.8163364812775159,0.9097179772033067,0.06871758024512423,0.08673777542837115,-0.005172779040842163,0.3398789695907871,,,,,,,,
0.005,-2500.0,2.0,0.45,randomized_2,blind_joint_search,200,174,0.87,0.8163364812775159,0.9097179772033067,0.06871758024512423,0.08673777542837115,-0.005172779040842162,0.3398789695907871,200,1.0,0.9811546736227335,1.0,200,1.0,0.9811546736227335,1.0
0.005,-2500.0,2.0,0.45,randomized_3,nominal,200,0,0.0,1.734723475976807e-18,0.018845326377266575,0.1262086951807853,0.16484976123072975,0.029618031599757906,0.6992660085859657,,,,,,,,
0.005,-2500.0,2.0,0.45,randomized_3,oracle,200,181,0.905,0.8563983883518006,0.9383368972826135,0.0672370534853401,0.08469203940727568,-0.001449317980587303,0.31332637914702577,,,,,,,,
0.005,-2500.0,2.0,0.45,randomized_3,blind_joint_search,200,181,0.905,0.8563983883518006,0.9383368972826135,0.0672370534853401,0.08469203940727568,-0.0014493179805873026,0.31332637914702577,200,1.0,0.9811546736227335,1.0,200,1.0,0.9811546736227335,1.0
0.005,-2500.0,2.0,0.45,POOLED_ALL_VECTORS,nominal,1200,0,0.0,2.168404344971009e-19,0.003191000602734924,0.13732913485227546,0.18907921192700222,0.024679244938251323,0.7980526693760708,,,,,,,,
0.005,-2500.0,2.0,0.45,POOLED_ALL_VECTORS,oracle,1200,1087,0.9058333333333334,0.8879893854891716,0.9210872523549418,0.0669734322942433,0.08420242553403955,-0.002956018353452132,0.36217813163081036,,,,,,,,
0.005,-2500.0,2.0,0.45,POOLED_ALL_VECTORS,blind_joint_search,1200,1052,0.8766666666666667,0.8568512133727132,0.8940782328398932,0.06789627640791984,0.0855927055460615,-0.003276621354889557,0.406113851191487,,,,,,,,
0.005,0.0,-2.0,0.0,mixed_signs,nominal,1,0,0.0,,,0.11052227905246553,0.18121043416169252,0.03861391264704926,0.5887200968531272,,,,,,,,
0.005,0.0,-2.0,0.0,mixed_signs,oracle,1,1,1.0,,,8.500145032286355e-17,2.0419692283671577e-16,-4.336808689942018e-17,9.992007221626409e-16,,,,,,,,
0.005,0.0,-2.0,0.0,mixed_signs,blind_joint_search,1,1,1.0,,,8.500145032286355e-17,2.0419692283671577e-16,-4.336808689942018e-17,9.992007221626409e-16,1,1.0,,,1,1.0,,
0.005,0.0,-2.0,0.0,sparse_and_zeros,nominal,1,0,0.0,,,0.035830208640470394,0.11456207983164411,0.01469112538435761,0.5887200968531272,,,,,,,,
0.005,0.0,-2.0,0.0,sparse_and_zeros,oracle,1,1,1.0,,,8.673617379884035e-18,4.046035655711836e-17,8.673617379884035e-18,2.220446049250313e-16,,,,,,,,
0.005,0.0,-2.0,0.0,sparse_and_zeros,blind_joint_search,1,1,1.0,,,8.673617379884035e-18,4.046035655711836e-17,8.673617379884035e-18,2.220446049250313e-16,1,1.0,,,1,1.0,,
0.005,0.0,-2.0,0.0,boundary_values,nominal,1,0,0.0,,,0.11620464677000757,0.18586602617766979,0.036016331973912026,0.5887200968531272,,,,,,,,
0.005,0.0,-2.0,0.0,boundary_values,oracle,1,1,1.0,,,8.155233216164404e-17,1.6797284927444918e-16,5.183841637196318e-18,4.440892098500626e-16,,,,,,,,
0.005,0.0,-2.0,0.0,boundary_values,blind_joint_search,1,1,1.0,,,8.155233216164404e-17,1.6797284927444918e-16,5.183841637196318e-18,4.440892098500626e-16,1,1.0,,,1,1.0,,
0.005,0.0,-2.0,0.0,randomized_1,nominal,1,0,0.0,,,0.14975524204869806,0.20272528456641734,-0.003912093572309377,0.5309819836959992,,,,,,,,
0.005,0.0,-2.0,0.0,randomized_1,oracle,1,1,1.0,,,1.448494102440634e-16,2.59861345095952e-16,4.9439619065339e-17,1.1102230246251565e-15,,,,,,,,
0.005,0.0,-2.0,0.0,randomized_1,blind_joint_search,1,1,1.0,,,1.448494102440634e-16,2.59861345095952e-16,4.9439619065339e-17,1.1102230246251565e-15,1,1.0,,,1,1.0,,
0.005,0.0,-2.0,0.0,randomized_2,nominal,1,0,0.0,,,0.15811367484001063,0.2035619525228544,0.038316996760836615,0.4902965329568887,,,,,,,,
0.005,0.0,-2.0,0.0,randomized_2,oracle,1,1,1.0,,,9.020562075079397e-17,1.7109685898544713e-16,-6.938893903907228e-18,6.661338147750939e-16,,,,,,,,
0.005,0.0,-2.0,0.0,randomized_2,blind_joint_search,1,1,1.0,,,9.020562075079397e-17,1.7109685898544713e-16,-6.938893903907228e-18,6.661338147750939e-16,1,1.0,,,1,1.0,,
0.005,0.0,-2.0,0.0,randomized_3,nominal,1,0,0.0,,,0.11143699032333787,0.14971935494090563,0.02909425471115383,0.4860032623513766,,,,,,,,
0.005,0.0,-2.0,0.0,randomized_3,oracle,1,1,1.0,,,1.0256552551712872e-16,1.7907606821352911e-16,-3.968179951296946e-17,6.661338147750939e-16,,,,,,,,
0.005,0.0,-2.0,0.0,randomized_3,blind_joint_search,1,1,1.0,,,1.0256552551712872e-16,1.7907606821352911e-16,-3.968179951296946e-17,6.661338147750939e-16,1,1.0,,,1,1.0,,
0.005,0.0,-2.0,0.0,POOLED_ALL_VECTORS,nominal,6,0,0.0,,,0.113643840279165,0.17581181512859706,0.025470087984166657,0.5887200968531272,,,,,,,,
0.005,0.0,-2.0,0.0,POOLED_ALL_VECTORS,oracle,6,6,1.0,,,8.547465939606295e-17,1.8276514705976702e-16,-4.448617038979585e-18,1.1102230246251565e-15,,,,,,,,
0.005,0.0,-2.0,0.0,POOLED_ALL_VECTORS,blind_joint_search,6,6,1.0,,,8.547465939606295e-17,1.8276514705976702e-16,-4.448617038979585e-18,1.1102230246251565e-15,,,,,,,,
0.005,0.0,-2.0,0.25,mixed_signs,nominal,200,0,0.0,1.734723475976807e-18,0.018845326377266575,0.12342673893820118,0.18666702926400905,0.038596778113950105,0.6823801281003274,,,,,,,,
0.005,0.0,-2.0,0.25,mixed_signs,oracle,200,200,1.0,0.9811546736227335,1.0,0.03500333162981845,0.043894488353043146,-4.30744110661304e-05,0.16300971958855032,,,,,,,,
0.005,0.0,-2.0,0.25,mixed_signs,blind_joint_search,200,200,1.0,0.9811546736227335,1.0,0.03500333162981845,0.043894488353043146,-4.30744110661304e-05,0.16300971958855032,200,1.0,0.9811546736227335,1.0,200,1.0,0.9811546736227335,1.0
0.005,0.0,-2.0,0.25,sparse_and_zeros,nominal,200,0,0.0,1.734723475976807e-18,0.018845326377266575,0.0635962221711723,0.12245706104343515,0.014764741820743464,0.7296592640884898,,,,,,,,
0.005,0.0,-2.0,0.25,sparse_and_zeros,oracle,200,200,1.0,0.9811546736227335,1.0,0.03526445640816531,0.04405045950895626,0.00012496270521041117,0.15726458694297588,,,,,,,,
0.005,0.0,-2.0,0.25,sparse_and_zeros,blind_joint_search,200,200,1.0,0.9811546736227335,1.0,0.03526445640816531,0.04405045950895626,0.0001249627052104111,0.15726458694297588,200,1.0,0.9811546736227335,1.0,200,1.0,0.9811546736227335,1.0
0.005,0.0,-2.0,0.25,boundary_values,nominal,200,0,0.0,1.734723475976807e-18,0.018845326377266575,0.1285976157784188,0.19168622033943908,0.03573653232957608,0.784960751948711,,,,,,,,
0.005,0.0,-2.0,0.25,boundary_values,oracle,200,200,1.0,0.9811546736227335,1.0,0.03511896258611217,0.04415494984571664,-0.0001936832133075001,0.17341285333652162,,,,,,,,
0.005,0.0,-2.0,0.25,boundary_values,blind_joint_search,200,200,1.0,0.9811546736227335,1.0,0.03511896258611217,0.04415494984571664,-0.00019368321330750018,0.17341285333652162,200,1.0,0.9811546736227335,1.0,200,1.0,0.9811546736227335,1.0
0.005,0.0,-2.0,0.25,randomized_1,nominal,200,0,0.0,1.734723475976807e-18,0.018845326377266575,0.15544699349183871,0.20689598821942484,-0.005031457098524502,0.6454335158652964,,,,,,,,
0.005,0.0,-2.0,0.25,randomized_1,oracle,200,200,1.0,0.9811546736227335,1.0,0.03473282122273162,0.0437679198068197,-0.0010431344433001078,0.17373092293104575,,,,,,,,
0.005,0.0,-2.0,0.25,randomized_1,blind_joint_search,200,200,1.0,0.9811546736227335,1.0,0.03473282122273162,0.0437679198068197,-0.0010431344433001078,0.17373092293104575,200,1.0,0.9811546736227335,1.0,200,1.0,0.9811546736227335,1.0
0.005,0.0,-2.0,0.25,randomized_2,nominal,200,0,0.0,1.734723475976807e-18,0.018845326377266575,0.1620996415431536,0.20819255615602894,0.03739846589234048,0.6135552367131556,,,,,,,,
0.005,0.0,-2.0,0.25,randomized_2,oracle,200,200,1.0,0.9811546736227335,1.0,0.0350691659180908,0.04405838392540601,-0.0009490408350043281,0.1753725858113886,,,,,,,,
0.005,0.0,-2.0,0.25,randomized_2,blind_joint_search,200,200,1.0,0.9811546736227335,1.0,0.0350691659180908,0.04405838392540601,-0.0009490408350043282,0.1753725858113886,200,1.0,0.9811546736227335,1.0,200,1.0,0.9811546736227335,1.0
0.005,0.0,-2.0,0.25,randomized_3,nominal,200,0,0.0,1.734723475976807e-18,0.018845326377266575,0.11555043389022558,0.15579638245291227,0.02955179455199132,0.6259168363094068,,,,,,,,
0.005,0.0,-2.0,0.25,randomized_3,oracle,200,200,1.0,0.9811546736227335,1.0,0.03483748463943322,0.043672435176885606,0.0005440582845880466,0.1710498431438467,,,,,,,,
0.005,0.0,-2.0,0.25,randomized_3,blind_joint_search,200,200,1.0,0.9811546736227335,1.0,0.03483748463943322,0.043672435176885606,0.0005440582845880466,0.1710498431438467,200,1.0,0.9811546736227335,1.0,200,1.0,0.9811546736227335,1.0
0.005,0.0,-2.0,0.25,POOLED_ALL_VECTORS,nominal,1200,0,0.0,2.168404344971009e-19,0.003191000602734924,0.12478627430216838,0.18120270502357014,0.025169475935012828,0.784960751948711,,,,,,,,
0.005,0.0,-2.0,0.25,POOLED_ALL_VECTORS,oracle,1200,1200,1.0,0.9968089993972651,1.0,0.03500437040072526,0.043933438819835434,-0.00025998531881326806,0.1753725858113886,,,,,,,,
0.005,0.0,-2.0,0.25,POOLED_ALL_VECTORS,blind_joint_search,1200,1200,1.0,0.9968089993972651,1.0,0.035004370400725265,0.043933438819835434,-0.00025998531881326806,0.1753725858113886,,,,,,,,
0.005,0.0,-2.0,0.45,mixed_signs,nominal,200,0,0.0,1.734723475976807e-18,0.018845326377266575,0.13959037448904604,0.19726066521258426,0.036768612573997994,0.7675504100473698,,,,,,,,
0.005,0.0,-2.0,0.45,mixed_signs,oracle,200,192,0.96,0.923067931799067,0.9795943679338476,0.06441696632268414,0.08030847259806428,-0.002125744258937018,0.3396029599445507,,,,,,,,
0.005,0.0,-2.0,0.45,mixed_signs,blind_joint_search,200,192,0.96,0.923067931799067,0.9795943679338476,0.06441696632268415,0.08030847259806428,-0.002125744258937018,0.3396029599445507,200,1.0,0.9811546736227335,1.0,200,1.0,0.9811546736227335,1.0
0.005,0.0,-2.0,0.45,sparse_and_zeros,nominal,200,0,0.0,1.734723475976807e-18,0.018845326377266575,0.08730166136241506,0.13772206056910186,0.014053702956197865,0.7987072217690576,,,,,,,,
0.005,0.0,-2.0,0.45,sparse_and_zeros,oracle,200,191,0.955,0.9167032959981803,0.976147456998507,0.06317857397471192,0.07916700673762013,-0.0005844397407784776,0.287821767292913,,,,,,,,
0.005,0.0,-2.0,0.45,sparse_and_zeros,blind_joint_search,200,191,0.955,0.9167032959981803,0.976147456998507,0.06317857397471192,0.07916700673762013,-0.0005844397407784775,0.287821767292913,200,1.0,0.9811546736227335,1.0,200,1.0,0.9811546736227335,1.0
0.005,0.0,-2.0,0.45,boundary_values,nominal,200,0,0.0,1.734723475976807e-18,0.018845326377266575,0.14276318003646934,0.20211444332408757,0.03537463630357615,0.7913821051560379,,,,,,,,
0.005,0.0,-2.0,0.45,boundary_values,oracle,200,195,0.975,0.942821659593358,0.9892752803482386,0.062207588395543086,0.07830299322370739,-0.0007822077417496119,0.3363475586504975,,,,,,,,
0.005,0.0,-2.0,0.45,boundary_values,blind_joint_search,200,195,0.975,0.942821659593358,0.9892752803482386,0.0622075883955431,0.07830299322370739,-0.0007822077417496121,0.3363475586504975,200,1.0,0.9811546736227335,1.0,200,1.0,0.9811546736227335,1.0
0.005,0.0,-2.0,0.45,randomized_1,nominal,200,0,0.0,1.734723475976807e-18,0.018845326377266575,0.16817221107401104,0.21859535465290642,-0.0051141981446141595,0.7431713807722271,,,,,,,,
0.005,0.0,-2.0,0.45,randomized_1,oracle,200,191,0.955,0.9167032959981803,0.976147456998507,0.0636874746802743,0.08014046267341748,-0.0011258785122881673,0.355883833789592,,,,,,,,
0.005,0.0,-2.0,0.45,randomized_1,blind_joint_search,200,191,0.955,0.9167032959981803,0.976147456998507,0.0636874746802743,0.08014046267341748,-0.001125878512288167,0.355883833789592,200,1.0,0.9811546736227335,1.0,200,1.0,0.9811546736227335,1.0
0.005,0.0,-2.0,0.45,randomized_2,nominal,200,0,0.0,1.734723475976807e-18,0.018845326377266575,0.17281525699510175,0.21966356051183497,0.036735215493495364,0.7357400927110478,,,,,,,,
0.005,0.0,-2.0,0.45,randomized_2,oracle,200,192,0.96,0.923067931799067,0.9795943679338476,0.06410723893027981,0.08028878460723332,-0.0020346293720216687,0.2924115584984026,,,,,,,,
0.005,0.0,-2.0,0.45,randomized_2,blind_joint_search,200,192,0.96,0.923067931799067,0.9795943679338476,0.06410723893027981,0.08028878460723332,-0.0020346293720216687,0.2924115584984026,200,1.0,0.9811546736227335,1.0,200,1.0,0.9811546736227335,1.0
0.005,0.0,-2.0,0.45,randomized_3,nominal,200,0,0.0,1.734723475976807e-18,0.018845326377266575,0.12724198383569746,0.1695018473778051,0.02987091833865431,0.7301024598616956,,,,,,,,
0.005,0.0,-2.0,0.45,randomized_3,oracle,200,193,0.965,0.9295293884777092,0.9829444579914328,0.06261131436028773,0.07856851879438091,0.0010245736596167397,0.33246558338406174,,,,,,,,
0.005,0.0,-2.0,0.45,randomized_3,blind_joint_search,200,193,0.965,0.9295293884777092,0.9829444579914328,0.06261131436028773,0.07856851879438091,0.0010245736596167397,0.33246558338406174,200,1.0,0.9811546736227335,1.0,200,1.0,0.9811546736227335,1.0
0.005,0.0,-2.0,0.45,POOLED_ALL_VECTORS,nominal,1200,0,0.0,2.168404344971009e-19,0.003191000602734924,0.13964744463212345,0.19300097986140366,0.024614814586884585,0.7987072217690576,,,,,,,,
0.005,0.0,-2.0,0.45,POOLED_ALL_VECTORS,oracle,1200,1154,0.9616666666666667,0.9492480348033656,0.9711389413067757,0.06336819277729684,0.0794669945232815,-0.0009380543276930341,0.355883833789592,,,,,,,,
0.005,0.0,-2.0,0.45,POOLED_ALL_VECTORS,blind_joint_search,1200,1154,0.9616666666666667,0.9492480348033656,0.9711389413067757,0.06336819277729684,0.0794669945232815,-0.0009380543276930339,0.355883833789592,,,,,,,,
0.005,0.0,0.0,0.0,mixed_signs,nominal,1,0,0.0,,,0.15725195144599746,0.23580048200309203,-0.059110888482944206,0.5630431285195561,,,,,,,,
0.005,0.0,0.0,0.0,mixed_signs,oracle,1,1,1.0,,,8.500145032286355e-17,2.0419692283671577e-16,-4.336808689942018e-17,9.992007221626409e-16,,,,,,,,
0.005,0.0,0.0,0.0,mixed_signs,blind_joint_search,1,1,1.0,,,8.500145032286355e-17,2.0419692283671577e-16,-4.336808689942018e-17,9.992007221626409e-16,1,1.0,,,1,1.0,,
0.005,0.0,0.0,0.0,sparse_and_zeros,nominal,1,0,0.0,,,0.03731710150436483,0.14646329525807752,0.006774722175134501,0.6756517542234538,,,,,,,,
0.005,0.0,0.0,0.0,sparse_and_zeros,oracle,1,1,1.0,,,8.673617379884035e-18,4.046035655711836e-17,8.673617379884035e-18,2.220446049250313e-16,,,,,,,,
0.005,0.0,0.0,0.0,sparse_and_zeros,blind_joint_search,1,1,1.0,,,8.673617379884035e-18,4.046035655711836e-17,8.673617379884035e-18,2.220446049250313e-16,1,1.0,,,1,1.0,,
0.005,0.0,0.0,0.0,boundary_values,nominal,1,0,0.0,,,0.18640826709683164,0.32184885791572365,-0.054889773738215186,0.9008690056312898,,,,,,,,
0.005,0.0,0.0,0.0,boundary_values,oracle,1,1,1.0,,,8.155233216164404e-17,1.6797284927444918e-16,5.183841637196318e-18,4.440892098500626e-16,,,,,,,,
0.005,0.0,0.0,0.0,boundary_values,blind_joint_search,1,1,1.0,,,8.155233216164404e-17,1.6797284927444918e-16,5.183841637196318e-18,4.440892098500626e-16,1,1.0,,,1,1.0,,
0.005,0.0,0.0,0.0,randomized_1,nominal,1,0,0.0,,,0.194495440305537,0.27938645794096706,-0.06227493203680647,0.8576853872736319,,,,,,,,
0.005,0.0,0.0,0.0,randomized_1,oracle,1,1,1.0,,,1.448494102440634e-16,2.59861345095952e-16,4.9439619065339e-17,1.1102230246251565e-15,,,,,,,,
0.005,0.0,0.0,0.0,randomized_1,blind_joint_search,1,1,1.0,,,1.448494102440634e-16,2.59861345095952e-16,4.9439619065339e-17,1.1102230246251565e-15,1,1.0,,,1,1.0,,
0.005,0.0,0.0,0.0,randomized_2,nominal,1,0,0.0,,,0.17817165505680427,0.252857111878004,0.01384338974450603,0.7257146314869418,,,,,,,,
0.005,0.0,0.0,0.0,randomized_2,oracle,1,1,1.0,,,9.020562075079397e-17,1.7109685898544713e-16,-6.938893903907228e-18,6.661338147750939e-16,,,,,,,,
0.005,0.0,0.0,0.0,randomized_2,blind_joint_search,1,1,1.0,,,9.020562075079397e-17,1.7109685898544713e-16,-6.938893903907228e-18,6.661338147750939e-16,1,1.0,,,1,1.0,,
0.005,0.0,0.0,0.0,randomized_3,nominal,1,0,0.0,,,0.14273939403139496,0.20416676755590962,-0.0160480601010394,0.45778423389604017,,,,,,,,
0.005,0.0,0.0,0.0,randomized_3,oracle,1,1,1.0,,,1.0256552551712872e-16,1.7907606821352911e-16,-3.968179951296946e-17,6.661338147750939e-16,,,,,,,,
0.005,0.0,0.0,0.0,randomized_3,blind_joint_search,1,1,1.0,,,1.0256552551712872e-16,1.7907606821352911e-16,-3.968179951296946e-17,6.661338147750939e-16,1,1.0,,,1,1.0,,
0.005,0.0,0.0,0.0,POOLED_ALL_VECTORS,nominal,6,0,0.0,,,0.14939730157348838,0.24641348461299595,-0.028617590406560794,0.9008690056312898,,,,,,,,
0.005,0.0,0.0,0.0,POOLED_ALL_VECTORS,oracle,6,6,1.0,,,8.547465939606295e-17,1.8276514705976702e-16,-4.448617038979585e-18,1.1102230246251565e-15,,,,,,,,
0.005,0.0,0.0,0.0,POOLED_ALL_VECTORS,blind_joint_search,6,6,1.0,,,8.547465939606295e-17,1.8276514705976702e-16,-4.448617038979585e-18,1.1102230246251565e-15,,,,,,,,
0.005,0.0,0.0,0.25,mixed_signs,nominal,200,0,0.0,1.734723475976807e-18,0.018845326377266575,0.16671512945108843,0.23942050360935027,-0.05968293685523963,0.6916717522371396,,,,,,,,
0.005,0.0,0.0,0.25,mixed_signs,oracle,200,200,1.0,0.9811546736227335,1.0,0.03505913734163995,0.04389330230940435,-0.0003683604165712211,0.16005657821888408,,,,,,,,
0.005,0.0,0.0,0.25,mixed_signs,blind_joint_search,200,200,1.0,0.9811546736227335,1.0,0.03505913734163995,0.04389330230940435,-0.00036836041657122107,0.16005657821888408,200,1.0,0.9811546736227335,1.0,200,1.0,0.9811546736227335,1.0
0.005,0.0,0.0,0.25,sparse_and_zeros,nominal,200,0,0.0,1.734723475976807e-18,0.018845326377266575,0.06947641469965914,0.15320677320354975,0.0068348615890658215,0.8045201486052549,,,,,,,,
0.005,0.0,0.0,0.25,sparse_and_zeros,oracle,200,200,1.0,0.9811546736227335,1.0,0.035280026900651934,0.04433775828460028,0.00024919526346420045,0.1731525181633611,,,,,,,,
0.005,0.0,0.0,0.25,sparse_and_zeros,blind_joint_search,200,200,1.0,0.9811546736227335,1.0,0.035280026900651934,0.044337758284600286,0.0002491952634642005,0.1731525181633611,200,1.0,0.9811546736227335,1.0,200,1.0,0.9811546736227335,1.0
0.005,0.0,0.0,0.25,boundary_values,nominal,200,0,0.0,1.734723475976807e-18,0.018845326377266575,0.20197937290989038,0.3248272051386443,-0.05539241621081313,1.0297196874371073,,,,,,,,
0.005,0.0,0.0,0.25,boundary_values,oracle,200,200,1.0,0.9811546736227335,1.0,0.03504075472480557,0.04394436831105081,-0.0006285716801298979,0.16028452161035078,,,,,,,,
0.005,0.0,0.0,0.25,boundary_values,blind_joint_search,200,200,1.0,0.9811546736227335,1.0,0.03504075472480557,0.04394436831105081,-0.0006285716801298979,0.16028452161035078,200,1.0,0.9811546736227335,1.0,200,1.0,0.9811546736227335,1.0
0.005,0.0,0.0,0.25,randomized_1,nominal,200,0,0.0,1.734723475976807e-18,0.018845326377266575,0.20091754229981373,0.2823921373966628,-0.061937628143793735,0.961194877094835,,,,,,,,
0.005,0.0,0.0,0.25,randomized_1,oracle,200,200,1.0,0.9811546736227335,1.0,0.03564467769047044,0.044478784837833164,8.007300778989017e-05,0.18518724121778984,,,,,,,,
0.005,0.0,0.0,0.25,randomized_1,blind_joint_search,200,200,1.0,0.9811546736227335,1.0,0.03564467769047044,0.044478784837833164,8.007300778989014e-05,0.18518724121778984,200,1.0,0.9811546736227335,1.0,200,1.0,0.9811546736227335,1.0
0.005,0.0,0.0,0.25,randomized_2,nominal,200,0,0.0,1.734723475976807e-18,0.018845326377266575,0.18613117974319074,0.2568302344647686,0.014530305489653108,0.8387731661445721,,,,,,,,
0.005,0.0,0.0,0.25,randomized_2,oracle,200,200,1.0,0.9811546736227335,1.0,0.03510191947218175,0.04397455292395811,0.0007681943402146771,0.15936970519662408,,,,,,,,
0.005,0.0,0.0,0.25,randomized_2,blind_joint_search,200,200,1.0,0.9811546736227335,1.0,0.03510191947218175,0.04397455292395811,0.0007681943402146772,0.15936970519662408,200,1.0,0.9811546736227335,1.0,200,1.0,0.9811546736227335,1.0
0.005,0.0,0.0,0.25,randomized_3,nominal,200,0,0.0,1.734723475976807e-18,0.018845326377266575,0.15229951057628485,0.20888594916824715,-0.0159508491402732,0.6057748212765279,,,,,,,,
0.005,0.0,0.0,0.25,randomized_3,oracle,200,200,1.0,0.9811546736227335,1.0,0.03565159917443569,0.04477811603845747,0.000512259177968012,0.1714610476969156,,,,,,,,
0.005,0.0,0.0,0.25,randomized_3,blind_joint_search,200,200,1.0,0.9811546736227335,1.0,0.03565159917443569,0.04477811603845747,0.0005122591779680119,0.1714610476969156,200,1.0,0.9811546736227335,1.0,200,1.0,0.9811546736227335,1.0
0.005,0.0,0.0,0.25,POOLED_ALL_VECTORS,nominal,1200,0,0.0,2.168404344971009e-19,0.003191000602734924,0.16291985827998787,0.250215785027239,-0.028599777211900126,1.0297196874371073,,,,,,,,
0.005,0.0,0.0,0.25,POOLED_ALL_VECTORS,oracle,1200,1200,1.0,0.9968089993972651,1.0,0.03529635255069755,0.044235674865903386,0.00010213161545594347,0.18518724121778984,,,,,,,,
0.005,0.0,0.0,0.25,POOLED_ALL_VECTORS,blind_joint_search,1200,1200,1.0,0.9968089993972651,1.0,0.03529635255069755,0.044235674865903386,0.00010213161545594345,0.18518724121778984,,,,,,,,
0.005,0.0,0.0,0.45,mixed_signs,nominal,200,0,0.0,1.734723475976807e-18,0.018845326377266575,0.18093166881359757,0.250611661346819,-0.059587134436559434,0.7680117558792774,,,,,,,,
0.005,0.0,0.0,0.45,mixed_signs,oracle,200,191,0.955,0.9167032959981803,0.976147456998507,0.06338244692582377,0.07974199656414703,-0.0009006834175088551,0.33757038164610187,,,,,,,,
0.005,0.0,0.0,0.45,mixed_signs,blind_joint_search,200,191,0.955,0.9167032959981803,0.976147456998507,0.06338244692582377,0.07974199656414703,-0.0009006834175088554,0.33757038164610187,200,1.0,0.9811546736227335,1.0,200,1.0,0.9811546736227335,1.0
0.005,0.0,0.0,0.45,sparse_and_zeros,nominal,200,0,0.0,1.734723475976807e-18,0.018845326377266575,0.09631759715251093,0.16710463826793376,0.007841799503368822,0.8826885154918969,,,,,,,,
0.005,0.0,0.0,0.45,sparse_and_zeros,oracle,200,185,0.925,0.8799563897637055,0.954025082815618,0.06398240992886693,0.07996611900316736,0.0011647783665360368,0.30562027153789584,,,,,,,,
0.005,0.0,0.0,0.45,sparse_and_zeros,blind_joint_search,200,185,0.925,0.8799563897637055,0.954025082815618,0.06398240992886693,0.07996611900316736,0.001164778366536037,0.30562027153789584,200,1.0,0.9811546736227335,1.0,200,1.0,0.9811546736227335,1.0
0.005,0.0,0.0,0.45,boundary_values,nominal,200,0,0.0,1.734723475976807e-18,0.018845326377266575,0.21577678104638756,0.3309739644669803,-0.05433935533279548,1.1324166291737898,,,,,,,,
0.005,0.0,0.0,0.45,boundary_values,oracle,200,189,0.945,0.9042130012276914,0.9690146582965411,0.06352774131374703,0.07938428695311726,0.0004575711239269624,0.3494074963180096,,,,,,,,
0.005,0.0,0.0,0.45,boundary_values,blind_joint_search,200,189,0.945,0.9042130012276914,0.9690146582965411,0.06352774131374703,0.07938428695311726,0.00045757112392696227,0.3494074963180096,200,1.0,0.9811546736227335,1.0,200,1.0,0.9811546736227335,1.0
0.005,0.0,0.0,0.45,randomized_1,nominal,200,0,0.0,1.734723475976807e-18,0.018845326377266575,0.20915686445024087,0.28987080966005924,-0.062085374808436934,1.0730255115134564,,,,,,,,
0.005,0.0,0.0,0.45,randomized_1,oracle,200,188,0.94,0.8980683070423372,0.9653478057456681,0.06271011968828284,0.0785669577763216,0.000377965575737028,0.31410719964306244,,,,,,,,
0.005,0.0,0.0,0.45,randomized_1,blind_joint_search,200,188,0.94,0.8980683070423372,0.9653478057456681,0.06271011968828284,0.07856695777632161,0.0003779655757370282,0.31410719964306244,200,1.0,0.9811546736227335,1.0,200,1.0,0.9811546736227335,1.0
0.005,0.0,0.0,0.45,randomized_2,nominal,200,0,0.0,1.734723475976807e-18,0.018845326377266575,0.19612672087966526,0.2639841702487645,0.014554987280356096,0.9394811482118932,,,,,,,,
0.005,0.0,0.0,0.45,randomized_2,oracle,200,185,0.925,0.8799563897637055,0.954025082815618,0.06303390942588458,0.0791086143306137,0.00016883112675003287,0.3374791597432836,,,,,,,,
0.005,0.0,0.0,0.45,randomized_2,blind_joint_search,200,185,0.925,0.8799563897637055,0.954025082815618,0.06303390942588458,0.0791086143306137,0.00016883112675003298,0.3374791597432836,200,1.0,0.9811546736227335,1.0,200,1.0,0.9811546736227335,1.0
0.005,0.0,0.0,0.45,randomized_3,nominal,200,0,0.0,1.734723475976807e-18,0.018845326377266575,0.16523375987312341,0.2186087786697016,-0.014191516042346187,0.648781548236919,,,,,,,,
0.005,0.0,0.0,0.45,randomized_3,oracle,200,192,0.96,0.923067931799067,0.9795943679338476,0.06408777451615373,0.07990518222214318,0.0018221373889965855,0.3074399175136254,,,,,,,,
0.005,0.0,0.0,0.45,randomized_3,blind_joint_search,200,192,0.96,0.923067931799067,0.9795943679338476,0.06408777451615372,0.07990518222214318,0.0018221373889965853,0.3074399175136254,200,1.0,0.9811546736227335,1.0,200,1.0,0.9811546736227335,1.0
0.005,0.0,0.0,0.45,POOLED_ALL_VECTORS,nominal,1200,0,0.0,2.168404344971009e-19,0.003191000602734924,0.17725723203592092,0.25877160348945594,-0.027967765639402186,1.1324166291737898,,,,,,,,
0.005,0.0,0.0,0.45,POOLED_ALL_VECTORS,oracle,1200,1130,0.9416666666666667,0.9269430402484113,0.9535715758858394,0.06345406696645982,0.07944705687962898,0.0005151000274062986,0.3494074963180096,,,,,,,,
0.005,0.0,0.0,0.45,POOLED_ALL_VECTORS,blind_joint_search,1200,1130,0.9416666666666667,0.9269430402484113,0.9535715758858394,0.0634540669664598,0.07944705687962898,0.0005151000274062986,0.3494074963180096,,,,,,,,
0.005,0.0,2.0,0.0,mixed_signs,nominal,1,0,0.0,,,0.7638206453822874,0.929229651203007,-0.12335789438350352,1.9716437717024742,,,,,,,,
0.005,0.0,2.0,0.0,mixed_signs,oracle,1,1,1.0,,,8.500145032286355e-17,2.0419692283671577e-16,-4.336808689942018e-17,9.992007221626409e-16,,,,,,,,
0.005,0.0,2.0,0.0,mixed_signs,blind_joint_search,1,1,1.0,,,8.500145032286355e-17,2.0419692283671577e-16,-4.336808689942018e-17,9.992007221626409e-16,1,1.0,,,1,1.0,,
0.005,0.0,2.0,0.0,sparse_and_zeros,nominal,1,0,0.0,,,0.15498585197268266,0.4806108694696453,0.011516905531656357,1.8660381056594835,,,,,,,,
0.005,0.0,2.0,0.0,sparse_and_zeros,oracle,1,1,1.0,,,8.673617379884035e-18,4.046035655711836e-17,8.673617379884035e-18,2.220446049250313e-16,,,,,,,,
0.005,0.0,2.0,0.0,sparse_and_zeros,blind_joint_search,1,1,1.0,,,8.673617379884035e-18,4.046035655711836e-17,8.673617379884035e-18,2.220446049250313e-16,1,1.0,,,1,1.0,,
0.005,0.0,2.0,0.0,boundary_values,nominal,1,0,0.0,,,0.8249689274689773,1.1290006566702742,-0.11589429749804629,2.425301916390577,,,,,,,,
0.005,0.0,2.0,0.0,boundary_values,oracle,1,1,1.0,,,8.155233216164404e-17,1.6797284927444918e-16,5.183841637196318e-18,4.440892098500626e-16,,,,,,,,
0.005,0.0,2.0,0.0,boundary_values,blind_joint_search,1,1,1.0,,,8.155233216164404e-17,1.6797284927444918e-16,5.183841637196318e-18,4.440892098500626e-16,1,1.0,,,1,1.0,,
0.005,0.0,2.0,0.0,randomized_1,nominal,1,0,0.0,,,0.9335197120955858,1.0515093846244112,-0.1873482904280871,2.3090438236991595,,,,,,,,
0.005,0.0,2.0,0.0,randomized_1,oracle,1,1,1.0,,,1.448494102440634e-16,2.59861345095952e-16,4.9439619065339e-17,1.1102230246251565e-15,,,,,,,,
0.005,0.0,2.0,0.0,randomized_1,blind_joint_search,1,1,1.0,,,1.448494102440634e-16,2.59861345095952e-16,4.9439619065339e-17,1.1102230246251565e-15,1,1.0,,,1,1.0,,
0.005,0.0,2.0,0.0,randomized_2,nominal,1,0,0.0,,,0.8887160976729365,1.011573029874151,0.06265912563481571,2.1820732395881537,,,,,,,,
0.005,0.0,2.0,0.0,randomized_2,oracle,1,1,1.0,,,9.020562075079397e-17,1.7109685898544713e-16,-6.938893903907228e-18,6.661338147750939e-16,,,,,,,,
0.005,0.0,2.0,0.0,randomized_2,blind_joint_search,1,1,1.0,,,9.020562075079397e-17,1.7109685898544713e-16,-6.938893903907228e-18,6.661338147750939e-16,1,1.0,,,1,1.0,,
0.005,0.0,2.0,0.0,randomized_3,nominal,1,0,0.0,,,0.6898855525894274,0.8100395274054283,-0.011417294221658617,1.5091660126806268,,,,,,,,
0.005,0.0,2.0,0.0,randomized_3,oracle,1,1,1.0,,,1.0256552551712872e-16,1.7907606821352911e-16,-3.968179951296946e-17,6.661338147750939e-16,,,,,,,,
0.005,0.0,2.0,0.0,randomized_3,blind_joint_search,1,1,1.0,,,1.0256552551712872e-16,1.7907606821352911e-16,-3.968179951296946e-17,6.661338147750939e-16,1,1.0,,,1,1.0,,
0.005,0.0,2.0,0.0,POOLED_ALL_VECTORS,nominal,6,0,0.0,,,0.7093161311969828,0.9268416847885735,-0.06064029089413725,2.425301916390577,,,,,,,,
0.005,0.0,2.0,0.0,POOLED_ALL_VECTORS,oracle,6,6,1.0,,,8.547465939606295e-17,1.8276514705976702e-16,-4.448617038979585e-18,1.1102230246251565e-15,,,,,,,,
0.005,0.0,2.0,0.0,POOLED_ALL_VECTORS,blind_joint_search,6,6,1.0,,,8.547465939606295e-17,1.8276514705976702e-16,-4.448617038979585e-18,1.1102230246251565e-15,,,,,,,,
0.005,0.0,2.0,0.25,mixed_signs,nominal,200,0,0.0,1.734723475976807e-18,0.018845326377266575,0.7640915547361317,0.930388454701944,-0.12416835078005505,2.111963251985904,,,,,,,,
0.005,0.0,2.0,0.25,mixed_signs,oracle,200,200,1.0,0.9811546736227335,1.0,0.03464163796364716,0.04370621205425972,4.6961455299979886e-07,0.16583879309203264,,,,,,,,
0.005,0.0,2.0,0.25,mixed_signs,blind_joint_search,200,200,1.0,0.9811546736227335,1.0,0.03464163796364716,0.04370621205425972,4.696145529997468e-07,0.16583879309203264,200,1.0,0.9811546736227335,1.0,200,1.0,0.9811546736227335,1.0
0.005,0.0,2.0,0.25,sparse_and_zeros,nominal,200,0,0.0,1.734723475976807e-18,0.018845326377266575,0.18333452523659738,0.4818792183890908,0.011111054519996723,1.973036595064431,,,,,,,,
0.005,0.0,2.0,0.25,sparse_and_zeros,oracle,200,200,1.0,0.9811546736227335,1.0,0.035665045217087916,0.044761437652134174,-0.000649527303877418,0.17709576985188422,,,,,,,,
0.005,0.0,2.0,0.25,sparse_and_zeros,blind_joint_search,200,200,1.0,0.9811546736227335,1.0,0.035665045217087916,0.044761437652134174,-0.0006495273038774181,0.17709576985188422,200,1.0,0.9811546736227335,1.0,200,1.0,0.9811546736227335,1.0
0.005,0.0,2.0,0.25,boundary_values,nominal,200,0,0.0,1.734723475976807e-18,0.018845326377266575,0.8324973343534741,1.1295450244722478,-0.11643336789499382,2.5534656933206485,,,,,,,,
0.005,0.0,2.0,0.25,boundary_values,oracle,200,200,1.0,0.9811546736227335,1.0,0.03539396161541752,0.044412758677961114,-0.0003816297117012985,0.18126356160397705,,,,,,,,
0.005,0.0,2.0,0.25,boundary_values,blind_joint_search,200,200,1.0,0.9811546736227335,1.0,0.03539396161541752,0.044412758677961114,-0.00038162971170129846,0.18126356160397705,200,1.0,0.9811546736227335,1.0,200,1.0,0.9811546736227335,1.0
0.005,0.0,2.0,0.25,randomized_1,nominal,200,0,0.0,1.734723475976807e-18,0.018845326377266575,0.9327047447174693,1.0507743572539796,-0.18669305323261717,2.403779303559162,,,,,,,,
0.005,0.0,2.0,0.25,randomized_1,oracle,200,200,1.0,0.9811546736227335,1.0,0.03515406352789203,0.04430966889951466,0.0009094885784681956,0.17077816689561526,,,,,,,,
0.005,0.0,2.0,0.25,randomized_1,blind_joint_search,200,200,1.0,0.9811546736227335,1.0,0.03515406352789203,0.04430966889951467,0.0009094885784681956,0.17077816689561526,200,1.0,0.9811546736227335,1.0,200,1.0,0.9811546736227335,1.0
0.005,0.0,2.0,0.25,randomized_2,nominal,200,0,0.0,1.734723475976807e-18,0.018845326377266575,0.8892291782151349,1.0131130141598426,0.06282165551814684,2.3012589153423786,,,,,,,,
0.005,0.0,2.0,0.25,randomized_2,oracle,200,200,1.0,0.9811546736227335,1.0,0.035060024386366996,0.044001207319648204,-0.0003531202595281911,0.183486839578896,,,,,,,,
0.005,0.0,2.0,0.25,randomized_2,blind_joint_search,200,200,1.0,0.9811546736227335,1.0,0.035060024386366996,0.044001207319648204,-0.0003531202595281911,0.183486839578896,200,1.0,0.9811546736227335,1.0,200,1.0,0.9811546736227335,1.0
0.005,0.0,2.0,0.25,randomized_3,nominal,200,0,0.0,1.734723475976807e-18,0.018845326377266575,0.6899945298823082,0.810767935290523,-0.01120686517041626,1.6790109984481845,,,,,,,,
0.005,0.0,2.0,0.25,randomized_3,oracle,200,200,1.0,0.9811546736227335,1.0,0.034912364381522065,0.04378295936515742,-0.0001758789296221866,0.17004027261539179,,,,,,,,
0.005,0.0,2.0,0.25,randomized_3,blind_joint_search,200,200,1.0,0.9811546736227335,1.0,0.034912364381522065,0.04378295936515742,-0.00017587892962218663,0.17004027261539179,200,1.0,0.9811546736227335,1.0,200,1.0,0.9811546736227335,1.0
0.005,0.0,2.0,0.25,POOLED_ALL_VECTORS,nominal,1200,0,0.0,2.168404344971009e-19,0.003191000602734924,0.7153086445235193,0.9275030632730884,-0.06076148783998979,2.5534656933206485,,,,,,,,
0.005,0.0,2.0,0.25,POOLED_ALL_VECTORS,oracle,1200,1200,1.0,0.9968089993972651,1.0,0.03513784951532228,0.04416392370201975,-0.00010836633528464979,0.183486839578896,,,,,,,,
0.005,0.0,2.0,0.25,POOLED_ALL_VECTORS,blind_joint_search,1200,1200,1.0,0.9968089993972651,1.0,0.035137849515322284,0.04416392370201975,-0.0001083663352846498,0.183486839578896,,,,,,,,
0.005,0.0,2.0,0.45,mixed_signs,nominal,200,0,0.0,1.734723475976807e-18,0.018845326377266575,0.7665725688720713,0.9330716635342887,-0.12452037884244944,2.2134575705350734,,,,,,,,
0.005,0.0,2.0,0.45,mixed_signs,oracle,200,188,0.94,0.8980683070423372,0.9653478057456681,0.06361427460756511,0.07960305492914344,-0.0011592577244305211,0.29596239760414056,,,,,,,,
0.005,0.0,2.0,0.45,mixed_signs,blind_joint_search,200,188,0.94,0.8980683070423372,0.9653478057456681,0.0636142746075651,0.07960305492914342,-0.0011592577244305211,0.29596239760414056,200,1.0,0.9811546736227335,1.0,200,1.0,0.9811546736227335,1.0
0.005,0.0,2.0,0.45,sparse_and_zeros,nominal,200,0,0.0,1.734723475976807e-18,0.018845326377266575,0.20652325643270136,0.4884902064900691,0.011772641167641096,2.067433249038631,,,,,,,,
0.005,0.0,2.0,0.45,sparse_and_zeros,oracle,200,195,0.975,0.942821659593358,0.9892752803482386,0.06354617208437417,0.07914424756931454,-6.493036313943087e-05,0.2672355963162996,,,,,,,,
0.005,0.0,2.0,0.45,sparse_and_zeros,blind_joint_search,200,195,0.975,0.942821659593358,0.9892752803482386,0.06354617208437417,0.07914424756931454,-6.493036313943115e-05,0.2672355963162996,200,1.0,0.9811546736227335,1.0,200,1.0,0.9811546736227335,1.0
0.005,0.0,2.0,0.45,boundary_values,nominal,200,0,0.0,1.734723475976807e-18,0.018845326377266575,0.8406754706091752,1.1322751501074666,-0.11323865105201122,2.715878100347809,,,,,,,,
0.005,0.0,2.0,0.45,boundary_values,oracle,200,186,0.93,0.8859451911438936,0.9578478281716571,0.06406465139192138,0.08001327237419519,0.003086524128684,0.3255326393981429,,,,,,,,
0.005,0.0,2.0,0.45,boundary_values,blind_joint_search,200,186,0.93,0.8859451911438936,0.9578478281716571,0.0640646513919214,0.08001327237419519,0.0030865241286840007,0.3255326393981429,200,1.0,0.9811546736227335,1.0,200,1.0,0.9811546736227335,1.0
0.005,0.0,2.0,0.45,randomized_1,nominal,200,0,0.0,1.734723475976807e-18,0.018845326377266575,0.935297093747224,1.0556475651056414,-0.18789505440098198,2.475225513568398,,,,,,,,
0.005,0.0,2.0,0.45,randomized_1,oracle,200,194,0.97,0.9361057075454807,0.9861796856598887,0.06342531475355567,0.0795604227306287,-0.001299849389396612,0.3235342861615733,,,,,,,,
0.005,0.0,2.0,0.45,randomized_1,blind_joint_search,200,194,0.97,0.9361057075454807,0.9861796856598887,0.06342531475355567,0.0795604227306287,-0.0012998493893966118,0.3235342861615733,200,1.0,0.9811546736227335,1.0,200,1.0,0.9811546736227335,1.0
0.005,0.0,2.0,0.45,randomized_2,nominal,200,0,0.0,1.734723475976807e-18,0.018845326377266575,0.889283057496169,1.0128824146661026,0.06291143465811387,2.37124069158956,,,,,,,,
0.005,0.0,2.0,0.45,randomized_2,oracle,200,182,0.91,0.8622342812328346,0.9423125511378069,0.06282551153757365,0.07878975580504383,0.0004337514623617496,0.3134360638533296,,,,,,,,
0.005,0.0,2.0,0.45,randomized_2,blind_joint_search,200,182,0.91,0.8622342812328346,0.9423125511378069,0.06282551153757365,0.07878975580504383,0.00043375146236174943,0.3134360638533296,200,1.0,0.9811546736227335,1.0,200,1.0,0.9811546736227335,1.0
0.005,0.0,2.0,0.45,randomized_3,nominal,200,0,0.0,1.734723475976807e-18,0.018845326377266575,0.690312791187657,0.8116634618790939,-0.011352380647150996,1.7609847622961055,,,,,,,,
0.005,0.0,2.0,0.45,randomized_3,oracle,200,194,0.97,0.9361057075454807,0.9861796856598887,0.0629967865821474,0.07914928116736619,-0.0005544942177159568,0.3639472577436065,,,,,,,,
0.005,0.0,2.0,0.45,randomized_3,blind_joint_search,200,194,0.97,0.9361057075454807,0.9861796856598887,0.0629967865821474,0.07914928116736619,-0.0005544942177159565,0.3639472577436065,200,1.0,0.9811546736227335,1.0,200,1.0,0.9811546736227335,1.0
0.005,0.0,2.0,0.45,POOLED_ALL_VECTORS,nominal,1200,0,0.0,2.168404344971009e-19,0.003191000602734924,0.7214440397241664,0.9300907276247392,-0.06038706485280643,2.715878100347809,,,,,,,,
0.005,0.0,2.0,0.45,POOLED_ALL_VECTORS,oracle,1200,1139,0.9491666666666667,0.9352426635533437,0.9602240875718662,0.06341211849285623,0.07937765977443725,7.362398272720474e-05,0.3639472577436065,,,,,,,,
0.005,0.0,2.0,0.45,POOLED_ALL_VECTORS,blind_joint_search,1200,1139,0.9491666666666667,0.9352426635533437,0.9602240875718662,0.06341211849285623,0.07937765977443725,7.362398272720487e-05,0.3639472577436065,,,,,,,,
0.005,2500.0,-2.0,0.0,mixed_signs,nominal,1,0,0.0,,,0.5027613517357602,0.7872519320857065,-0.16479294874288164,1.9598940418616668,,,,,,,,
0.005,2500.0,-2.0,0.0,mixed_signs,oracle,1,1,1.0,,,0.018911087952916697,0.029590206983463423,-0.0017592842882109814,0.0962266141588497,,,,,,,,
0.005,2500.0,-2.0,0.0,mixed_signs,blind_joint_search,1,1,1.0,,,0.018911087952916697,0.029590206983463423,-0.0017592842882109814,0.0962266141588497,1,1.0,,,1,1.0,,
0.005,2500.0,-2.0,0.0,sparse_and_zeros,nominal,1,0,0.0,,,0.14692517695426247,0.5081048800600454,0.04129351982494643,2.3518728502339874,,,,,,,,
0.005,2500.0,-2.0,0.0,sparse_and_zeros,oracle,1,1,1.0,,,0.007032408459685251,0.017477447262530976,0.0006794705585537405,0.06784551629966584,,,,,,,,
0.005,2500.0,-2.0,0.0,sparse_and_zeros,blind_joint_search,1,1,1.0,,,0.007032408459685251,0.017477447262530976,0.0006794705585537405,0.06784551629966584,1,1.0,,,1,1.0,,
0.005,2500.0,-2.0,0.0,boundary_values,nominal,1,0,0.0,,,0.5996535305069868,1.0964732796357621,-0.15130129476959056,3.1358304669786667,,,,,,,,
0.005,2500.0,-2.0,0.0,boundary_values,oracle,1,1,1.0,,,0.025519930588897226,0.03862243810853287,-0.0030154234109290926,0.12172514082588681,,,,,,,,
0.005,2500.0,-2.0,0.0,boundary_values,blind_joint_search,1,1,1.0,,,0.025519930588897226,0.03862243810853287,-0.0030154234109290926,0.12172514082588681,1,1.0,,,1,1.0,,
0.005,2500.0,-2.0,0.0,randomized_1,nominal,1,0,0.0,,,0.6149557733948146,0.9425075749123594,-0.21039997015855286,2.9855128233769435,,,,,,,,
0.005,2500.0,-2.0,0.0,randomized_1,oracle,1,1,1.0,,,0.03581964877894592,0.04455689303132229,-0.0040323468664043086,0.10121048798668775,,,,,,,,
0.005,2500.0,-2.0,0.0,randomized_1,blind_joint_search,1,1,1.0,,,0.03581964877894592,0.04455689303132229,-0.0040323468664043086,0.10121048798668775,1,1.0,,,1,1.0,,
0.005,2500.0,-2.0,0.0,randomized_2,nominal,1,0,0.0,,,0.5806643792486162,0.8513844843743315,0.0969466834688129,2.5889368934967782,,,,,,,,
0.005,2500.0,-2.0,0.0,randomized_2,oracle,1,1,1.0,,,0.03605894130162668,0.042319540352391036,0.0024053940439871906,0.0945606547024993,,,,,,,,
0.005,2500.0,-2.0,0.0,randomized_2,blind_joint_search,1,1,1.0,,,0.03605894130162668,0.042319540352391036,0.0024053940439871906,0.0945606547024993,1,1.0,,,1,1.0,,
0.005,2500.0,-2.0,0.0,randomized_3,nominal,1,0,0.0,,,0.4470355767238486,0.6788348317009986,-0.05018282531656625,1.5934988760632873,,,,,,,,
0.005,2500.0,-2.0,0.0,randomized_3,oracle,1,1,1.0,,,0.028210690367884633,0.03442951875097371,0.000779166929696267,0.06975455240955997,,,,,,,,
0.005,2500.0,-2.0,0.0,randomized_3,blind_joint_search,1,1,1.0,,,0.028210690367884633,0.03442951875097371,0.000779166929696267,0.06975455240955997,1,1.0,,,1,1.0,,
0.005,2500.0,-2.0,0.0,POOLED_ALL_VECTORS,nominal,6,0,0.0,,,0.4819992980940481,0.832083992595275,-0.07307280594897199,3.1358304669786667,,,,,,,,
0.005,2500.0,-2.0,0.0,POOLED_ALL_VECTORS,oracle,6,6,1.0,,,0.025258784574992737,0.03567068406794813,-0.0008238371722178641,0.12172514082588681,,,,,,,,
0.005,2500.0,-2.0,0.0,POOLED_ALL_VECTORS,blind_joint_search,6,6,1.0,,,0.025258784574992737,0.03567068406794813,-0.0008238371722178641,0.12172514082588681,,,,,,,,
0.005,2500.0,-2.0,0.25,mixed_signs,nominal,200,0,0.0,1.734723475976807e-18,0.018845326377266575,0.5074314767528789,0.7876965336019047,-0.16416146597115733,2.054862385922301,,,,,,,,
0.005,2500.0,-2.0,0.25,mixed_signs,oracle,200,200,1.0,0.9811546736227335,1.0,0.04062703034797352,0.05198372032459285,-0.001352933823233784,0.24585004142886602,,,,,,,,
0.005,2500.0,-2.0,0.25,mixed_signs,blind_joint_search,200,200,1.0,0.9811546736227335,1.0,0.04062703034797352,0.05198372032459285,-0.0013529338232337832,0.24585004142886602,200,1.0,0.9811546736227335,1.0,200,1.0,0.9811546736227335,1.0
0.005,2500.0,-2.0,0.25,sparse_and_zeros,nominal,200,0,0.0,1.734723475976807e-18,0.018845326377266575,0.17464569653729567,0.5105966220720516,0.040971355109982906,2.4537198943935823,,,,,,,,
0.005,2500.0,-2.0,0.25,sparse_and_zeros,oracle,200,200,1.0,0.9811546736227335,1.0,0.037489817465272884,0.047212154327644244,0.0005590004534897598,0.18120282470591653,,,,,,,,
0.005,2500.0,-2.0,0.25,sparse_and_zeros,blind_joint_search,200,200,1.0,0.9811546736227335,1.0,0.037489817465272884,0.047212154327644244,0.0005590004534897604,0.18120282470591653,200,1.0,0.9811546736227335,1.0,200,1.0,0.9811546736227335,1.0
0.005,2500.0,-2.0,0.25,boundary_values,nominal,200,0,0.0,1.734723475976807e-18,0.018845326377266575,0.610849254724878,1.097536382925935,-0.15148763884353805,3.2439023925413615,,,,,,,,
0.005,2500.0,-2.0,0.25,boundary_values,oracle,200,198,0.99,0.9642782382838231,0.9972533418664555,0.04519368234578918,0.058080136571945794,-0.002828768179716768,0.26148383844408607,,,,,,,,
0.005,2500.0,-2.0,0.25,boundary_values,blind_joint_search,200,198,0.99,0.9642782382838231,0.9972533418664555,0.04519368234578919,0.058080136571945794,-0.002828768179716769,0.26148383844408607,200,1.0,0.9811546736227335,1.0,200,1.0,0.9811546736227335,1.0
0.005,2500.0,-2.0,0.25,randomized_1,nominal,200,0,0.0,1.734723475976807e-18,0.018845326377266575,0.6179743765675887,0.943882470839931,-0.2111293967587571,3.1078225224537697,,,,,,,,
0.005,2500.0,-2.0,0.25,randomized_1,oracle,200,200,1.0,0.9811546736227335,1.0,0.04932616046201051,0.06204081629869447,-0.003675663586066164,0.24239932893283833,,,,,,,,
0.005,2500.0,-2.0,0.25,randomized_1,blind_joint_search,200,200,1.0,0.9811546736227335,1.0,0.04932616046201051,0.06204081629869447,-0.003675663586066165,0.24239932893283833,200,1.0,0.9811546736227335,1.0,200,1.0,0.9811546736227335,1.0
0.005,2500.0,-2.0,0.25,randomized_2,nominal,200,0,0.0,1.734723475976807e-18,0.018845326377266575,0.5832303158101344,0.8524260942527025,0.09683063022434656,2.710177565602563,,,,,,,,
0.005,2500.0,-2.0,0.25,randomized_2,oracle,200,200,1.0,0.9811546736227335,1.0,0.04946290952587404,0.06145018572185215,0.0024124294428541663,0.20195501854829656,,,,,,,,
0.005,2500.0,-2.0,0.25,randomized_2,blind_joint_search,200,200,1.0,0.9811546736227335,1.0,0.04946290952587404,0.06145018572185215,0.0024124294428541676,0.20195501854829656,200,1.0,0.9811546736227335,1.0,200,1.0,0.9811546736227335,1.0
0.005,2500.0,-2.0,0.25,randomized_3,nominal,200,0,0.0,1.734723475976807e-18,0.018845326377266575,0.45237552713245266,0.679523043778296,-0.04965729724519354,1.6876967611475056,,,,,,,,
0.005,2500.0,-2.0,0.25,randomized_3,oracle,200,200,1.0,0.9811546736227335,1.0,0.04405412441142156,0.055084933352907726,0.0016183457230321727,0.20209414075072396,,,,,,,,
0.005,2500.0,-2.0,0.25,randomized_3,blind_joint_search,200,200,1.0,0.9811546736227335,1.0,0.044054124411421564,0.055084933352907726,0.0016183457230321727,0.20209414075072396,200,1.0,0.9811546736227335,1.0,200,1.0,0.9811546736227335,1.0
0.005,2500.0,-2.0,0.25,POOLED_ALL_VECTORS,nominal,1200,0,0.0,2.168404344971009e-19,0.003191000602734924,0.49108444125420475,0.8331723294446675,-0.07310563558071943,3.2439023925413615,,,,,,,,
0.005,2500.0,-2.0,0.25,POOLED_ALL_VECTORS,oracle,1200,1198,0.9983333333333333,0.9939434818973136,0.9995428208352937,0.04435895409305695,0.056220006898510526,-0.0005445983282734364,0.26148383844408607,,,,,,,,
0.005,2500.0,-2.0,0.25,POOLED_ALL_VECTORS,blind_joint_search,1200,1198,0.9983333333333333,0.9939434818973136,0.9995428208352937,0.04435895409305695,0.056220006898510526,-0.0005445983282734359,0.26148383844408607,,,,,,,,
0.005,2500.0,-2.0,0.45,mixed_signs,nominal,200,0,0.0,1.734723475976807e-18,0.018845326377266575,0.5183599924962138,0.7919848732100707,-0.16517580609233398,2.1613358681609807,,,,,,,,
0.005,2500.0,-2.0,0.45,mixed_signs,oracle,200,185,0.925,0.8799563897637055,0.954025082815618,0.06611386127516006,0.08271779774661192,-0.0013113823975553695,0.3146064452925492,,,,,,,,
0.005,2500.0,-2.0,0.45,mixed_signs,blind_joint_search,200,185,0.925,0.8799563897637055,0.954025082815618,0.06611386127516006,0.08271779774661192,-0.0013113823975553695,0.3146064452925492,200,1.0,0.9811546736227335,1.0,200,1.0,0.9811546736227335,1.0
0.005,2500.0,-2.0,0.45,sparse_and_zeros,nominal,200,0,0.0,1.734723475976807e-18,0.018845326377266575,0.19940020443573853,0.5162269608491118,0.04083852440182954,2.551684030042267,,,,,,,,
0.005,2500.0,-2.0,0.45,sparse_and_zeros,oracle,200,191,0.955,0.9167032959981803,0.976147456998507,0.06297090656311266,0.07900122583737204,0.0014798461339322472,0.33395561326003476,,,,,,,,
0.005,2500.0,-2.0,0.45,sparse_and_zeros,blind_joint_search,200,191,0.955,0.9167032959981803,0.976147456998507,0.06297090656311266,0.07900122583737204,0.0014798461339322478,0.33395561326003476,200,1.0,0.9811546736227335,1.0,200,1.0,0.9811546736227335,1.0
0.005,2500.0,-2.0,0.45,boundary_values,nominal,200,0,0.0,1.734723475976807e-18,0.018845326377266575,0.6208572772811692,1.0983526378078006,-0.1505367467611839,3.367998677815985,,,,,,,,
0.005,2500.0,-2.0,0.45,boundary_values,oracle,200,169,0.845,0.7883930940765792,0.8886036307231068,0.06883605354513797,0.08655276331400757,-0.0033715300921917267,0.3234511902839472,,,,,,,,
0.005,2500.0,-2.0,0.45,boundary_values,blind_joint_search,200,169,0.845,0.7883930940765792,0.8886036307231068,0.06883605354513797,0.08655276331400757,-0.003371530092191728,0.3234511902839472,200,1.0,0.9811546736227335,1.0,200,1.0,0.9811546736227335,1.0
0.005,2500.0,-2.0,0.45,randomized_1,nominal,200,0,0.0,1.734723475976807e-18,0.018845326377266575,0.6227621941712571,0.9444542205619297,-0.20887143809419512,3.2003881651984654,,,,,,,,
0.005,2500.0,-2.0,0.45,randomized_1,oracle,200,167,0.835,0.7773421846094045,0.8800314467178268,0.07266098911302389,0.09085083222064154,-0.0036889597236204243,0.3412584901134512,,,,,,,,
0.005,2500.0,-2.0,0.45,randomized_1,blind_joint_search,200,167,0.835,0.7773421846094045,0.8800314467178268,0.07266098911302389,0.09085083222064154,-0.0036889597236204248,0.3412584901134512,200,1.0,0.9811546736227335,1.0,200,1.0,0.9811546736227335,1.0
0.005,2500.0,-2.0,0.45,randomized_2,nominal,200,0,0.0,1.734723475976807e-18,0.018845326377266575,0.5873618916908628,0.8541120953803836,0.0961226900773864,2.794918432378203,,,,,,,,
0.005,2500.0,-2.0,0.45,randomized_2,oracle,200,169,0.845,0.7883930940765792,0.8886036307231068,0.07068501168074853,0.08887356169300618,0.002194297234846261,0.3825559926352645,,,,,,,,
0.005,2500.0,-2.0,0.45,randomized_2,blind_joint_search,200,169,0.845,0.7883930940765792,0.8886036307231068,0.07068501168074852,0.08887356169300618,0.0021942972348462614,0.3825559926352645,200,1.0,0.9811546736227335,1.0,200,1.0,0.9811546736227335,1.0
0.005,2500.0,-2.0,0.45,randomized_3,nominal,200,0,0.0,1.734723475976807e-18,0.018845326377266575,0.46017746461163783,0.6829508180891063,-0.050136418647162194,1.829573107267568,,,,,,,,
0.005,2500.0,-2.0,0.45,randomized_3,oracle,200,177,0.885,0.8333528310151243,0.9221362676743804,0.06832474375398964,0.08595339915127835,0.00010875226300322699,0.3502415918892998,,,,,,,,
0.005,2500.0,-2.0,0.45,randomized_3,blind_joint_search,200,177,0.885,0.8333528310151243,0.9221362676743804,0.06832474375398964,0.08595339915127835,0.00010875226300322755,0.3502415918892998,200,1.0,0.9811546736227335,1.0,200,1.0,0.9811546736227335,1.0
0.005,2500.0,-2.0,0.45,POOLED_ALL_VECTORS,nominal,1200,0,0.0,2.168404344971009e-19,0.003191000602734924,0.5014865041144799,0.8354671245897238,-0.07295986585260988,3.367998677815985,,,,,,,,
0.005,2500.0,-2.0,0.45,POOLED_ALL_VECTORS,oracle,1200,1058,0.8816666666666667,0.8621621023992274,0.8987354338073517,0.06826526098852878,0.08574689410700753,-0.0007648294302642968,0.3825559926352645,,,,,,,,
0.005,2500.0,-2.0,0.45,POOLED_ALL_VECTORS,blind_joint_search,1200,1058,0.8816666666666667,0.8621621023992274,0.8987354338073517,0.0682652609885288,0.08574689410700755,-0.0007648294302642977,0.3825559926352645,,,,,,,,
0.005,2500.0,0.0,0.0,mixed_signs,nominal,1,0,0.0,,,0.9634287151353087,1.3643523569839708,-0.2768431897531804,3.342044407882842,,,,,,,,
0.005,2500.0,0.0,0.0,mixed_signs,oracle,1,1,1.0,,,0.01881166182416013,0.029511503519428512,-0.0017621849736025792,0.09633983363944743,,,,,,,,
0.005,2500.0,0.0,0.0,mixed_signs,blind_joint_search,1,1,1.0,,,0.01881166182416013,0.029511503519428512,-0.0017621849736025792,0.09633983363944743,1,1.0,,,1,1.0,,
0.005,2500.0,0.0,0.0,sparse_and_zeros,nominal,1,0,0.0,,,0.19680560240787903,0.7422887289597894,0.001010803729997946,3.0322616630907167,,,,,,,,
0.005,2500.0,0.0,0.0,sparse_and_zeros,oracle,1,1,1.0,,,0.006973656424261195,0.017382540231365647,0.0006376032960244696,0.06767180616400492,,,,,,,,
0.005,2500.0,0.0,0.0,sparse_and_zeros,blind_joint_search,1,1,1.0,,,0.006973656424261195,0.017382540231365647,0.0006376032960244696,0.06767180616400492,1,1.0,,,1,1.0,,
0.005,2500.0,0.0,0.0,boundary_values,nominal,1,0,0.0,,,1.081113470460068,1.6802435850251258,-0.2600032666945399,3.8590230246666897,,,,,,,,
0.005,2500.0,0.0,0.0,boundary_values,oracle,1,1,1.0,,,0.025377247268472822,0.03843953659250137,-0.0030041668583591892,0.12091664303648475,,,,,,,,
0.005,2500.0,0.0,0.0,boundary_values,blind_joint_search,1,1,1.0,,,0.025377247268472822,0.03843953659250137,-0.0030041668583591892,0.12091664303648475,1,1.0,,,1,1.0,,
0.005,2500.0,0.0,0.0,randomized_1,nominal,1,0,0.0,,,1.1549865667490382,1.485631217801297,-0.30589857374631146,3.6740387744716876,,,,,,,,
0.005,2500.0,0.0,0.0,randomized_1,oracle,1,1,1.0,,,0.03565326069650053,0.04438557104422834,-0.00395856940653426,0.10051270856966066,,,,,,,,
0.005,2500.0,0.0,0.0,randomized_1,blind_joint_search,1,1,1.0,,,0.03565326069650053,0.04438557104422834,-0.00395856940653426,0.10051270856966066,1,1.0,,,1,1.0,,
0.005,2500.0,0.0,0.0,randomized_2,nominal,1,0,0.0,,,1.0922393076555863,1.4599145215062066,0.04120084893866277,3.5938416137689417,,,,,,,,
0.005,2500.0,0.0,0.0,randomized_2,oracle,1,1,1.0,,,0.035874167680441854,0.042163219339466346,0.0023731542842584915,0.09464589984104577,,,,,,,,
0.005,2500.0,0.0,0.0,randomized_2,blind_joint_search,1,1,1.0,,,0.035874167680441854,0.042163219339466346,0.0023731542842584915,0.09464589984104577,1,1.0,,,1,1.0,,
0.005,2500.0,0.0,0.0,randomized_3,nominal,1,0,0.0,,,0.8688951129470447,1.1657120487629742,-0.1016815006549533,2.3605833282638575,,,,,,,,
0.005,2500.0,0.0,0.0,randomized_3,oracle,1,1,1.0,,,0.028056686950467716,0.03427620171351286,0.0007365679755943046,0.06952789272933257,,,,,,,,
0.005,2500.0,0.0,0.0,randomized_3,blind_joint_search,1,1,1.0,,,0.028056686950467716,0.03427620171351286,0.0007365679755943046,0.06952789272933257,1,1.0,,,1,1.0,,
0.005,2500.0,0.0,0.0,POOLED_ALL_VECTORS,nominal,6,0,0.0,,,0.8929114625591542,1.3498767550044568,-0.1503691463633874,3.8590230246666897,,,,,,,,
0.005,2500.0,0.0,0.0,POOLED_ALL_VECTORS,oracle,6,6,1.0,,,0.025124446807384043,0.03552781423104568,-0.0008295992804364603,0.12091664303648475,,,,,,,,
0.005,2500.0,0.0,0.0,POOLED_ALL_VECTORS,blind_joint_search,6,6,1.0,,,0.025124446807384043,0.03552781423104568,-0.0008295992804364603,0.12091664303648475,,,,,,,,
0.005,2500.0,0.0,0.25,mixed_signs,nominal,200,0,0.0,1.734723475976807e-18,0.018845326377266575,0.9671942315579622,1.365623474010766,-0.27625721833577416,3.441837482623537,,,,,,,,
0.005,2500.0,0.0,0.25,mixed_signs,oracle,200,200,1.0,0.9811546736227335,1.0,0.041864300401885796,0.05327758048648955,-0.0022268134144582336,0.23045646366398587,,,,,,,,
0.005,2500.0,0.0,0.25,mixed_signs,blind_joint_search,200,200,1.0,0.9811546736227335,1.0,0.041864300401885796,0.05327758048648955,-0.002226813414458234,0.23045646366398587,200,1.0,0.9811546736227335,1.0,200,1.0,0.9811546736227335,1.0
0.005,2500.0,0.0,0.25,sparse_and_zeros,nominal,200,0,0.0,1.734723475976807e-18,0.018845326377266575,0.22655116423436894,0.7436174756558197,0.00046814478653297095,3.1719766417185884,,,,,,,,
0.005,2500.0,0.0,0.25,sparse_and_zeros,oracle,200,200,1.0,0.9811546736227335,1.0,0.037774439236398,0.047673509261628375,0.001402535660963635,0.1963632360234635,,,,,,,,
0.005,2500.0,0.0,0.25,sparse_and_zeros,blind_joint_search,200,200,1.0,0.9811546736227335,1.0,0.037774439236398,0.047673509261628375,0.0014025356609636353,0.1963632360234635,200,1.0,0.9811546736227335,1.0,200,1.0,0.9811546736227335,1.0
0.005,2500.0,0.0,0.25,boundary_values,nominal,200,0,0.0,1.734723475976807e-18,0.018845326377266575,1.0911845817618306,1.6809354519752937,-0.2600347235791026,3.980964637029854,,,,,,,,
0.005,2500.0,0.0,0.25,boundary_values,oracle,200,199,0.995,0.9722262956021069,0.9991168312843989,0.04522931831839771,0.057941304216228035,-0.0036483279603038415,0.28836690335518367,,,,,,,,
0.005,2500.0,0.0,0.25,boundary_values,blind_joint_search,200,199,0.995,0.9722262956021069,0.9991168312843989,0.0452293183183977,0.057941304216228035,-0.003648327960303842,0.28836690335518367,200,1.0,0.9811546736227335,1.0,200,1.0,0.9811546736227335,1.0
0.005,2500.0,0.0,0.25,randomized_1,nominal,200,0,0.0,1.734723475976807e-18,0.018845326377266575,1.1575518253544068,1.4856895509341674,-0.30603849614202205,3.762581261709917,,,,,,,,
0.005,2500.0,0.0,0.25,randomized_1,oracle,200,200,1.0,0.9811546736227335,1.0,0.050795330560804854,0.06301384266098424,-0.003987667071874145,0.23244627970403897,,,,,,,,
0.005,2500.0,0.0,0.25,randomized_1,blind_joint_search,200,200,1.0,0.9811546736227335,1.0,0.050795330560804854,0.06301384266098424,-0.003987667071874146,0.23244627970403897,200,1.0,0.9811546736227335,1.0,200,1.0,0.9811546736227335,1.0
0.005,2500.0,0.0,0.25,randomized_2,nominal,200,0,0.0,1.734723475976807e-18,0.018845326377266575,1.0940906342299699,1.4609748241194322,0.04178092962892047,3.728395094886845,,,,,,,,
0.005,2500.0,0.0,0.25,randomized_2,oracle,200,200,1.0,0.9811546736227335,1.0,0.04878535120820359,0.060219997259718966,0.002334684574465401,0.20275896098178559,,,,,,,,
0.005,2500.0,0.0,0.25,randomized_2,blind_joint_search,200,200,1.0,0.9811546736227335,1.0,0.048785351208203584,0.060219997259718966,0.002334684574465401,0.20275896098178559,200,1.0,0.9811546736227335,1.0,200,1.0,0.9811546736227335,1.0
0.005,2500.0,0.0,0.25,randomized_3,nominal,200,0,0.0,1.734723475976807e-18,0.018845326377266575,0.8719693157961516,1.1668512824654524,-0.10185645359727535,2.487153943800026,,,,,,,,
0.005,2500.0,0.0,0.25,randomized_3,oracle,200,200,1.0,0.9811546736227335,1.0,0.044535279637014626,0.05545060424516589,0.0012750714216877626,0.20321918037734465,,,,,,,,
0.005,2500.0,0.0,0.25,randomized_3,blind_joint_search,200,200,1.0,0.9811546736227335,1.0,0.04453527963701464,0.05545060424516589,0.0012750714216877624,0.20321918037734465,200,1.0,0.9811546736227335,1.0,200,1.0,0.9811546736227335,1.0
0.005,2500.0,0.0,0.25,POOLED_ALL_VECTORS,nominal,1200,0,0.0,2.168404344971009e-19,0.003191000602734924,0.9014236254891151,1.35072210381672,-0.15032296953978677,3.980964637029854,,,,,,,,
0.005,2500.0,0.0,0.25,POOLED_ALL_VECTORS,oracle,1200,1199,0.9991666666666666,0.9952947700098665,0.9998528810550694,0.0448306698937841,0.0564807057765574,-0.0008084194649199042,0.28836690335518367,,,,,,,,
0.005,2500.0,0.0,0.25,POOLED_ALL_VECTORS,blind_joint_search,1200,1199,0.9991666666666666,0.9952947700098665,0.9998528810550694,0.0448306698937841,0.05648070577655741,-0.000808419464919904,0.28836690335518367,,,,,,,,
0.005,2500.0,0.0,0.45,mixed_signs,nominal,200,0,0.0,1.734723475976807e-18,0.018845326377266575,0.9731145664988088,1.3669287980660367,-0.2776674434656294,3.5922772074054268,,,,,,,,
0.005,2500.0,0.0,0.45,mixed_signs,oracle,200,182,0.91,0.8622342812328346,0.9423125511378069,0.06734465356716397,0.08410166568830614,-0.0009371235446151138,0.32954987788426093,,,,,,,,
0.005,2500.0,0.0,0.45,mixed_signs,blind_joint_search,200,182,0.91,0.8622342812328346,0.9423125511378069,0.06734465356716397,0.08410166568830614,-0.0009371235446151146,0.32954987788426093,200,1.0,0.9811546736227335,1.0,200,1.0,0.9811546736227335,1.0
0.005,2500.0,0.0,0.45,sparse_and_zeros,nominal,200,0,0.0,1.734723475976807e-18,0.018845326377266575,0.25114524156052376,0.7465467006762154,0.0023272678252350505,3.255437779864628,,,,,,,,
0.005,2500.0,0.0,0.45,sparse_and_zeros,oracle,200,190,0.95,0.9104218518612239,0.972617354399236,0.06426850525355692,0.0806321200600684,0.001696867827855052,0.2792413915241058,,,,,,,,
0.005,2500.0,0.0,0.45,sparse_and_zeros,blind_joint_search,200,190,0.95,0.9104218518612239,0.972617354399236,0.06426850525355692,0.08063212006006841,0.0016968678278550524,0.2792413915241058,200,1.0,0.9811546736227335,1.0,200,1.0,0.9811546736227335,1.0
0.005,2500.0,0.0,0.45,boundary_values,nominal,200,0,0.0,1.734723475976807e-18,0.018845326377266575,1.1025762510298587,1.6842294928516128,-0.25825463202324417,4.042882225334964,,,,,,,,
0.005,2500.0,0.0,0.45,boundary_values,oracle,200,174,0.87,0.8163364812775159,0.9097179772033067,0.07030602782907877,0.0879789765065492,-0.0038696215046978033,0.32568870172413167,,,,,,,,
0.005,2500.0,0.0,0.45,boundary_values,blind_joint_search,200,174,0.87,0.8163364812775159,0.9097179772033067,0.07030602782907878,0.0879789765065492,-0.0038696215046978024,0.32568870172413167,200,1.0,0.9811546736227335,1.0,200,1.0,0.9811546736227335,1.0
0.005,2500.0,0.0,0.45,randomized_1,nominal,200,0,0.0,1.734723475976807e-18,0.018845326377266575,1.161249810593064,1.4874029233922057,-0.30649442234260693,3.883097525885893,,,,,,,,
0.005,2500.0,0.0,0.45,randomized_1,oracle,200,169,0.845,0.7883930940765792,0.8886036307231068,0.07291820873321389,0.0906981318225144,-0.0029620032555991577,0.354902619805066,,,,,,,,
0.005,2500.0,0.0,0.45,randomized_1,blind_joint_search,200,169,0.845,0.7883930940765792,0.8886036307231068,0.07291820873321389,0.0906981318225144,-0.002962003255599158,0.354902619805066,200,1.0,0.9811546736227335,1.0,200,1.0,0.9811546736227335,1.0
0.005,2500.0,0.0,0.45,randomized_2,nominal,200,0,0.0,1.734723475976807e-18,0.018845326377266575,1.0963838591029664,1.4615508985443,0.041819925708182465,3.796445182145939,,,,,,,,
0.005,2500.0,0.0,0.45,randomized_2,oracle,200,176,0.88,0.8276574790170326,0.9180200729362449,0.07040747529586343,0.08808247462395472,0.0015385645799069541,0.3296896603111623,,,,,,,,
0.005,2500.0,0.0,0.45,randomized_2,blind_joint_search,200,176,0.88,0.8276574790170326,0.9180200729362449,0.07040747529586343,0.08808247462395472,0.0015385645799069533,0.3296896603111623,200,1.0,0.9811546736227335,1.0,200,1.0,0.9811546736227335,1.0
0.005,2500.0,0.0,0.45,randomized_3,nominal,200,0,0.0,1.734723475976807e-18,0.018845326377266575,0.8764543697967154,1.169110320422887,-0.10204270049838145,2.5819036664911654,,,,,,,,
0.005,2500.0,0.0,0.45,randomized_3,oracle,200,186,0.93,0.8859451911438936,0.9578478281716571,0.06789281792506503,0.08483641145608889,0.0007761469425585971,0.2952795582692025,,,,,,,,
0.005,2500.0,0.0,0.45,randomized_3,blind_joint_search,200,186,0.93,0.8859451911438936,0.9578478281716571,0.06789281792506503,0.08483641145608889,0.0007761469425585975,0.2952795582692025,200,1.0,0.9811546736227335,1.0,200,1.0,0.9811546736227335,1.0
0.005,2500.0,0.0,0.45,POOLED_ALL_VECTORS,nominal,1200,0,0.0,2.168404344971009e-19,0.003191000602734924,0.910154016430323,1.352637714907102,-0.1500520007994074,4.042882225334964,,,,,,,,
0.005,2500.0,0.0,0.45,POOLED_ALL_VECTORS,oracle,1200,1077,0.8975,0.8790513267399999,0.9134118277808257,0.06885628143399035,0.08611699350765936,-0.0006261948257652454,0.354902619805066,,,,,,,,
0.005,2500.0,0.0,0.45,POOLED_ALL_VECTORS,blind_joint_search,1200,1077,0.8975,0.8790513267399999,0.9134118277808257,0.06885628143399034,0.08611699350765936,-0.0006261948257652454,0.354902619805066,,,,,,,,
0.005,2500.0,2.0,0.0,mixed_signs,nominal,1,0,0.0,,,1.4817286843095991,1.8361414179420297,-0.2268046199980201,3.982715534113447,,,,,,,,
0.005,2500.0,2.0,0.0,mixed_signs,oracle,1,1,1.0,,,0.019682179819644124,0.030257273232109527,-0.000791660708548407,0.09644542722896832,,,,,,,,
0.005,2500.0,2.0,0.0,mixed_signs,blind_joint_search,1,1,1.0,,,0.019682179819644124,0.030257273232109527,-0.000791660708548407,0.09644542722896832,1,1.0,,,1,1.0,,
0.005,2500.0,2.0,0.0,sparse_and_zeros,nominal,1,0,0.0,,,0.2621856488482496,0.8395954018335203,-0.025503478781950542,3.8314316267201116,,,,,,,,
0.005,2500.0,2.0,0.0,sparse_and_zeros,oracle,1,1,1.0,,,0.00788915473868729,0.018659374598740824,0.001570627927283286,0.06749054410332067,,,,,,,,
0.005,2500.0,2.0,0.0,sparse_and_zeros,blind_joint_search,1,1,1.0,,,0.00788915473868729,0.018659374598740824,0.001570627927283286,0.06749054410332067,1,1.0,,,1,1.0,,
0.005,2500.0,2.0,0.0,boundary_values,nominal,1,0,0.0,,,1.5579990237815102,2.1030185297590784,-0.2164359247502048,3.9404001798104433,,,,,,,,
0.005,2500.0,2.0,0.0,boundary_values,oracle,1,1,1.0,,,0.02620795378471802,0.03889640825356943,-0.0020214315998228773,0.12013237638941487,,,,,,,,
0.005,2500.0,2.0,0.0,boundary_values,blind_joint_search,1,1,1.0,,,0.02620795378471802,0.03889640825356943,-0.0020214315998228773,0.12013237638941487,1,1.0,,,1,1.0,,
0.005,2500.0,2.0,0.0,randomized_1,nominal,1,0,0.0,,,1.7704403714920476,1.9722716757739702,-0.32296583089255976,3.3122947220533203,,,,,,,,
0.005,2500.0,2.0,0.0,randomized_1,oracle,1,1,1.0,,,0.03636391094878709,0.04466706954366836,-0.003004120368704861,0.0998381064441467,,,,,,,,
0.005,2500.0,2.0,0.0,randomized_1,blind_joint_search,1,1,1.0,,,0.03636391094878709,0.04466706954366836,-0.003004120368704861,0.0998381064441467,1,1.0,,,1,1.0,,
0.005,2500.0,2.0,0.0,randomized_2,nominal,1,0,0.0,,,1.6880275505266327,1.9564161405731397,0.042866512540229884,3.7323835728987875,,,,,,,,
0.005,2500.0,2.0,0.0,randomized_2,oracle,1,1,1.0,,,0.036283866433682074,0.04222592296222237,0.0029373453749353476,0.09472392667000973,,,,,,,,
0.005,2500.0,2.0,0.0,randomized_2,blind_joint_search,1,1,1.0,,,0.036283866433682074,0.04222592296222237,0.0029373453749353476,0.09472392667000973,1,1.0,,,1,1.0,,
0.005,2500.0,2.0,0.0,randomized_3,nominal,1,0,0.0,,,1.3053045685502025,1.5575046114326943,-0.055204463875320825,3.2955201261614935,,,,,,,,
0.005,2500.0,2.0,0.0,randomized_3,oracle,1,1,1.0,,,0.02805762941750231,0.03414095215904958,0.0005377491112878927,0.06929533324228765,,,,,,,,
0.005,2500.0,2.0,0.0,randomized_3,blind_joint_search,1,1,1.0,,,0.02805762941750231,0.03414095215904958,0.0005377491112878927,0.06929533324228765,1,1.0,,,1,1.0,,
0.005,2500.0,2.0,0.0,POOLED_ALL_VECTORS,nominal,6,0,0.0,,,1.3442809745847069,1.7626808642312266,-0.13400796762630438,3.982715534113447,,,,,,,,
0.005,2500.0,2.0,0.0,POOLED_ALL_VECTORS,oracle,6,6,1.0,,,0.025747449190503483,0.035871032196011975,-0.00012858171059493663,0.12013237638941487,,,,,,,,
0.005,2500.0,2.0,0.0,POOLED_ALL_VECTORS,blind_joint_search,6,6,1.0,,,0.025747449190503483,0.035871032196011975,-0.00012858171059493663,0.12013237638941487,,,,,,,,
0.005,2500.0,2.0,0.25,mixed_signs,nominal,200,0,0.0,1.734723475976807e-18,0.018845326377266575,1.4819620210847106,1.8372163853162082,-0.22688025592634883,4.104530749810294,,,,,,,,
0.005,2500.0,2.0,0.25,mixed_signs,oracle,200,200,1.0,0.9811546736227335,1.0,0.04195353574834975,0.05312798602103683,-0.0012099794560348548,0.22043305710910888,,,,,,,,
0.005,2500.0,2.0,0.25,mixed_signs,blind_joint_search,200,200,1.0,0.9811546736227335,1.0,0.04195353574834975,0.05312798602103683,-0.0012099794560348543,0.22043305710910888,200,1.0,0.9811546736227335,1.0,200,1.0,0.9811546736227335,1.0
0.005,2500.0,2.0,0.25,sparse_and_zeros,nominal,200,0,0.0,1.734723475976807e-18,0.018845326377266575,0.2890913517208749,0.8408041485996544,-0.02527726873375128,3.924333314890612,,,,,,,,
0.005,2500.0,2.0,0.25,sparse_and_zeros,oracle,200,200,1.0,0.9811546736227335,1.0,0.03742227997802386,0.047190577223355804,0.001518237004669144,0.20526605516718854,,,,,,,,
0.005,2500.0,2.0,0.25,sparse_and_zeros,blind_joint_search,200,200,1.0,0.9811546736227335,1.0,0.037422279978023866,0.047190577223355804,0.001518237004669144,0.20526605516718854,200,1.0,0.9811546736227335,1.0,200,1.0,0.9811546736227335,1.0
0.005,2500.0,2.0,0.25,boundary_values,nominal,200,0,0.0,1.734723475976807e-18,0.018845326377266575,1.5642236616350416,2.1035797783615156,-0.21684896635953305,4.05175259373279,,,,,,,,
0.005,2500.0,2.0,0.25,boundary_values,oracle,200,200,1.0,0.9811546736227335,1.0,0.045523252048544335,0.05842203135496373,-0.0016005647119175953,0.2407286549173293,,,,,,,,
0.005,2500.0,2.0,0.25,boundary_values,blind_joint_search,200,200,1.0,0.9811546736227335,1.0,0.045523252048544335,0.05842203135496373,-0.001600564711917596,0.2407286549173293,200,1.0,0.9811546736227335,1.0,200,1.0,0.9811546736227335,1.0
0.005,2500.0,2.0,0.25,randomized_1,nominal,200,0,0.0,1.734723475976807e-18,0.018845326377266575,1.7709364827806306,1.9737031838999215,-0.32313799073790916,3.4318153059579037,,,,,,,,
0.005,2500.0,2.0,0.25,randomized_1,oracle,200,200,1.0,0.9811546736227335,1.0,0.049322849894006884,0.061907147043988045,-0.0027374437720229256,0.23102945806927355,,,,,,,,
0.005,2500.0,2.0,0.25,randomized_1,blind_joint_search,200,200,1.0,0.9811546736227335,1.0,0.049322849894006884,0.061907147043988045,-0.002737443772022926,0.23102945806927355,200,1.0,0.9811546736227335,1.0,200,1.0,0.9811546736227335,1.0
0.005,2500.0,2.0,0.25,randomized_2,nominal,200,0,0.0,1.734723475976807e-18,0.018845326377266575,1.6874026505982804,1.956325377848568,0.043288149633863696,3.8481821730551533,,,,,,,,
0.005,2500.0,2.0,0.25,randomized_2,oracle,200,200,1.0,0.9811546736227335,1.0,0.049073814708406376,0.06069908611774965,0.0026666888844248393,0.22001482694951102,,,,,,,,
0.005,2500.0,2.0,0.25,randomized_2,blind_joint_search,200,200,1.0,0.9811546736227335,1.0,0.049073814708406376,0.06069908611774965,0.002666688884424839,0.22001482694951102,200,1.0,0.9811546736227335,1.0,200,1.0,0.9811546736227335,1.0
0.005,2500.0,2.0,0.25,randomized_3,nominal,200,0,0.0,1.734723475976807e-18,0.018845326377266575,1.3052967065025416,1.5575855360466566,-0.05512733727897521,3.403943693157338,,,,,,,,
0.005,2500.0,2.0,0.25,randomized_3,oracle,200,200,1.0,0.9811546736227335,1.0,0.0440064883017598,0.05511388986794541,0.00030614644109215746,0.2019627426295889,,,,,,,,
0.005,2500.0,2.0,0.25,randomized_3,blind_joint_search,200,200,1.0,0.9811546736227335,1.0,0.0440064883017598,0.05511388986794541,0.00030614644109215855,0.2019627426295889,200,1.0,0.9811546736227335,1.0,200,1.0,0.9811546736227335,1.0
0.005,2500.0,2.0,0.25,POOLED_ALL_VECTORS,nominal,1200,0,0.0,2.168404344971009e-19,0.003191000602734924,1.3498188123870132,1.763337247520593,-0.13399727823377564,4.104530749810294,,,,,,,,
0.005,2500.0,2.0,0.25,POOLED_ALL_VECTORS,oracle,1200,1200,1.0,0.9968089993972651,1.0,0.04455037011318183,0.056298433950980255,-0.00017615260163153938,0.2407286549173293,,,,,,,,
0.005,2500.0,2.0,0.25,POOLED_ALL_VECTORS,blind_joint_search,1200,1200,1.0,0.9968089993972651,1.0,0.04455037011318184,0.056298433950980255,-0.0001761526016315392,0.2407286549173293,,,,,,,,
0.005,2500.0,2.0,0.45,mixed_signs,nominal,200,0,0.0,1.734723475976807e-18,0.018845326377266575,1.4817515923000746,1.837988493626317,-0.22562114588694496,4.201651706136003,,,,,,,,
0.005,2500.0,2.0,0.45,mixed_signs,oracle,200,183,0.915,0.8681041292843443,0.9462542498225244,0.06663719788865455,0.08353133445761071,-0.0022009158021889935,0.29729009323635935,,,,,,,,
0.005,2500.0,2.0,0.45,mixed_signs,blind_joint_search,200,183,0.915,0.8681041292843443,0.9462542498225244,0.06663719788865456,0.08353133445761071,-0.002200915802188993,0.29729009323635935,200,1.0,0.9811546736227335,1.0,200,1.0,0.9811546736227335,1.0
0.005,2500.0,2.0,0.45,sparse_and_zeros,nominal,200,0,0.0,1.734723475976807e-18,0.018845326377266575,0.31214328696386395,0.8437729428203317,-0.024238962761339966,4.052085562343507,,,,,,,,
0.005,2500.0,2.0,0.45,sparse_and_zeros,oracle,200,191,0.955,0.9167032959981803,0.976147456998507,0.063728468129434,0.0800483328079746,-0.0005954569142990047,0.303771442011177,,,,,,,,
0.005,2500.0,2.0,0.45,sparse_and_zeros,blind_joint_search,200,191,0.955,0.9167032959981803,0.976147456998507,0.063728468129434,0.08004833280797459,-0.0005954569142990048,0.303771442011177,200,1.0,0.9811546736227335,1.0,200,1.0,0.9811546736227335,1.0
0.005,2500.0,2.0,0.45,boundary_values,nominal,200,0,0.0,1.734723475976807e-18,0.018845326377266575,1.5688642733462177,2.1030497081582373,-0.2149169403120534,4.1162845049440335,,,,,,,,
0.005,2500.0,2.0,0.45,boundary_values,oracle,200,165,0.825,0.7663556885175099,0.8713948493372666,0.06932483661109158,0.08784543085841247,-0.004599496406454861,0.3843677372834482,,,,,,,,
0.005,2500.0,2.0,0.45,boundary_values,blind_joint_search,200,165,0.825,0.7663556885175099,0.8713948493372666,0.06932483661109158,0.08784543085841247,-0.004599496406454861,0.3843677372834482,200,1.0,0.9811546736227335,1.0,200,1.0,0.9811546736227335,1.0
0.005,2500.0,2.0,0.45,randomized_1,nominal,200,0,0.0,1.734723475976807e-18,0.018845326377266575,1.7707252342082234,1.9736101357884643,-0.3234520739100787,3.4882881757796222,,,,,,,,
0.005,2500.0,2.0,0.45,randomized_1,oracle,200,170,0.85,0.7939442071583334,0.89286406437758,0.0719329404348621,0.08998204071105737,-0.0011281092925655195,0.35504718349136144,,,,,,,,
0.005,2500.0,2.0,0.45,randomized_1,blind_joint_search,200,170,0.85,0.7939442071583334,0.89286406437758,0.0719329404348621,0.08998204071105737,-0.0011281092925655189,0.35504718349136144,200,1.0,0.9811546736227335,1.0,200,1.0,0.9811546736227335,1.0
0.005,2500.0,2.0,0.45,randomized_2,nominal,200,0,0.0,1.734723475976807e-18,0.018845326377266575,1.687445906309871,1.9581264069650115,0.042833235458103004,3.9833608544002597,,,,,,,,
0.005,2500.0,2.0,0.45,randomized_2,oracle,200,174,0.87,0.8163364812775159,0.9097179772033067,0.06975003319347499,0.08763965333989311,0.0033057095608867116,0.3875861369661495,,,,,,,,
0.005,2500.0,2.0,0.45,randomized_2,blind_joint_search,200,174,0.87,0.8163364812775159,0.9097179772033067,0.06975003319347499,0.08763965333989311,0.0033057095608867103,0.3875861369661495,200,1.0,0.9811546736227335,1.0,200,1.0,0.9811546736227335,1.0
0.005,2500.0,2.0,0.45,randomized_3,nominal,200,0,0.0,1.734723475976807e-18,0.018845326377266575,1.308178711331486,1.5600466804747726,-0.05530097908382604,3.5108543165889414,,,,,,,,
0.005,2500.0,2.0,0.45,randomized_3,oracle,200,185,0.925,0.8799563897637055,0.954025082815618,0.06748192561047389,0.08424872102949627,0.00032198616740022586,0.3275772900087503,,,,,,,,
0.005,2500.0,2.0,0.45,randomized_3,blind_joint_search,200,185,0.925,0.8799563897637055,0.954025082815618,0.06748192561047389,0.08424872102949627,0.0003219861674002251,0.3275772900087503,200,1.0,0.9811546736227335,1.0,200,1.0,0.9811546736227335,1.0
0.005,2500.0,2.0,0.45,POOLED_ALL_VECTORS,nominal,1200,0,0.0,2.168404344971009e-19,0.003191000602734924,1.3548515007432893,1.7642805047064698,-0.13344947774935667,4.201651706136003,,,,,,,,
0.005,2500.0,2.0,0.45,POOLED_ALL_VECTORS,oracle,1200,1068,0.89,0.8710369399876369,0.9064740795422298,0.06814256697799852,0.08561285206037947,-0.0008160471145369071,0.3875861369661495,,,,,,,,
0.005,2500.0,2.0,0.45,POOLED_ALL_VECTORS,blind_joint_search,1200,1068,0.89,0.8710369399876369,0.9064740795422298,0.06814256697799852,0.08561285206037947,-0.0008160471145369071,0.3875861369661495,,,,,,,,
