cfo_cycles_per_symbol,clock_error_ppm,timing_offset_samples,noise_std,vector_pattern,method_a,method_b,frames,a_pass_b_fail,a_fail_b_pass,mcnemar_exact_two_sided_p
-0.005,-2500.0,-2.0,0.0,mixed_signs,blind_joint_search,oracle,1,0,0,1.0
-0.005,-2500.0,-2.0,0.0,mixed_signs,blind_joint_search,nominal,1,1,0,1.0
-0.005,-2500.0,-2.0,0.0,mixed_signs,oracle,nominal,1,1,0,1.0
-0.005,-2500.0,-2.0,0.0,sparse_and_zeros,blind_joint_search,oracle,1,0,0,1.0
-0.005,-2500.0,-2.0,0.0,sparse_and_zeros,blind_joint_search,nominal,1,1,0,1.0
-0.005,-2500.0,-2.0,0.0,sparse_and_zeros,oracle,nominal,1,1,0,1.0
-0.005,-2500.0,-2.0,0.0,boundary_values,blind_joint_search,oracle,1,0,0,1.0
-0.005,-2500.0,-2.0,0.0,boundary_values,blind_joint_search,nominal,1,1,0,1.0
-0.005,-2500.0,-2.0,0.0,boundary_values,oracle,nominal,1,1,0,1.0
-0.005,-2500.0,-2.0,0.0,randomized_1,blind_joint_search,oracle,1,0,0,1.0
-0.005,-2500.0,-2.0,0.0,randomized_1,blind_joint_search,nominal,1,1,0,1.0
-0.005,-2500.0,-2.0,0.0,randomized_1,oracle,nominal,1,1,0,1.0
-0.005,-2500.0,-2.0,0.0,randomized_2,blind_joint_search,oracle,1,0,0,1.0
-0.005,-2500.0,-2.0,0.0,randomized_2,blind_joint_search,nominal,1,1,0,1.0
-0.005,-2500.0,-2.0,0.0,randomized_2,oracle,nominal,1,1,0,1.0
-0.005,-2500.0,-2.0,0.0,randomized_3,blind_joint_search,oracle,1,0,0,1.0
-0.005,-2500.0,-2.0,0.0,randomized_3,blind_joint_search,nominal,1,1,0,1.0
-0.005,-2500.0,-2.0,0.0,randomized_3,oracle,nominal,1,1,0,1.0
-0.005,-2500.0,-2.0,0.0,POOLED_ALL_VECTORS,blind_joint_search,oracle,6,0,0,1.0
-0.005,-2500.0,-2.0,0.0,POOLED_ALL_VECTORS,blind_joint_search,nominal,6,6,0,0.03125
-0.005,-2500.0,-2.0,0.0,POOLED_ALL_VECTORS,oracle,nominal,6,6,0,0.03125
-0.005,-2500.0,-2.0,0.25,mixed_signs,blind_joint_search,oracle,200,0,0,1.0
-0.005,-2500.0,-2.0,0.25,mixed_signs,blind_joint_search,nominal,200,200,0,1.2446030555722283e-60
-0.005,-2500.0,-2.0,0.25,mixed_signs,oracle,nominal,200,200,0,1.2446030555722283e-60
-0.005,-2500.0,-2.0,0.25,sparse_and_zeros,blind_joint_search,oracle,200,0,0,1.0
-0.005,-2500.0,-2.0,0.25,sparse_and_zeros,blind_joint_search,nominal,200,200,0,1.2446030555722283e-60
-0.005,-2500.0,-2.0,0.25,sparse_and_zeros,oracle,nominal,200,200,0,1.2446030555722283e-60
-0.005,-2500.0,-2.0,0.25,boundary_values,blind_joint_search,oracle,200,0,0,1.0
-0.005,-2500.0,-2.0,0.25,boundary_values,blind_joint_search,nominal,200,200,0,1.2446030555722283e-60
-0.005,-2500.0,-2.0,0.25,boundary_values,oracle,nominal,200,200,0,1.2446030555722283e-60
-0.005,-2500.0,-2.0,0.25,randomized_1,blind_joint_search,oracle,200,0,0,1.0
-0.005,-2500.0,-2.0,0.25,randomized_1,blind_joint_search,nominal,200,200,0,1.2446030555722283e-60
-0.005,-2500.0,-2.0,0.25,randomized_1,oracle,nominal,200,200,0,1.2446030555722283e-60
-0.005,-2500.0,-2.0,0.25,randomized_2,blind_joint_search,oracle,200,0,0,1.0
-0.005,-2500.0,-2.0,0.25,randomized_2,blind_joint_search,nominal,200,200,0,1.2446030555722283e-60
-0.005,-2500.0,-2.0,0.25,randomized_2,oracle,nominal,200,200,0,1.2446030555722283e-60
-0.005,-2500.0,-2.0,0.25,randomized_3,blind_joint_search,oracle,200,0,0,1.0
-0.005,-2500.0,-2.0,0.25,randomized_3,blind_joint_search,nominal,200,200,0,1.2446030555722283e-60
-0.005,-2500.0,-2.0,0.25,randomized_3,oracle,nominal,200,200,0,1.2446030555722283e-60
-0.005,-2500.0,-2.0,0.25,POOLED_ALL_VECTORS,blind_joint_search,oracle,1200,0,0,1.0
-0.005,-2500.0,-2.0,0.25,POOLED_ALL_VECTORS,blind_joint_search,nominal,1200,1200,0,0.0
-0.005,-2500.0,-2.0,0.25,POOLED_ALL_VECTORS,oracle,nominal,1200,1200,0,0.0
-0.005,-2500.0,-2.0,0.45,mixed_signs,blind_joint_search,oracle,200,0,0,1.0
-0.005,-2500.0,-2.0,0.45,mixed_signs,blind_joint_search,nominal,200,188,0,5.0978941156238473e-57
-0.005,-2500.0,-2.0,0.45,mixed_signs,oracle,nominal,200,188,0,5.0978941156238473e-57
-0.005,-2500.0,-2.0,0.45,sparse_and_zeros,blind_joint_search,oracle,200,0,0,1.0
-0.005,-2500.0,-2.0,0.45,sparse_and_zeros,blind_joint_search,nominal,200,186,0,2.039157646249539e-56
-0.005,-2500.0,-2.0,0.45,sparse_and_zeros,oracle,nominal,200,186,0,2.039157646249539e-56
-0.005,-2500.0,-2.0,0.45,boundary_values,blind_joint_search,oracle,200,0,0,1.0
-0.005,-2500.0,-2.0,0.45,boundary_values,blind_joint_search,nominal,200,187,0,1.0195788231247695e-56
-0.005,-2500.0,-2.0,0.45,boundary_values,oracle,nominal,200,187,0,1.0195788231247695e-56
-0.005,-2500.0,-2.0,0.45,randomized_1,blind_joint_search,oracle,200,0,0,1.0
-0.005,-2500.0,-2.0,0.45,randomized_1,blind_joint_search,nominal,200,187,0,1.0195788231247695e-56
-0.005,-2500.0,-2.0,0.45,randomized_1,oracle,nominal,200,187,0,1.0195788231247695e-56
-0.005,-2500.0,-2.0,0.45,randomized_2,blind_joint_search,oracle,200,0,0,1.0
-0.005,-2500.0,-2.0,0.45,randomized_2,blind_joint_search,nominal,200,185,0,4.078315292499078e-56
-0.005,-2500.0,-2.0,0.45,randomized_2,oracle,nominal,200,185,0,4.078315292499078e-56
-0.005,-2500.0,-2.0,0.45,randomized_3,blind_joint_search,oracle,200,0,0,1.0
-0.005,-2500.0,-2.0,0.45,randomized_3,blind_joint_search,nominal,200,183,0,1.6313261169996311e-55
-0.005,-2500.0,-2.0,0.45,randomized_3,oracle,nominal,200,183,0,1.6313261169996311e-55
-0.005,-2500.0,-2.0,0.45,POOLED_ALL_VECTORS,blind_joint_search,oracle,1200,0,0,1.0
-0.005,-2500.0,-2.0,0.45,POOLED_ALL_VECTORS,blind_joint_search,nominal,1200,1116,0,0.0
-0.005,-2500.0,-2.0,0.45,POOLED_ALL_VECTORS,oracle,nominal,1200,1116,0,0.0
-0.005,-2500.0,0.0,0.0,mixed_signs,blind_joint_search,oracle,1,0,0,1.0
-0.005,-2500.0,0.0,0.0,mixed_signs,blind_joint_search,nominal,1,1,0,1.0
-0.005,-2500.0,0.0,0.0,mixed_signs,oracle,nominal,1,1,0,1.0
-0.005,-2500.0,0.0,0.0,sparse_and_zeros,blind_joint_search,oracle,1,0,0,1.0
-0.005,-2500.0,0.0,0.0,sparse_and_zeros,blind_joint_search,nominal,1,1,0,1.0
-0.005,-2500.0,0.0,0.0,sparse_and_zeros,oracle,nominal,1,1,0,1.0
-0.005,-2500.0,0.0,0.0,boundary_values,blind_joint_search,oracle,1,0,0,1.0
-0.005,-2500.0,0.0,0.0,boundary_values,blind_joint_search,nominal,1,1,0,1.0
-0.005,-2500.0,0.0,0.0,boundary_values,oracle,nominal,1,1,0,1.0
-0.005,-2500.0,0.0,0.0,randomized_1,blind_joint_search,oracle,1,0,0,1.0
-0.005,-2500.0,0.0,0.0,randomized_1,blind_joint_search,nominal,1,1,0,1.0
-0.005,-2500.0,0.0,0.0,randomized_1,oracle,nominal,1,1,0,1.0
-0.005,-2500.0,0.0,0.0,randomized_2,blind_joint_search,oracle,1,0,0,1.0
-0.005,-2500.0,0.0,0.0,randomized_2,blind_joint_search,nominal,1,1,0,1.0
-0.005,-2500.0,0.0,0.0,randomized_2,oracle,nominal,1,1,0,1.0
-0.005,-2500.0,0.0,0.0,randomized_3,blind_joint_search,oracle,1,0,0,1.0
-0.005,-2500.0,0.0,0.0,randomized_3,blind_joint_search,nominal,1,1,0,1.0
-0.005,-2500.0,0.0,0.0,randomized_3,oracle,nominal,1,1,0,1.0
-0.005,-2500.0,0.0,0.0,POOLED_ALL_VECTORS,blind_joint_search,oracle,6,0,0,1.0
-0.005,-2500.0,0.0,0.0,POOLED_ALL_VECTORS,blind_joint_search,nominal,6,6,0,0.03125
-0.005,-2500.0,0.0,0.0,POOLED_ALL_VECTORS,oracle,nominal,6,6,0,0.03125
-0.005,-2500.0,0.0,0.25,mixed_signs,blind_joint_search,oracle,200,0,0,1.0
-0.005,-2500.0,0.0,0.25,mixed_signs,blind_joint_search,nominal,200,200,0,1.2446030555722283e-60
-0.005,-2500.0,0.0,0.25,mixed_signs,oracle,nominal,200,200,0,1.2446030555722283e-60
-0.005,-2500.0,0.0,0.25,sparse_and_zeros,blind_joint_search,oracle,200,0,0,1.0
-0.005,-2500.0,0.0,0.25,sparse_and_zeros,blind_joint_search,nominal,200,200,0,1.2446030555722283e-60
-0.005,-2500.0,0.0,0.25,sparse_and_zeros,oracle,nominal,200,200,0,1.2446030555722283e-60
-0.005,-2500.0,0.0,0.25,boundary_values,blind_joint_search,oracle,200,0,0,1.0
-0.005,-2500.0,0.0,0.25,boundary_values,blind_joint_search,nominal,200,200,0,1.2446030555722283e-60
-0.005,-2500.0,0.0,0.25,boundary_values,oracle,nominal,200,200,0,1.2446030555722283e-60
-0.005,-2500.0,0.0,0.25,randomized_1,blind_joint_search,oracle,200,0,0,1.0
-0.005,-2500.0,0.0,0.25,randomized_1,blind_joint_search,nominal,200,200,0,1.2446030555722283e-60
-0.005,-2500.0,0.0,0.25,randomized_1,oracle,nominal,200,200,0,1.2446030555722283e-60
-0.005,-2500.0,0.0,0.25,randomized_2,blind_joint_search,oracle,200,0,0,1.0
-0.005,-2500.0,0.0,0.25,randomized_2,blind_joint_search,nominal,200,200,0,1.2446030555722283e-60
-0.005,-2500.0,0.0,0.25,randomized_2,oracle,nominal,200,200,0,1.2446030555722283e-60
-0.005,-2500.0,0.0,0.25,randomized_3,blind_joint_search,oracle,200,0,0,1.0
-0.005,-2500.0,0.0,0.25,randomized_3,blind_joint_search,nominal,200,200,0,1.2446030555722283e-60
-0.005,-2500.0,0.0,0.25,randomized_3,oracle,nominal,200,200,0,1.2446030555722283e-60
-0.005,-2500.0,0.0,0.25,POOLED_ALL_VECTORS,blind_joint_search,oracle,1200,0,0,1.0
-0.005,-2500.0,0.0,0.25,POOLED_ALL_VECTORS,blind_joint_search,nominal,1200,1200,0,0.0
-0.005,-2500.0,0.0,0.25,POOLED_ALL_VECTORS,oracle,nominal,1200,1200,0,0.0
-0.005,-2500.0,0.0,0.45,mixed_signs,blind_joint_search,oracle,200,0,0,1.0
-0.005,-2500.0,0.0,0.45,mixed_signs,blind_joint_search,nominal,200,186,0,2.039157646249539e-56
-0.005,-2500.0,0.0,0.45,mixed_signs,oracle,nominal,200,186,0,2.039157646249539e-56
-0.005,-2500.0,0.0,0.45,sparse_and_zeros,blind_joint_search,oracle,200,0,0,1.0
-0.005,-2500.0,0.0,0.45,sparse_and_zeros,blind_joint_search,nominal,200,189,0,2.5489470578119236e-57
-0.005,-2500.0,0.0,0.45,sparse_and_zeros,oracle,nominal,200,189,0,2.5489470578119236e-57
-0.005,-2500.0,0.0,0.45,boundary_values,blind_joint_search,oracle,200,0,0,1.0
-0.005,-2500.0,0.0,0.45,boundary_values,blind_joint_search,nominal,200,182,0,3.2626522339992623e-55
-0.005,-2500.0,0.0,0.45,boundary_values,oracle,nominal,200,182,0,3.2626522339992623e-55
-0.005,-2500.0,0.0,0.45,randomized_1,blind_joint_search,oracle,200,0,0,1.0
-0.005,-2500.0,0.0,0.45,randomized_1,blind_joint_search,nominal,200,184,0,8.156630584998156e-56
-0.005,-2500.0,0.0,0.45,randomized_1,oracle,nominal,200,184,0,8.156630584998156e-56
-0.005,-2500.0,0.0,0.45,randomized_2,blind_joint_search,oracle,200,0,0,1.0
-0.005,-2500.0,0.0,0.45,randomized_2,blind_joint_search,nominal,200,191,0,6.372367644529809e-58
-0.005,-2500.0,0.0,0.45,randomized_2,oracle,nominal,200,191,0,6.372367644529809e-58
-0.005,-2500.0,0.0,0.45,randomized_3,blind_joint_search,oracle,200,0,0,1.0
-0.005,-2500.0,0.0,0.45,randomized_3,blind_joint_search,nominal,200,179,0,2.61012178719941e-54
-0.005,-2500.0,0.0,0.45,randomized_3,oracle,nominal,200,179,0,2.61012178719941e-54
-0.005,-2500.0,0.0,0.45,POOLED_ALL_VECTORS,blind_joint_search,oracle,1200,0,0,1.0
-0.005,-2500.0,0.0,0.45,POOLED_ALL_VECTORS,blind_joint_search,nominal,1200,1111,0,0.0
-0.005,-2500.0,0.0,0.45,POOLED_ALL_VECTORS,oracle,nominal,1200,1111,0,0.0
-0.005,-2500.0,2.0,0.0,mixed_signs,blind_joint_search,oracle,1,0,0,1.0
-0.005,-2500.0,2.0,0.0,mixed_signs,blind_joint_search,nominal,1,1,0,1.0
-0.005,-2500.0,2.0,0.0,mixed_signs,oracle,nominal,1,1,0,1.0
-0.005,-2500.0,2.0,0.0,sparse_and_zeros,blind_joint_search,oracle,1,0,0,1.0
-0.005,-2500.0,2.0,0.0,sparse_and_zeros,blind_joint_search,nominal,1,1,0,1.0
-0.005,-2500.0,2.0,0.0,sparse_and_zeros,oracle,nominal,1,1,0,1.0
-0.005,-2500.0,2.0,0.0,boundary_values,blind_joint_search,oracle,1,0,0,1.0
-0.005,-2500.0,2.0,0.0,boundary_values,blind_joint_search,nominal,1,1,0,1.0
-0.005,-2500.0,2.0,0.0,boundary_values,oracle,nominal,1,1,0,1.0
-0.005,-2500.0,2.0,0.0,randomized_1,blind_joint_search,oracle,1,0,0,1.0
-0.005,-2500.0,2.0,0.0,randomized_1,blind_joint_search,nominal,1,1,0,1.0
-0.005,-2500.0,2.0,0.0,randomized_1,oracle,nominal,1,1,0,1.0
-0.005,-2500.0,2.0,0.0,randomized_2,blind_joint_search,oracle,1,0,0,1.0
-0.005,-2500.0,2.0,0.0,randomized_2,blind_joint_search,nominal,1,1,0,1.0
-0.005,-2500.0,2.0,0.0,randomized_2,oracle,nominal,1,1,0,1.0
-0.005,-2500.0,2.0,0.0,randomized_3,blind_joint_search,oracle,1,0,0,1.0
-0.005,-2500.0,2.0,0.0,randomized_3,blind_joint_search,nominal,1,1,0,1.0
-0.005,-2500.0,2.0,0.0,randomized_3,oracle,nominal,1,1,0,1.0
-0.005,-2500.0,2.0,0.0,POOLED_ALL_VECTORS,blind_joint_search,oracle,6,0,0,1.0
-0.005,-2500.0,2.0,0.0,POOLED_ALL_VECTORS,blind_joint_search,nominal,6,6,0,0.03125
-0.005,-2500.0,2.0,0.0,POOLED_ALL_VECTORS,oracle,nominal,6,6,0,0.03125
-0.005,-2500.0,2.0,0.25,mixed_signs,blind_joint_search,oracle,200,0,0,1.0
-0.005,-2500.0,2.0,0.25,mixed_signs,blind_joint_search,nominal,200,200,0,1.2446030555722283e-60
-0.005,-2500.0,2.0,0.25,mixed_signs,oracle,nominal,200,200,0,1.2446030555722283e-60
-0.005,-2500.0,2.0,0.25,sparse_and_zeros,blind_joint_search,oracle,200,0,0,1.0
-0.005,-2500.0,2.0,0.25,sparse_and_zeros,blind_joint_search,nominal,200,200,0,1.2446030555722283e-60
-0.005,-2500.0,2.0,0.25,sparse_and_zeros,oracle,nominal,200,200,0,1.2446030555722283e-60
-0.005,-2500.0,2.0,0.25,boundary_values,blind_joint_search,oracle,200,0,0,1.0
-0.005,-2500.0,2.0,0.25,boundary_values,blind_joint_search,nominal,200,200,0,1.2446030555722283e-60
-0.005,-2500.0,2.0,0.25,boundary_values,oracle,nominal,200,200,0,1.2446030555722283e-60
-0.005,-2500.0,2.0,0.25,randomized_1,blind_joint_search,oracle,200,0,0,1.0
-0.005,-2500.0,2.0,0.25,randomized_1,blind_joint_search,nominal,200,200,0,1.2446030555722283e-60
-0.005,-2500.0,2.0,0.25,randomized_1,oracle,nominal,200,200,0,1.2446030555722283e-60
-0.005,-2500.0,2.0,0.25,randomized_2,blind_joint_search,oracle,200,0,0,1.0
-0.005,-2500.0,2.0,0.25,randomized_2,blind_joint_search,nominal,200,200,0,1.2446030555722283e-60
-0.005,-2500.0,2.0,0.25,randomized_2,oracle,nominal,200,200,0,1.2446030555722283e-60
-0.005,-2500.0,2.0,0.25,randomized_3,blind_joint_search,oracle,200,0,0,1.0
-0.005,-2500.0,2.0,0.25,randomized_3,blind_joint_search,nominal,200,200,0,1.2446030555722283e-60
-0.005,-2500.0,2.0,0.25,randomized_3,oracle,nominal,200,200,0,1.2446030555722283e-60
-0.005,-2500.0,2.0,0.25,POOLED_ALL_VECTORS,blind_joint_search,oracle,1200,0,0,1.0
-0.005,-2500.0,2.0,0.25,POOLED_ALL_VECTORS,blind_joint_search,nominal,1200,1200,0,0.0
-0.005,-2500.0,2.0,0.25,POOLED_ALL_VECTORS,oracle,nominal,1200,1200,0,0.0
-0.005,-2500.0,2.0,0.45,mixed_signs,blind_joint_search,oracle,200,0,0,1.0
-0.005,-2500.0,2.0,0.45,mixed_signs,blind_joint_search,nominal,200,192,0,3.1861838222649046e-58
-0.005,-2500.0,2.0,0.45,mixed_signs,oracle,nominal,200,192,0,3.1861838222649046e-58
-0.005,-2500.0,2.0,0.45,sparse_and_zeros,blind_joint_search,oracle,200,0,0,1.0
-0.005,-2500.0,2.0,0.45,sparse_and_zeros,blind_joint_search,nominal,200,192,0,3.1861838222649046e-58
-0.005,-2500.0,2.0,0.45,sparse_and_zeros,oracle,nominal,200,192,0,3.1861838222649046e-58
-0.005,-2500.0,2.0,0.45,boundary_values,blind_joint_search,oracle,200,0,0,1.0
-0.005,-2500.0,2.0,0.45,boundary_values,blind_joint_search,nominal,200,189,0,2.5489470578119236e-57
-0.005,-2500.0,2.0,0.45,boundary_values,oracle,nominal,200,189,0,2.5489470578119236e-57
-0.005,-2500.0,2.0,0.45,randomized_1,blind_joint_search,oracle,200,0,0,1.0
-0.005,-2500.0,2.0,0.45,randomized_1,blind_joint_search,nominal,200,186,0,2.039157646249539e-56
-0.005,-2500.0,2.0,0.45,randomized_1,oracle,nominal,200,186,0,2.039157646249539e-56
-0.005,-2500.0,2.0,0.45,randomized_2,blind_joint_search,oracle,200,0,0,1.0
-0.005,-2500.0,2.0,0.45,randomized_2,blind_joint_search,nominal,200,184,0,8.156630584998156e-56
-0.005,-2500.0,2.0,0.45,randomized_2,oracle,nominal,200,184,0,8.156630584998156e-56
-0.005,-2500.0,2.0,0.45,randomized_3,blind_joint_search,oracle,200,0,0,1.0
-0.005,-2500.0,2.0,0.45,randomized_3,blind_joint_search,nominal,200,190,0,1.2744735289059618e-57
-0.005,-2500.0,2.0,0.45,randomized_3,oracle,nominal,200,190,0,1.2744735289059618e-57
-0.005,-2500.0,2.0,0.45,POOLED_ALL_VECTORS,blind_joint_search,oracle,1200,0,0,1.0
-0.005,-2500.0,2.0,0.45,POOLED_ALL_VECTORS,blind_joint_search,nominal,1200,1133,0,0.0
-0.005,-2500.0,2.0,0.45,POOLED_ALL_VECTORS,oracle,nominal,1200,1133,0,0.0
-0.005,0.0,-2.0,0.0,mixed_signs,blind_joint_search,oracle,1,0,0,1.0
-0.005,0.0,-2.0,0.0,mixed_signs,blind_joint_search,nominal,1,1,0,1.0
-0.005,0.0,-2.0,0.0,mixed_signs,oracle,nominal,1,1,0,1.0
-0.005,0.0,-2.0,0.0,sparse_and_zeros,blind_joint_search,oracle,1,0,0,1.0
-0.005,0.0,-2.0,0.0,sparse_and_zeros,blind_joint_search,nominal,1,1,0,1.0
-0.005,0.0,-2.0,0.0,sparse_and_zeros,oracle,nominal,1,1,0,1.0
-0.005,0.0,-2.0,0.0,boundary_values,blind_joint_search,oracle,1,0,0,1.0
-0.005,0.0,-2.0,0.0,boundary_values,blind_joint_search,nominal,1,1,0,1.0
-0.005,0.0,-2.0,0.0,boundary_values,oracle,nominal,1,1,0,1.0
-0.005,0.0,-2.0,0.0,randomized_1,blind_joint_search,oracle,1,0,0,1.0
-0.005,0.0,-2.0,0.0,randomized_1,blind_joint_search,nominal,1,1,0,1.0
-0.005,0.0,-2.0,0.0,randomized_1,oracle,nominal,1,1,0,1.0
-0.005,0.0,-2.0,0.0,randomized_2,blind_joint_search,oracle,1,0,0,1.0
-0.005,0.0,-2.0,0.0,randomized_2,blind_joint_search,nominal,1,1,0,1.0
-0.005,0.0,-2.0,0.0,randomized_2,oracle,nominal,1,1,0,1.0
-0.005,0.0,-2.0,0.0,randomized_3,blind_joint_search,oracle,1,0,0,1.0
-0.005,0.0,-2.0,0.0,randomized_3,blind_joint_search,nominal,1,1,0,1.0
-0.005,0.0,-2.0,0.0,randomized_3,oracle,nominal,1,1,0,1.0
-0.005,0.0,-2.0,0.0,POOLED_ALL_VECTORS,blind_joint_search,oracle,6,0,0,1.0
-0.005,0.0,-2.0,0.0,POOLED_ALL_VECTORS,blind_joint_search,nominal,6,6,0,0.03125
-0.005,0.0,-2.0,0.0,POOLED_ALL_VECTORS,oracle,nominal,6,6,0,0.03125
-0.005,0.0,-2.0,0.25,mixed_signs,blind_joint_search,oracle,200,0,0,1.0
-0.005,0.0,-2.0,0.25,mixed_signs,blind_joint_search,nominal,200,200,0,1.2446030555722283e-60
-0.005,0.0,-2.0,0.25,mixed_signs,oracle,nominal,200,200,0,1.2446030555722283e-60
-0.005,0.0,-2.0,0.25,sparse_and_zeros,blind_joint_search,oracle,200,0,0,1.0
-0.005,0.0,-2.0,0.25,sparse_and_zeros,blind_joint_search,nominal,200,200,0,1.2446030555722283e-60
-0.005,0.0,-2.0,0.25,sparse_and_zeros,oracle,nominal,200,200,0,1.2446030555722283e-60
-0.005,0.0,-2.0,0.25,boundary_values,blind_joint_search,oracle,200,0,0,1.0
-0.005,0.0,-2.0,0.25,boundary_values,blind_joint_search,nominal,200,200,0,1.2446030555722283e-60
-0.005,0.0,-2.0,0.25,boundary_values,oracle,nominal,200,200,0,1.2446030555722283e-60
-0.005,0.0,-2.0,0.25,randomized_1,blind_joint_search,oracle,200,0,0,1.0
-0.005,0.0,-2.0,0.25,randomized_1,blind_joint_search,nominal,200,200,0,1.2446030555722283e-60
-0.005,0.0,-2.0,0.25,randomized_1,oracle,nominal,200,200,0,1.2446030555722283e-60
-0.005,0.0,-2.0,0.25,randomized_2,blind_joint_search,oracle,200,0,0,1.0
-0.005,0.0,-2.0,0.25,randomized_2,blind_joint_search,nominal,200,200,0,1.2446030555722283e-60
-0.005,0.0,-2.0,0.25,randomized_2,oracle,nominal,200,200,0,1.2446030555722283e-60
-0.005,0.0,-2.0,0.25,randomized_3,blind_joint_search,oracle,200,0,0,1.0
-0.005,0.0,-2.0,0.25,randomized_3,blind_joint_search,nominal,200,200,0,1.2446030555722283e-60
-0.005,0.0,-2.0,0.25,randomized_3,oracle,nominal,200,200,0,1.2446030555722283e-60
-0.005,0.0,-2.0,0.25,POOLED_ALL_VECTORS,blind_joint_search,oracle,1200,0,0,1.0
-0.005,0.0,-2.0,0.25,POOLED_ALL_VECTORS,blind_joint_search,nominal,1200,1200,0,0.0
-0.005,0.0,-2.0,0.25,POOLED_ALL_VECTORS,oracle,nominal,1200,1200,0,0.0
-0.005,0.0,-2.0,0.45,mixed_signs,blind_joint_search,oracle,200,0,0,1.0
-0.005,0.0,-2.0,0.45,mixed_signs,blind_joint_search,nominal,200,190,0,1.2744735289059618e-57
-0.005,0.0,-2.0,0.45,mixed_signs,oracle,nominal,200,190,0,1.2744735289059618e-57
-0.005,0.0,-2.0,0.45,sparse_and_zeros,blind_joint_search,oracle,200,0,0,1.0
-0.005,0.0,-2.0,0.45,sparse_and_zeros,blind_joint_search,nominal,200,193,0,1.5930919111324523e-58
-0.005,0.0,-2.0,0.45,sparse_and_zeros,oracle,nominal,200,193,0,1.5930919111324523e-58
-0.005,0.0,-2.0,0.45,boundary_values,blind_joint_search,oracle,200,0,0,1.0
-0.005,0.0,-2.0,0.45,boundary_values,blind_joint_search,nominal,200,190,0,1.2744735289059618e-57
-0.005,0.0,-2.0,0.45,boundary_values,oracle,nominal,200,190,0,1.2744735289059618e-57
-0.005,0.0,-2.0,0.45,randomized_1,blind_joint_search,oracle,200,0,0,1.0
-0.005,0.0,-2.0,0.45,randomized_1,blind_joint_search,nominal,200,192,0,3.1861838222649046e-58
-0.005,0.0,-2.0,0.45,randomized_1,oracle,nominal,200,192,0,3.1861838222649046e-58
-0.005,0.0,-2.0,0.45,randomized_2,blind_joint_search,oracle,200,0,0,1.0
-0.005,0.0,-2.0,0.45,randomized_2,blind_joint_search,nominal,200,190,0,1.2744735289059618e-57
-0.005,0.0,-2.0,0.45,randomized_2,oracle,nominal,200,190,0,1.2744735289059618e-57
-0.005,0.0,-2.0,0.45,randomized_3,blind_joint_search,oracle,200,0,0,1.0
-0.005,0.0,-2.0,0.45,randomized_3,blind_joint_search,nominal,200,194,0,7.965459555662261e-59
-0.005,0.0,-2.0,0.45,randomized_3,oracle,nominal,200,194,0,7.965459555662261e-59
-0.005,0.0,-2.0,0.45,POOLED_ALL_VECTORS,blind_joint_search,oracle,1200,0,0,1.0
-0.005,0.0,-2.0,0.45,POOLED_ALL_VECTORS,blind_joint_search,nominal,1200,1149,0,0.0
-0.005,0.0,-2.0,0.45,POOLED_ALL_VECTORS,oracle,nominal,1200,1149,0,0.0
-0.005,0.0,0.0,0.0,mixed_signs,blind_joint_search,oracle,1,0,0,1.0
-0.005,0.0,0.0,0.0,mixed_signs,blind_joint_search,nominal,1,1,0,1.0
-0.005,0.0,0.0,0.0,mixed_signs,oracle,nominal,1,1,0,1.0
-0.005,0.0,0.0,0.0,sparse_and_zeros,blind_joint_search,oracle,1,0,0,1.0
-0.005,0.0,0.0,0.0,sparse_and_zeros,blind_joint_search,nominal,1,1,0,1.0
-0.005,0.0,0.0,0.0,sparse_and_zeros,oracle,nominal,1,1,0,1.0
-0.005,0.0,0.0,0.0,boundary_values,blind_joint_search,oracle,1,0,0,1.0
-0.005,0.0,0.0,0.0,boundary_values,blind_joint_search,nominal,1,1,0,1.0
-0.005,0.0,0.0,0.0,boundary_values,oracle,nominal,1,1,0,1.0
-0.005,0.0,0.0,0.0,randomized_1,blind_joint_search,oracle,1,0,0,1.0
-0.005,0.0,0.0,0.0,randomized_1,blind_joint_search,nominal,1,1,0,1.0
-0.005,0.0,0.0,0.0,randomized_1,oracle,nominal,1,1,0,1.0
-0.005,0.0,0.0,0.0,randomized_2,blind_joint_search,oracle,1,0,0,1.0
-0.005,0.0,0.0,0.0,randomized_2,blind_joint_search,nominal,1,1,0,1.0
-0.005,0.0,0.0,0.0,randomized_2,oracle,nominal,1,1,0,1.0
-0.005,0.0,0.0,0.0,randomized_3,blind_joint_search,oracle,1,0,0,1.0
-0.005,0.0,0.0,0.0,randomized_3,blind_joint_search,nominal,1,1,0,1.0
-0.005,0.0,0.0,0.0,randomized_3,oracle,nominal,1,1,0,1.0
-0.005,0.0,0.0,0.0,POOLED_ALL_VECTORS,blind_joint_search,oracle,6,0,0,1.0
-0.005,0.0,0.0,0.0,POOLED_ALL_VECTORS,blind_joint_search,nominal,6,6,0,0.03125
-0.005,0.0,0.0,0.0,POOLED_ALL_VECTORS,oracle,nominal,6,6,0,0.03125
-0.005,0.0,0.0,0.25,mixed_signs,blind_joint_search,oracle,200,0,0,1.0
-0.005,0.0,0.0,0.25,mixed_signs,blind_joint_search,nominal,200,200,0,1.2446030555722283e-60
-0.005,0.0,0.0,0.25,mixed_signs,oracle,nominal,200,200,0,1.2446030555722283e-60
-0.005,0.0,0.0,0.25,sparse_and_zeros,blind_joint_search,oracle,200,0,0,1.0
-0.005,0.0,0.0,0.25,sparse_and_zeros,blind_joint_search,nominal,200,200,0,1.2446030555722283e-60
-0.005,0.0,0.0,0.25,sparse_and_zeros,oracle,nominal,200,200,0,1.2446030555722283e-60
-0.005,0.0,0.0,0.25,boundary_values,blind_joint_search,oracle,200,0,0,1.0
-0.005,0.0,0.0,0.25,boundary_values,blind_joint_search,nominal,200,200,0,1.2446030555722283e-60
-0.005,0.0,0.0,0.25,boundary_values,oracle,nominal,200,200,0,1.2446030555722283e-60
-0.005,0.0,0.0,0.25,randomized_1,blind_joint_search,oracle,200,0,0,1.0
-0.005,0.0,0.0,0.25,randomized_1,blind_joint_search,nominal,200,200,0,1.2446030555722283e-60
-0.005,0.0,0.0,0.25,randomized_1,oracle,nominal,200,200,0,1.2446030555722283e-60
-0.005,0.0,0.0,0.25,randomized_2,blind_joint_search,oracle,200,0,0,1.0
-0.005,0.0,0.0,0.25,randomized_2,blind_joint_search,nominal,200,200,0,1.2446030555722283e-60
-0.005,0.0,0.0,0.25,randomized_2,oracle,nominal,200,200,0,1.2446030555722283e-60
-0.005,0.0,0.0,0.25,randomized_3,blind_joint_search,oracle,200,0,0,1.0
-0.005,0.0,0.0,0.25,randomized_3,blind_joint_search,nominal,200,200,0,1.2446030555722283e-60
-0.005,0.0,0.0,0.25,randomized_3,oracle,nominal,200,200,0,1.2446030555722283e-60
-0.005,0.0,0.0,0.25,POOLED_ALL_VECTORS,blind_joint_search,oracle,1200,0,0,1.0
-0.005,0.0,0.0,0.25,POOLED_ALL_VECTORS,blind_joint_search,nominal,1200,1200,0,0.0
-0.005,0.0,0.0,0.25,POOLED_ALL_VECTORS,oracle,nominal,1200,1200,0,0.0
-0.005,0.0,0.0,0.45,mixed_signs,blind_joint_search,oracle,200,0,0,1.0
-0.005,0.0,0.0,0.45,mixed_signs,blind_joint_search,nominal,200,189,0,2.5489470578119236e-57
-0.005,0.0,0.0,0.45,mixed_signs,oracle,nominal,200,189,0,2.5489470578119236e-57
-0.005,0.0,0.0,0.45,sparse_and_zeros,blind_joint_search,oracle,200,0,0,1.0
-0.005,0.0,0.0,0.45,sparse_and_zeros,blind_joint_search,nominal,200,190,0,1.2744735289059618e-57
-0.005,0.0,0.0,0.45,sparse_and_zeros,oracle,nominal,200,190,0,1.2744735289059618e-57
-0.005,0.0,0.0,0.45,boundary_values,blind_joint_search,oracle,200,0,0,1.0
-0.005,0.0,0.0,0.45,boundary_values,blind_joint_search,nominal,200,190,0,1.2744735289059618e-57
-0.005,0.0,0.0,0.45,boundary_values,oracle,nominal,200,190,0,1.2744735289059618e-57
-0.005,0.0,0.0,0.45,randomized_1,blind_joint_search,oracle,200,0,0,1.0
-0.005,0.0,0.0,0.45,randomized_1,blind_joint_search,nominal,200,188,0,5.0978941156238473e-57
-0.005,0.0,0.0,0.45,randomized_1,oracle,nominal,200,188,0,5.0978941156238473e-57
-0.005,0.0,0.0,0.45,randomized_2,blind_joint_search,oracle,200,0,0,1.0
-0.005,0.0,0.0,0.45,randomized_2,blind_joint_search,nominal,200,190,0,1.2744735289059618e-57
-0.005,0.0,0.0,0.45,randomized_2,oracle,nominal,200,190,0,1.2744735289059618e-57
-0.005,0.0,0.0,0.45,randomized_3,blind_joint_search,oracle,200,0,0,1.0
-0.005,0.0,0.0,0.45,randomized_3,blind_joint_search,nominal,200,195,0,3.982729777831131e-59
-0.005,0.0,0.0,0.45,randomized_3,oracle,nominal,200,195,0,3.982729777831131e-59
-0.005,0.0,0.0,0.45,POOLED_ALL_VECTORS,blind_joint_search,oracle,1200,0,0,1.0
-0.005,0.0,0.0,0.45,POOLED_ALL_VECTORS,blind_joint_search,nominal,1200,1142,0,0.0
-0.005,0.0,0.0,0.45,POOLED_ALL_VECTORS,oracle,nominal,1200,1142,0,0.0
-0.005,0.0,2.0,0.0,mixed_signs,blind_joint_search,oracle,1,0,0,1.0
-0.005,0.0,2.0,0.0,mixed_signs,blind_joint_search,nominal,1,1,0,1.0
-0.005,0.0,2.0,0.0,mixed_signs,oracle,nominal,1,1,0,1.0
-0.005,0.0,2.0,0.0,sparse_and_zeros,blind_joint_search,oracle,1,0,0,1.0
-0.005,0.0,2.0,0.0,sparse_and_zeros,blind_joint_search,nominal,1,1,0,1.0
-0.005,0.0,2.0,0.0,sparse_and_zeros,oracle,nominal,1,1,0,1.0
-0.005,0.0,2.0,0.0,boundary_values,blind_joint_search,oracle,1,0,0,1.0
-0.005,0.0,2.0,0.0,boundary_values,blind_joint_search,nominal,1,1,0,1.0
-0.005,0.0,2.0,0.0,boundary_values,oracle,nominal,1,1,0,1.0
-0.005,0.0,2.0,0.0,randomized_1,blind_joint_search,oracle,1,0,0,1.0
-0.005,0.0,2.0,0.0,randomized_1,blind_joint_search,nominal,1,1,0,1.0
-0.005,0.0,2.0,0.0,randomized_1,oracle,nominal,1,1,0,1.0
-0.005,0.0,2.0,0.0,randomized_2,blind_joint_search,oracle,1,0,0,1.0
-0.005,0.0,2.0,0.0,randomized_2,blind_joint_search,nominal,1,1,0,1.0
-0.005,0.0,2.0,0.0,randomized_2,oracle,nominal,1,1,0,1.0
-0.005,0.0,2.0,0.0,randomized_3,blind_joint_search,oracle,1,0,0,1.0
-0.005,0.0,2.0,0.0,randomized_3,blind_joint_search,nominal,1,1,0,1.0
-0.005,0.0,2.0,0.0,randomized_3,oracle,nominal,1,1,0,1.0
-0.005,0.0,2.0,0.0,POOLED_ALL_VECTORS,blind_joint_search,oracle,6,0,0,1.0
-0.005,0.0,2.0,0.0,POOLED_ALL_VECTORS,blind_joint_search,nominal,6,6,0,0.03125
-0.005,0.0,2.0,0.0,POOLED_ALL_VECTORS,oracle,nominal,6,6,0,0.03125
-0.005,0.0,2.0,0.25,mixed_signs,blind_joint_search,oracle,200,0,0,1.0
-0.005,0.0,2.0,0.25,mixed_signs,blind_joint_search,nominal,200,200,0,1.2446030555722283e-60
-0.005,0.0,2.0,0.25,mixed_signs,oracle,nominal,200,200,0,1.2446030555722283e-60
-0.005,0.0,2.0,0.25,sparse_and_zeros,blind_joint_search,oracle,200,0,0,1.0
-0.005,0.0,2.0,0.25,sparse_and_zeros,blind_joint_search,nominal,200,200,0,1.2446030555722283e-60
-0.005,0.0,2.0,0.25,sparse_and_zeros,oracle,nominal,200,200,0,1.2446030555722283e-60
-0.005,0.0,2.0,0.25,boundary_values,blind_joint_search,oracle,200,0,0,1.0
-0.005,0.0,2.0,0.25,boundary_values,blind_joint_search,nominal,200,200,0,1.2446030555722283e-60
-0.005,0.0,2.0,0.25,boundary_values,oracle,nominal,200,200,0,1.2446030555722283e-60
-0.005,0.0,2.0,0.25,randomized_1,blind_joint_search,oracle,200,0,0,1.0
-0.005,0.0,2.0,0.25,randomized_1,blind_joint_search,nominal,200,200,0,1.2446030555722283e-60
-0.005,0.0,2.0,0.25,randomized_1,oracle,nominal,200,200,0,1.2446030555722283e-60
-0.005,0.0,2.0,0.25,randomized_2,blind_joint_search,oracle,200,0,0,1.0
-0.005,0.0,2.0,0.25,randomized_2,blind_joint_search,nominal,200,200,0,1.2446030555722283e-60
-0.005,0.0,2.0,0.25,randomized_2,oracle,nominal,200,200,0,1.2446030555722283e-60
-0.005,0.0,2.0,0.25,randomized_3,blind_joint_search,oracle,200,0,0,1.0
-0.005,0.0,2.0,0.25,randomized_3,blind_joint_search,nominal,200,200,0,1.2446030555722283e-60
-0.005,0.0,2.0,0.25,randomized_3,oracle,nominal,200,200,0,1.2446030555722283e-60
-0.005,0.0,2.0,0.25,POOLED_ALL_VECTORS,blind_joint_search,oracle,1200,0,0,1.0
-0.005,0.0,2.0,0.25,POOLED_ALL_VECTORS,blind_joint_search,nominal,1200,1200,0,0.0
-0.005,0.0,2.0,0.25,POOLED_ALL_VECTORS,oracle,nominal,1200,1200,0,0.0
-0.005,0.0,2.0,0.45,mixed_signs,blind_joint_search,oracle,200,0,0,1.0
-0.005,0.0,2.0,0.45,mixed_signs,blind_joint_search,nominal,200,193,0,1.5930919111324523e-58
-0.005,0.0,2.0,0.45,mixed_signs,oracle,nominal,200,193,0,1.5930919111324523e-58
-0.005,0.0,2.0,0.45,sparse_and_zeros,blind_joint_search,oracle,200,0,0,1.0
-0.005,0.0,2.0,0.45,sparse_and_zeros,blind_joint_search,nominal,200,191,0,6.372367644529809e-58
-0.005,0.0,2.0,0.45,sparse_and_zeros,oracle,nominal,200,191,0,6.372367644529809e-58
-0.005,0.0,2.0,0.45,boundary_values,blind_joint_search,oracle,200,0,0,1.0
-0.005,0.0,2.0,0.45,boundary_values,blind_joint_search,nominal,200,180,0,1.305060893599705e-54
-0.005,0.0,2.0,0.45,boundary_values,oracle,nominal,200,180,0,1.305060893599705e-54
-0.005,0.0,2.0,0.45,randomized_1,blind_joint_search,oracle,200,0,0,1.0
-0.005,0.0,2.0,0.45,randomized_1,blind_joint_search,nominal,200,192,0,3.1861838222649046e-58
-0.005,0.0,2.0,0.45,randomized_1,oracle,nominal,200,192,0,3.1861838222649046e-58
-0.005,0.0,2.0,0.45,randomized_2,blind_joint_search,oracle,200,0,0,1.0
-0.005,0.0,2.0,0.45,randomized_2,blind_joint_search,nominal,200,191,0,6.372367644529809e-58
-0.005,0.0,2.0,0.45,randomized_2,oracle,nominal,200,191,0,6.372367644529809e-58
-0.005,0.0,2.0,0.45,randomized_3,blind_joint_search,oracle,200,0,0,1.0
-0.005,0.0,2.0,0.45,randomized_3,blind_joint_search,nominal,200,189,0,2.5489470578119236e-57
-0.005,0.0,2.0,0.45,randomized_3,oracle,nominal,200,189,0,2.5489470578119236e-57
-0.005,0.0,2.0,0.45,POOLED_ALL_VECTORS,blind_joint_search,oracle,1200,0,0,1.0
-0.005,0.0,2.0,0.45,POOLED_ALL_VECTORS,blind_joint_search,nominal,1200,1136,0,0.0
-0.005,0.0,2.0,0.45,POOLED_ALL_VECTORS,oracle,nominal,1200,1136,0,0.0
-0.005,2500.0,-2.0,0.0,mixed_signs,blind_joint_search,oracle,1,0,0,1.0
-0.005,2500.0,-2.0,0.0,mixed_signs,blind_joint_search,nominal,1,1,0,1.0
-0.005,2500.0,-2.0,0.0,mixed_signs,oracle,nominal,1,1,0,1.0
-0.005,2500.0,-2.0,0.0,sparse_and_zeros,blind_joint_search,oracle,1,0,0,1.0
-0.005,2500.0,-2.0,0.0,sparse_and_zeros,blind_joint_search,nominal,1,1,0,1.0
-0.005,2500.0,-2.0,0.0,sparse_and_zeros,oracle,nominal,1,1,0,1.0
-0.005,2500.0,-2.0,0.0,boundary_values,blind_joint_search,oracle,1,0,0,1.0
-0.005,2500.0,-2.0,0.0,boundary_values,blind_joint_search,nominal,1,1,0,1.0
-0.005,2500.0,-2.0,0.0,boundary_values,oracle,nominal,1,1,0,1.0
-0.005,2500.0,-2.0,0.0,randomized_1,blind_joint_search,oracle,1,0,0,1.0
-0.005,2500.0,-2.0,0.0,randomized_1,blind_joint_search,nominal,1,1,0,1.0
-0.005,2500.0,-2.0,0.0,randomized_1,oracle,nominal,1,1,0,1.0
-0.005,2500.0,-2.0,0.0,randomized_2,blind_joint_search,oracle,1,0,0,1.0
-0.005,2500.0,-2.0,0.0,randomized_2,blind_joint_search,nominal,1,1,0,1.0
-0.005,2500.0,-2.0,0.0,randomized_2,oracle,nominal,1,1,0,1.0
-0.005,2500.0,-2.0,0.0,randomized_3,blind_joint_search,oracle,1,0,0,1.0
-0.005,2500.0,-2.0,0.0,randomized_3,blind_joint_search,nominal,1,1,0,1.0
-0.005,2500.0,-2.0,0.0,randomized_3,oracle,nominal,1,1,0,1.0
-0.005,2500.0,-2.0,0.0,POOLED_ALL_VECTORS,blind_joint_search,oracle,6,0,0,1.0
-0.005,2500.0,-2.0,0.0,POOLED_ALL_VECTORS,blind_joint_search,nominal,6,6,0,0.03125
-0.005,2500.0,-2.0,0.0,POOLED_ALL_VECTORS,oracle,nominal,6,6,0,0.03125
-0.005,2500.0,-2.0,0.25,mixed_signs,blind_joint_search,oracle,200,0,0,1.0
-0.005,2500.0,-2.0,0.25,mixed_signs,blind_joint_search,nominal,200,200,0,1.2446030555722283e-60
-0.005,2500.0,-2.0,0.25,mixed_signs,oracle,nominal,200,200,0,1.2446030555722283e-60
-0.005,2500.0,-2.0,0.25,sparse_and_zeros,blind_joint_search,oracle,200,0,0,1.0
-0.005,2500.0,-2.0,0.25,sparse_and_zeros,blind_joint_search,nominal,200,200,0,1.2446030555722283e-60
-0.005,2500.0,-2.0,0.25,sparse_and_zeros,oracle,nominal,200,200,0,1.2446030555722283e-60
-0.005,2500.0,-2.0,0.25,boundary_values,blind_joint_search,oracle,200,0,0,1.0
-0.005,2500.0,-2.0,0.25,boundary_values,blind_joint_search,nominal,200,200,0,1.2446030555722283e-60
-0.005,2500.0,-2.0,0.25,boundary_values,oracle,nominal,200,200,0,1.2446030555722283e-60
-0.005,2500.0,-2.0,0.25,randomized_1,blind_joint_search,oracle,200,0,0,1.0
-0.005,2500.0,-2.0,0.25,randomized_1,blind_joint_search,nominal,200,200,0,1.2446030555722283e-60
-0.005,2500.0,-2.0,0.25,randomized_1,oracle,nominal,200,200,0,1.2446030555722283e-60
-0.005,2500.0,-2.0,0.25,randomized_2,blind_joint_search,oracle,200,0,0,1.0
-0.005,2500.0,-2.0,0.25,randomized_2,blind_joint_search,nominal,200,200,0,1.2446030555722283e-60
-0.005,2500.0,-2.0,0.25,randomized_2,oracle,nominal,200,200,0,1.2446030555722283e-60
-0.005,2500.0,-2.0,0.25,randomized_3,blind_joint_search,oracle,200,0,0,1.0
-0.005,2500.0,-2.0,0.25,randomized_3,blind_joint_search,nominal,200,200,0,1.2446030555722283e-60
-0.005,2500.0,-2.0,0.25,randomized_3,oracle,nominal,200,200,0,1.2446030555722283e-60
-0.005,2500.0,-2.0,0.25,POOLED_ALL_VECTORS,blind_joint_search,oracle,1200,0,0,1.0
-0.005,2500.0,-2.0,0.25,POOLED_ALL_VECTORS,blind_joint_search,nominal,1200,1200,0,0.0
-0.005,2500.0,-2.0,0.25,POOLED_ALL_VECTORS,oracle,nominal,1200,1200,0,0.0
-0.005,2500.0,-2.0,0.45,mixed_signs,blind_joint_search,oracle,200,2,17,0.000728607177734375
-0.005,2500.0,-2.0,0.45,mixed_signs,blind_joint_search,nominal,200,170,0,1.3363823550460978e-51
-0.005,2500.0,-2.0,0.45,mixed_signs,oracle,nominal,200,185,0,4.078315292499078e-56
-0.005,2500.0,-2.0,0.45,sparse_and_zeros,blind_joint_search,oracle,200,0,0,1.0
-0.005,2500.0,-2.0,0.45,sparse_and_zeros,blind_joint_search,nominal,200,192,0,3.1861838222649046e-58
-0.005,2500.0,-2.0,0.45,sparse_and_zeros,oracle,nominal,200,192,0,3.1861838222649046e-58
-0.005,2500.0,-2.0,0.45,boundary_values,blind_joint_search,oracle,200,0,0,1.0
-0.005,2500.0,-2.0,0.45,boundary_values,blind_joint_search,nominal,200,190,0,1.2744735289059618e-57
-0.005,2500.0,-2.0,0.45,boundary_values,oracle,nominal,200,190,0,1.2744735289059618e-57
-0.005,2500.0,-2.0,0.45,randomized_1,blind_joint_search,oracle,200,0,0,1.0
-0.005,2500.0,-2.0,0.45,randomized_1,blind_joint_search,nominal,200,180,0,1.305060893599705e-54
-0.005,2500.0,-2.0,0.45,randomized_1,oracle,nominal,200,180,0,1.305060893599705e-54
-0.005,2500.0,-2.0,0.45,randomized_2,blind_joint_search,oracle,200,0,0,1.0
-0.005,2500.0,-2.0,0.45,randomized_2,blind_joint_search,nominal,200,188,0,5.0978941156238473e-57
-0.005,2500.0,-2.0,0.45,randomized_2,oracle,nominal,200,188,0,5.0978941156238473e-57
-0.005,2500.0,-2.0,0.45,randomized_3,blind_joint_search,oracle,200,0,0,1.0
-0.005,2500.0,-2.0,0.45,randomized_3,blind_joint_search,nominal,200,192,0,3.1861838222649046e-58
-0.005,2500.0,-2.0,0.45,randomized_3,oracle,nominal,200,192,0,3.1861838222649046e-58
-0.005,2500.0,-2.0,0.45,POOLED_ALL_VECTORS,blind_joint_search,oracle,1200,2,17,0.000728607177734375
-0.005,2500.0,-2.0,0.45,POOLED_ALL_VECTORS,blind_joint_search,nominal,1200,1112,0,0.0
-0.005,2500.0,-2.0,0.45,POOLED_ALL_VECTORS,oracle,nominal,1200,1127,0,0.0
-0.005,2500.0,0.0,0.0,mixed_signs,blind_joint_search,oracle,1,0,0,1.0
-0.005,2500.0,0.0,0.0,mixed_signs,blind_joint_search,nominal,1,1,0,1.0
-0.005,2500.0,0.0,0.0,mixed_signs,oracle,nominal,1,1,0,1.0
-0.005,2500.0,0.0,0.0,sparse_and_zeros,blind_joint_search,oracle,1,0,0,1.0
-0.005,2500.0,0.0,0.0,sparse_and_zeros,blind_joint_search,nominal,1,1,0,1.0
-0.005,2500.0,0.0,0.0,sparse_and_zeros,oracle,nominal,1,1,0,1.0
-0.005,2500.0,0.0,0.0,boundary_values,blind_joint_search,oracle,1,0,0,1.0
-0.005,2500.0,0.0,0.0,boundary_values,blind_joint_search,nominal,1,1,0,1.0
-0.005,2500.0,0.0,0.0,boundary_values,oracle,nominal,1,1,0,1.0
-0.005,2500.0,0.0,0.0,randomized_1,blind_joint_search,oracle,1,0,0,1.0
-0.005,2500.0,0.0,0.0,randomized_1,blind_joint_search,nominal,1,1,0,1.0
-0.005,2500.0,0.0,0.0,randomized_1,oracle,nominal,1,1,0,1.0
-0.005,2500.0,0.0,0.0,randomized_2,blind_joint_search,oracle,1,0,0,1.0
-0.005,2500.0,0.0,0.0,randomized_2,blind_joint_search,nominal,1,1,0,1.0
-0.005,2500.0,0.0,0.0,randomized_2,oracle,nominal,1,1,0,1.0
-0.005,2500.0,0.0,0.0,randomized_3,blind_joint_search,oracle,1,0,0,1.0
-0.005,2500.0,0.0,0.0,randomized_3,blind_joint_search,nominal,1,1,0,1.0
-0.005,2500.0,0.0,0.0,randomized_3,oracle,nominal,1,1,0,1.0
-0.005,2500.0,0.0,0.0,POOLED_ALL_VECTORS,blind_joint_search,oracle,6,0,0,1.0
-0.005,2500.0,0.0,0.0,POOLED_ALL_VECTORS,blind_joint_search,nominal,6,6,0,0.03125
-0.005,2500.0,0.0,0.0,POOLED_ALL_VECTORS,oracle,nominal,6,6,0,0.03125
-0.005,2500.0,0.0,0.25,mixed_signs,blind_joint_search,oracle,200,0,0,1.0
-0.005,2500.0,0.0,0.25,mixed_signs,blind_joint_search,nominal,200,200,0,1.2446030555722283e-60
-0.005,2500.0,0.0,0.25,mixed_signs,oracle,nominal,200,200,0,1.2446030555722283e-60
-0.005,2500.0,0.0,0.25,sparse_and_zeros,blind_joint_search,oracle,200,0,0,1.0
-0.005,2500.0,0.0,0.25,sparse_and_zeros,blind_joint_search,nominal,200,200,0,1.2446030555722283e-60
-0.005,2500.0,0.0,0.25,sparse_and_zeros,oracle,nominal,200,200,0,1.2446030555722283e-60
-0.005,2500.0,0.0,0.25,boundary_values,blind_joint_search,oracle,200,0,0,1.0
-0.005,2500.0,0.0,0.25,boundary_values,blind_joint_search,nominal,200,200,0,1.2446030555722283e-60
-0.005,2500.0,0.0,0.25,boundary_values,oracle,nominal,200,200,0,1.2446030555722283e-60
-0.005,2500.0,0.0,0.25,randomized_1,blind_joint_search,oracle,200,0,0,1.0
-0.005,2500.0,0.0,0.25,randomized_1,blind_joint_search,nominal,200,200,0,1.2446030555722283e-60
-0.005,2500.0,0.0,0.25,randomized_1,oracle,nominal,200,200,0,1.2446030555722283e-60
-0.005,2500.0,0.0,0.25,randomized_2,blind_joint_search,oracle,200,0,0,1.0
-0.005,2500.0,0.0,0.25,randomized_2,blind_joint_search,nominal,200,200,0,1.2446030555722283e-60
-0.005,2500.0,0.0,0.25,randomized_2,oracle,nominal,200,200,0,1.2446030555722283e-60
-0.005,2500.0,0.0,0.25,randomized_3,blind_joint_search,oracle,200,0,0,1.0
-0.005,2500.0,0.0,0.25,randomized_3,blind_joint_search,nominal,200,200,0,1.2446030555722283e-60
-0.005,2500.0,0.0,0.25,randomized_3,oracle,nominal,200,200,0,1.2446030555722283e-60
-0.005,2500.0,0.0,0.25,POOLED_ALL_VECTORS,blind_joint_search,oracle,1200,0,0,1.0
-0.005,2500.0,0.0,0.25,POOLED_ALL_VECTORS,blind_joint_search,nominal,1200,1200,0,0.0
-0.005,2500.0,0.0,0.25,POOLED_ALL_VECTORS,oracle,nominal,1200,1200,0,0.0
-0.005,2500.0,0.0,0.45,mixed_signs,blind_joint_search,oracle,200,0,13,0.000244140625
-0.005,2500.0,0.0,0.45,mixed_signs,blind_joint_search,nominal,200,181,0,6.525304467998525e-55
-0.005,2500.0,0.0,0.45,mixed_signs,oracle,nominal,200,194,0,7.965459555662261e-59
-0.005,2500.0,0.0,0.45,sparse_and_zeros,blind_joint_search,oracle,200,0,0,1.0
-0.005,2500.0,0.0,0.45,sparse_and_zeros,blind_joint_search,nominal,200,184,0,8.156630584998156e-56
-0.005,2500.0,0.0,0.45,sparse_and_zeros,oracle,nominal,200,184,0,8.156630584998156e-56
-0.005,2500.0,0.0,0.45,boundary_values,blind_joint_search,oracle,200,0,0,1.0
-0.005,2500.0,0.0,0.45,boundary_values,blind_joint_search,nominal,200,190,0,1.2744735289059618e-57
-0.005,2500.0,0.0,0.45,boundary_values,oracle,nominal,200,190,0,1.2744735289059618e-57
-0.005,2500.0,0.0,0.45,randomized_1,blind_joint_search,oracle,200,0,0,1.0
-0.005,2500.0,0.0,0.45,randomized_1,blind_joint_search,nominal,200,192,0,3.1861838222649046e-58
-0.005,2500.0,0.0,0.45,randomized_1,oracle,nominal,200,192,0,3.1861838222649046e-58
-0.005,2500.0,0.0,0.45,randomized_2,blind_joint_search,oracle,200,0,0,1.0
-0.005,2500.0,0.0,0.45,randomized_2,blind_joint_search,nominal,200,187,0,1.0195788231247695e-56
-0.005,2500.0,0.0,0.45,randomized_2,oracle,nominal,200,187,0,1.0195788231247695e-56
-0.005,2500.0,0.0,0.45,randomized_3,blind_joint_search,oracle,200,0,0,1.0
-0.005,2500.0,0.0,0.45,randomized_3,blind_joint_search,nominal,200,188,0,5.0978941156238473e-57
-0.005,2500.0,0.0,0.45,randomized_3,oracle,nominal,200,188,0,5.0978941156238473e-57
-0.005,2500.0,0.0,0.45,POOLED_ALL_VECTORS,blind_joint_search,oracle,1200,0,13,0.000244140625
-0.005,2500.0,0.0,0.45,POOLED_ALL_VECTORS,blind_joint_search,nominal,1200,1122,0,0.0
-0.005,2500.0,0.0,0.45,POOLED_ALL_VECTORS,oracle,nominal,1200,1135,0,0.0
-0.005,2500.0,2.0,0.0,mixed_signs,blind_joint_search,oracle,1,0,0,1.0
-0.005,2500.0,2.0,0.0,mixed_signs,blind_joint_search,nominal,1,1,0,1.0
-0.005,2500.0,2.0,0.0,mixed_signs,oracle,nominal,1,1,0,1.0
-0.005,2500.0,2.0,0.0,sparse_and_zeros,blind_joint_search,oracle,1,0,0,1.0
-0.005,2500.0,2.0,0.0,sparse_and_zeros,blind_joint_search,nominal,1,1,0,1.0
-0.005,2500.0,2.0,0.0,sparse_and_zeros,oracle,nominal,1,1,0,1.0
-0.005,2500.0,2.0,0.0,boundary_values,blind_joint_search,oracle,1,0,0,1.0
-0.005,2500.0,2.0,0.0,boundary_values,blind_joint_search,nominal,1,1,0,1.0
-0.005,2500.0,2.0,0.0,boundary_values,oracle,nominal,1,1,0,1.0
-0.005,2500.0,2.0,0.0,randomized_1,blind_joint_search,oracle,1,0,0,1.0
-0.005,2500.0,2.0,0.0,randomized_1,blind_joint_search,nominal,1,1,0,1.0
-0.005,2500.0,2.0,0.0,randomized_1,oracle,nominal,1,1,0,1.0
-0.005,2500.0,2.0,0.0,randomized_2,blind_joint_search,oracle,1,0,0,1.0
-0.005,2500.0,2.0,0.0,randomized_2,blind_joint_search,nominal,1,1,0,1.0
-0.005,2500.0,2.0,0.0,randomized_2,oracle,nominal,1,1,0,1.0
-0.005,2500.0,2.0,0.0,randomized_3,blind_joint_search,oracle,1,0,0,1.0
-0.005,2500.0,2.0,0.0,randomized_3,blind_joint_search,nominal,1,1,0,1.0
-0.005,2500.0,2.0,0.0,randomized_3,oracle,nominal,1,1,0,1.0
-0.005,2500.0,2.0,0.0,POOLED_ALL_VECTORS,blind_joint_search,oracle,6,0,0,1.0
-0.005,2500.0,2.0,0.0,POOLED_ALL_VECTORS,blind_joint_search,nominal,6,6,0,0.03125
-0.005,2500.0,2.0,0.0,POOLED_ALL_VECTORS,oracle,nominal,6,6,0,0.03125
-0.005,2500.0,2.0,0.25,mixed_signs,blind_joint_search,oracle,200,0,0,1.0
-0.005,2500.0,2.0,0.25,mixed_signs,blind_joint_search,nominal,200,200,0,1.2446030555722283e-60
-0.005,2500.0,2.0,0.25,mixed_signs,oracle,nominal,200,200,0,1.2446030555722283e-60
-0.005,2500.0,2.0,0.25,sparse_and_zeros,blind_joint_search,oracle,200,0,0,1.0
-0.005,2500.0,2.0,0.25,sparse_and_zeros,blind_joint_search,nominal,200,200,0,1.2446030555722283e-60
-0.005,2500.0,2.0,0.25,sparse_and_zeros,oracle,nominal,200,200,0,1.2446030555722283e-60
-0.005,2500.0,2.0,0.25,boundary_values,blind_joint_search,oracle,200,0,0,1.0
-0.005,2500.0,2.0,0.25,boundary_values,blind_joint_search,nominal,200,200,0,1.2446030555722283e-60
-0.005,2500.0,2.0,0.25,boundary_values,oracle,nominal,200,200,0,1.2446030555722283e-60
-0.005,2500.0,2.0,0.25,randomized_1,blind_joint_search,oracle,200,0,0,1.0
-0.005,2500.0,2.0,0.25,randomized_1,blind_joint_search,nominal,200,200,0,1.2446030555722283e-60
-0.005,2500.0,2.0,0.25,randomized_1,oracle,nominal,200,200,0,1.2446030555722283e-60
-0.005,2500.0,2.0,0.25,randomized_2,blind_joint_search,oracle,200,0,0,1.0
-0.005,2500.0,2.0,0.25,randomized_2,blind_joint_search,nominal,200,200,0,1.2446030555722283e-60
-0.005,2500.0,2.0,0.25,randomized_2,oracle,nominal,200,200,0,1.2446030555722283e-60
-0.005,2500.0,2.0,0.25,randomized_3,blind_joint_search,oracle,200,0,0,1.0
-0.005,2500.0,2.0,0.25,randomized_3,blind_joint_search,nominal,200,200,0,1.2446030555722283e-60
-0.005,2500.0,2.0,0.25,randomized_3,oracle,nominal,200,200,0,1.2446030555722283e-60
-0.005,2500.0,2.0,0.25,POOLED_ALL_VECTORS,blind_joint_search,oracle,1200,0,0,1.0
-0.005,2500.0,2.0,0.25,POOLED_ALL_VECTORS,blind_joint_search,nominal,1200,1200,0,0.0
-0.005,2500.0,2.0,0.25,POOLED_ALL_VECTORS,oracle,nominal,1200,1200,0,0.0
-0.005,2500.0,2.0,0.45,mixed_signs,blind_joint_search,oracle,200,2,17,0.000728607177734375
-0.005,2500.0,2.0,0.45,mixed_signs,blind_joint_search,nominal,200,169,0,2.6727647100921956e-51
-0.005,2500.0,2.0,0.45,mixed_signs,oracle,nominal,200,184,0,8.156630584998156e-56
-0.005,2500.0,2.0,0.45,sparse_and_zeros,blind_joint_search,oracle,200,0,0,1.0
-0.005,2500.0,2.0,0.45,sparse_and_zeros,blind_joint_search,nominal,200,183,0,1.6313261169996311e-55
-0.005,2500.0,2.0,0.45,sparse_and_zeros,oracle,nominal,200,183,0,1.6313261169996311e-55
-0.005,2500.0,2.0,0.45,boundary_values,blind_joint_search,oracle,200,0,0,1.0
-0.005,2500.0,2.0,0.45,boundary_values,blind_joint_search,nominal,200,184,0,8.156630584998156e-56
-0.005,2500.0,2.0,0.45,boundary_values,oracle,nominal,200,184,0,8.156630584998156e-56
-0.005,2500.0,2.0,0.45,randomized_1,blind_joint_search,oracle,200,0,0,1.0
-0.005,2500.0,2.0,0.45,randomized_1,blind_joint_search,nominal,200,185,0,4.078315292499078e-56
-0.005,2500.0,2.0,0.45,randomized_1,oracle,nominal,200,185,0,4.078315292499078e-56
-0.005,2500.0,2.0,0.45,randomized_2,blind_joint_search,oracle,200,0,0,1.0
-0.005,2500.0,2.0,0.45,randomized_2,blind_joint_search,nominal,200,184,0,8.156630584998156e-56
-0.005,2500.0,2.0,0.45,randomized_2,oracle,nominal,200,184,0,8.156630584998156e-56
-0.005,2500.0,2.0,0.45,randomized_3,blind_joint_search,oracle,200,0,0,1.0
-0.005,2500.0,2.0,0.45,randomized_3,blind_joint_search,nominal,200,183,0,1.6313261169996311e-55
-0.005,2500.0,2.0,0.45,randomized_3,oracle,nominal,200,183,0,1.6313261169996311e-55
-0.005,2500.0,2.0,0.45,POOLED_ALL_VECTORS,blind_joint_search,oracle,1200,2,17,0.000728607177734375
-0.005,2500.0,2.0,0.45,POOLED_ALL_VECTORS,blind_joint_search,nominal,1200,1088,0,0.0
-0.005,2500.0,2.0,0.45,POOLED_ALL_VECTORS,oracle,nominal,1200,1103,0,0.0
0.0,-2500.0,-2.0,0.0,mixed_signs,blind_joint_search,oracle,1,0,0,1.0
0.0,-2500.0,-2.0,0.0,mixed_signs,blind_joint_search,nominal,1,1,0,1.0
0.0,-2500.0,-2.0,0.0,mixed_signs,oracle,nominal,1,1,0,1.0
0.0,-2500.0,-2.0,0.0,sparse_and_zeros,blind_joint_search,oracle,1,0,0,1.0
0.0,-2500.0,-2.0,0.0,sparse_and_zeros,blind_joint_search,nominal,1,1,0,1.0
0.0,-2500.0,-2.0,0.0,sparse_and_zeros,oracle,nominal,1,1,0,1.0
0.0,-2500.0,-2.0,0.0,boundary_values,blind_joint_search,oracle,1,0,0,1.0
0.0,-2500.0,-2.0,0.0,boundary_values,blind_joint_search,nominal,1,1,0,1.0
0.0,-2500.0,-2.0,0.0,boundary_values,oracle,nominal,1,1,0,1.0
0.0,-2500.0,-2.0,0.0,randomized_1,blind_joint_search,oracle,1,0,0,1.0
0.0,-2500.0,-2.0,0.0,randomized_1,blind_joint_search,nominal,1,1,0,1.0
0.0,-2500.0,-2.0,0.0,randomized_1,oracle,nominal,1,1,0,1.0
0.0,-2500.0,-2.0,0.0,randomized_2,blind_joint_search,oracle,1,0,0,1.0
0.0,-2500.0,-2.0,0.0,randomized_2,blind_joint_search,nominal,1,1,0,1.0
0.0,-2500.0,-2.0,0.0,randomized_2,oracle,nominal,1,1,0,1.0
0.0,-2500.0,-2.0,0.0,randomized_3,blind_joint_search,oracle,1,0,0,1.0
0.0,-2500.0,-2.0,0.0,randomized_3,blind_joint_search,nominal,1,1,0,1.0
0.0,-2500.0,-2.0,0.0,randomized_3,oracle,nominal,1,1,0,1.0
0.0,-2500.0,-2.0,0.0,POOLED_ALL_VECTORS,blind_joint_search,oracle,6,0,0,1.0
0.0,-2500.0,-2.0,0.0,POOLED_ALL_VECTORS,blind_joint_search,nominal,6,6,0,0.03125
0.0,-2500.0,-2.0,0.0,POOLED_ALL_VECTORS,oracle,nominal,6,6,0,0.03125
0.0,-2500.0,-2.0,0.25,mixed_signs,blind_joint_search,oracle,200,0,0,1.0
0.0,-2500.0,-2.0,0.25,mixed_signs,blind_joint_search,nominal,200,200,0,1.2446030555722283e-60
0.0,-2500.0,-2.0,0.25,mixed_signs,oracle,nominal,200,200,0,1.2446030555722283e-60
0.0,-2500.0,-2.0,0.25,sparse_and_zeros,blind_joint_search,oracle,200,0,0,1.0
0.0,-2500.0,-2.0,0.25,sparse_and_zeros,blind_joint_search,nominal,200,200,0,1.2446030555722283e-60
0.0,-2500.0,-2.0,0.25,sparse_and_zeros,oracle,nominal,200,200,0,1.2446030555722283e-60
0.0,-2500.0,-2.0,0.25,boundary_values,blind_joint_search,oracle,200,0,16,3.0517578125e-05
0.0,-2500.0,-2.0,0.25,boundary_values,blind_joint_search,nominal,200,184,0,8.156630584998156e-56
0.0,-2500.0,-2.0,0.25,boundary_values,oracle,nominal,200,200,0,1.2446030555722283e-60
0.0,-2500.0,-2.0,0.25,randomized_1,blind_joint_search,oracle,200,0,0,1.0
0.0,-2500.0,-2.0,0.25,randomized_1,blind_joint_search,nominal,200,200,0,1.2446030555722283e-60
0.0,-2500.0,-2.0,0.25,randomized_1,oracle,nominal,200,200,0,1.2446030555722283e-60
0.0,-2500.0,-2.0,0.25,randomized_2,blind_joint_search,oracle,200,0,3,0.25
0.0,-2500.0,-2.0,0.25,randomized_2,blind_joint_search,nominal,200,197,0,9.956824444577827e-60
0.0,-2500.0,-2.0,0.25,randomized_2,oracle,nominal,200,200,0,1.2446030555722283e-60
0.0,-2500.0,-2.0,0.25,randomized_3,blind_joint_search,oracle,200,0,1,1.0
0.0,-2500.0,-2.0,0.25,randomized_3,blind_joint_search,nominal,200,199,0,2.4892061111444567e-60
0.0,-2500.0,-2.0,0.25,randomized_3,oracle,nominal,200,200,0,1.2446030555722283e-60
0.0,-2500.0,-2.0,0.25,POOLED_ALL_VECTORS,blind_joint_search,oracle,1200,0,20,1.9073486328125e-06
0.0,-2500.0,-2.0,0.25,POOLED_ALL_VECTORS,blind_joint_search,nominal,1200,1180,0,0.0
0.0,-2500.0,-2.0,0.25,POOLED_ALL_VECTORS,oracle,nominal,1200,1200,0,0.0
0.0,-2500.0,-2.0,0.45,mixed_signs,blind_joint_search,oracle,200,3,8,0.2265625
0.0,-2500.0,-2.0,0.45,mixed_signs,blind_joint_search,nominal,200,186,0,2.039157646249539e-56
0.0,-2500.0,-2.0,0.45,mixed_signs,oracle,nominal,200,191,0,6.372367644529809e-58
0.0,-2500.0,-2.0,0.45,sparse_and_zeros,blind_joint_search,oracle,200,0,0,1.0
0.0,-2500.0,-2.0,0.45,sparse_and_zeros,blind_joint_search,nominal,200,187,0,1.0195788231247695e-56
0.0,-2500.0,-2.0,0.45,sparse_and_zeros,oracle,nominal,200,187,0,1.0195788231247695e-56
0.0,-2500.0,-2.0,0.45,boundary_values,blind_joint_search,oracle,200,3,29,2.5560148060321808e-06
0.0,-2500.0,-2.0,0.45,boundary_values,blind_joint_search,nominal,200,154,0,8.758115402030107e-47
0.0,-2500.0,-2.0,0.45,boundary_values,oracle,nominal,200,180,0,1.305060893599705e-54
0.0,-2500.0,-2.0,0.45,randomized_1,blind_joint_search,oracle,200,0,12,0.00048828125
0.0,-2500.0,-2.0,0.45,randomized_1,blind_joint_search,nominal,200,167,0,1.0691058840368783e-50
0.0,-2500.0,-2.0,0.45,randomized_1,oracle,nominal,200,179,0,2.61012178719941e-54
0.0,-2500.0,-2.0,0.45,randomized_2,blind_joint_search,oracle,200,2,24,1.049041748046875e-05
0.0,-2500.0,-2.0,0.45,randomized_2,blind_joint_search,nominal,200,161,0,6.842277657836021e-49
0.0,-2500.0,-2.0,0.45,randomized_2,oracle,nominal,200,183,0,1.6313261169996311e-55
0.0,-2500.0,-2.0,0.45,randomized_3,blind_joint_search,oracle,200,3,7,0.34375
0.0,-2500.0,-2.0,0.45,randomized_3,blind_joint_search,nominal,200,184,0,8.156630584998156e-56
0.0,-2500.0,-2.0,0.45,randomized_3,oracle,nominal,200,188,0,5.0978941156238473e-57
0.0,-2500.0,-2.0,0.45,POOLED_ALL_VECTORS,blind_joint_search,oracle,1200,11,80,4.412960319286537e-14
0.0,-2500.0,-2.0,0.45,POOLED_ALL_VECTORS,blind_joint_search,nominal,1200,1039,0,3.39519326554e-313
0.0,-2500.0,-2.0,0.45,POOLED_ALL_VECTORS,oracle,nominal,1200,1108,0,0.0
0.0,-2500.0,0.0,0.0,mixed_signs,blind_joint_search,oracle,1,0,0,1.0
0.0,-2500.0,0.0,0.0,mixed_signs,blind_joint_search,nominal,1,1,0,1.0
0.0,-2500.0,0.0,0.0,mixed_signs,oracle,nominal,1,1,0,1.0
0.0,-2500.0,0.0,0.0,sparse_and_zeros,blind_joint_search,oracle,1,0,0,1.0
0.0,-2500.0,0.0,0.0,sparse_and_zeros,blind_joint_search,nominal,1,1,0,1.0
0.0,-2500.0,0.0,0.0,sparse_and_zeros,oracle,nominal,1,1,0,1.0
0.0,-2500.0,0.0,0.0,boundary_values,blind_joint_search,oracle,1,0,0,1.0
0.0,-2500.0,0.0,0.0,boundary_values,blind_joint_search,nominal,1,1,0,1.0
0.0,-2500.0,0.0,0.0,boundary_values,oracle,nominal,1,1,0,1.0
0.0,-2500.0,0.0,0.0,randomized_1,blind_joint_search,oracle,1,0,0,1.0
0.0,-2500.0,0.0,0.0,randomized_1,blind_joint_search,nominal,1,1,0,1.0
0.0,-2500.0,0.0,0.0,randomized_1,oracle,nominal,1,1,0,1.0
0.0,-2500.0,0.0,0.0,randomized_2,blind_joint_search,oracle,1,0,0,1.0
0.0,-2500.0,0.0,0.0,randomized_2,blind_joint_search,nominal,1,1,0,1.0
0.0,-2500.0,0.0,0.0,randomized_2,oracle,nominal,1,1,0,1.0
0.0,-2500.0,0.0,0.0,randomized_3,blind_joint_search,oracle,1,0,0,1.0
0.0,-2500.0,0.0,0.0,randomized_3,blind_joint_search,nominal,1,1,0,1.0
0.0,-2500.0,0.0,0.0,randomized_3,oracle,nominal,1,1,0,1.0
0.0,-2500.0,0.0,0.0,POOLED_ALL_VECTORS,blind_joint_search,oracle,6,0,0,1.0
0.0,-2500.0,0.0,0.0,POOLED_ALL_VECTORS,blind_joint_search,nominal,6,6,0,0.03125
0.0,-2500.0,0.0,0.0,POOLED_ALL_VECTORS,oracle,nominal,6,6,0,0.03125
0.0,-2500.0,0.0,0.25,mixed_signs,blind_joint_search,oracle,200,0,0,1.0
0.0,-2500.0,0.0,0.25,mixed_signs,blind_joint_search,nominal,200,200,0,1.2446030555722283e-60
0.0,-2500.0,0.0,0.25,mixed_signs,oracle,nominal,200,200,0,1.2446030555722283e-60
0.0,-2500.0,0.0,0.25,sparse_and_zeros,blind_joint_search,oracle,200,0,0,1.0
0.0,-2500.0,0.0,0.25,sparse_and_zeros,blind_joint_search,nominal,200,200,0,1.2446030555722283e-60
0.0,-2500.0,0.0,0.25,sparse_and_zeros,oracle,nominal,200,200,0,1.2446030555722283e-60
0.0,-2500.0,0.0,0.25,boundary_values,blind_joint_search,oracle,200,0,14,0.0001220703125
0.0,-2500.0,0.0,0.25,boundary_values,blind_joint_search,nominal,200,186,0,2.039157646249539e-56
0.0,-2500.0,0.0,0.25,boundary_values,oracle,nominal,200,200,0,1.2446030555722283e-60
0.0,-2500.0,0.0,0.25,randomized_1,blind_joint_search,oracle,200,0,0,1.0
0.0,-2500.0,0.0,0.25,randomized_1,blind_joint_search,nominal,200,200,0,1.2446030555722283e-60
0.0,-2500.0,0.0,0.25,randomized_1,oracle,nominal,200,200,0,1.2446030555722283e-60
0.0,-2500.0,0.0,0.25,randomized_2,blind_joint_search,oracle,200,0,1,1.0
0.0,-2500.0,0.0,0.25,randomized_2,blind_joint_search,nominal,200,199,0,2.4892061111444567e-60
0.0,-2500.0,0.0,0.25,randomized_2,oracle,nominal,200,200,0,1.2446030555722283e-60
0.0,-2500.0,0.0,0.25,randomized_3,blind_joint_search,oracle,200,0,0,1.0
0.0,-2500.0,0.0,0.25,randomized_3,blind_joint_search,nominal,200,200,0,1.2446030555722283e-60
0.0,-2500.0,0.0,0.25,randomized_3,oracle,nominal,200,200,0,1.2446030555722283e-60
0.0,-2500.0,0.0,0.25,POOLED_ALL_VECTORS,blind_joint_search,oracle,1200,0,15,6.103515625e-05
0.0,-2500.0,0.0,0.25,POOLED_ALL_VECTORS,blind_joint_search,nominal,1200,1185,0,0.0
0.0,-2500.0,0.0,0.25,POOLED_ALL_VECTORS,oracle,nominal,1200,1200,0,0.0
0.0,-2500.0,0.0,0.45,mixed_signs,blind_joint_search,oracle,200,3,10,0.09228515625
0.0,-2500.0,0.0,0.45,mixed_signs,blind_joint_search,nominal,200,184,0,8.156630584998156e-56
0.0,-2500.0,0.0,0.45,mixed_signs,oracle,nominal,200,191,0,6.372367644529809e-58
0.0,-2500.0,0.0,0.45,sparse_and_zeros,blind_joint_search,oracle,200,0,1,1.0
0.0,-2500.0,0.0,0.45,sparse_and_zeros,blind_joint_search,nominal,200,188,0,5.0978941156238473e-57
0.0,-2500.0,0.0,0.45,sparse_and_zeros,oracle,nominal,200,189,0,2.5489470578119236e-57
0.0,-2500.0,0.0,0.45,boundary_values,blind_joint_search,oracle,200,0,26,2.9802322387695312e-08
0.0,-2500.0,0.0,0.45,boundary_values,blind_joint_search,nominal,200,165,0,4.276423536147513e-50
0.0,-2500.0,0.0,0.45,boundary_values,oracle,nominal,200,191,0,6.372367644529809e-58
0.0,-2500.0,0.0,0.45,randomized_1,blind_joint_search,oracle,200,0,7,0.015625
0.0,-2500.0,0.0,0.45,randomized_1,blind_joint_search,nominal,200,177,0,1.044048714879764e-53
0.0,-2500.0,0.0,0.45,randomized_1,oracle,nominal,200,184,0,8.156630584998156e-56
0.0,-2500.0,0.0,0.45,randomized_2,blind_joint_search,oracle,200,5,18,0.010622024536132812
0.0,-2500.0,0.0,0.45,randomized_2,blind_joint_search,nominal,200,167,0,1.0691058840368783e-50
0.0,-2500.0,0.0,0.45,randomized_2,oracle,nominal,200,180,0,1.305060893599705e-54
0.0,-2500.0,0.0,0.45,randomized_3,blind_joint_search,oracle,200,2,10,0.03857421875
0.0,-2500.0,0.0,0.45,randomized_3,blind_joint_search,nominal,200,177,0,1.044048714879764e-53
0.0,-2500.0,0.0,0.45,randomized_3,oracle,nominal,200,185,0,4.078315292499078e-56
0.0,-2500.0,0.0,0.45,POOLED_ALL_VECTORS,blind_joint_search,oracle,1200,10,72,1.0224592793857492e-12
0.0,-2500.0,0.0,0.45,POOLED_ALL_VECTORS,blind_joint_search,nominal,1200,1058,0,6.4758e-319
0.0,-2500.0,0.0,0.45,POOLED_ALL_VECTORS,oracle,nominal,1200,1120,0,0.0
0.0,-2500.0,2.0,0.0,mixed_signs,blind_joint_search,oracle,1,0,0,1.0
0.0,-2500.0,2.0,0.0,mixed_signs,blind_joint_search,nominal,1,1,0,1.0
0.0,-2500.0,2.0,0.0,mixed_signs,oracle,nominal,1,1,0,1.0
0.0,-2500.0,2.0,0.0,sparse_and_zeros,blind_joint_search,oracle,1,0,0,1.0
0.0,-2500.0,2.0,0.0,sparse_and_zeros,blind_joint_search,nominal,1,1,0,1.0
0.0,-2500.0,2.0,0.0,sparse_and_zeros,oracle,nominal,1,1,0,1.0
0.0,-2500.0,2.0,0.0,boundary_values,blind_joint_search,oracle,1,0,0,1.0
0.0,-2500.0,2.0,0.0,boundary_values,blind_joint_search,nominal,1,1,0,1.0
0.0,-2500.0,2.0,0.0,boundary_values,oracle,nominal,1,1,0,1.0
0.0,-2500.0,2.0,0.0,randomized_1,blind_joint_search,oracle,1,0,0,1.0
0.0,-2500.0,2.0,0.0,randomized_1,blind_joint_search,nominal,1,1,0,1.0
0.0,-2500.0,2.0,0.0,randomized_1,oracle,nominal,1,1,0,1.0
0.0,-2500.0,2.0,0.0,randomized_2,blind_joint_search,oracle,1,0,0,1.0
0.0,-2500.0,2.0,0.0,randomized_2,blind_joint_search,nominal,1,1,0,1.0
0.0,-2500.0,2.0,0.0,randomized_2,oracle,nominal,1,1,0,1.0
0.0,-2500.0,2.0,0.0,randomized_3,blind_joint_search,oracle,1,0,0,1.0
0.0,-2500.0,2.0,0.0,randomized_3,blind_joint_search,nominal,1,1,0,1.0
0.0,-2500.0,2.0,0.0,randomized_3,oracle,nominal,1,1,0,1.0
0.0,-2500.0,2.0,0.0,POOLED_ALL_VECTORS,blind_joint_search,oracle,6,0,0,1.0
0.0,-2500.0,2.0,0.0,POOLED_ALL_VECTORS,blind_joint_search,nominal,6,6,0,0.03125
0.0,-2500.0,2.0,0.0,POOLED_ALL_VECTORS,oracle,nominal,6,6,0,0.03125
0.0,-2500.0,2.0,0.25,mixed_signs,blind_joint_search,oracle,200,0,0,1.0
0.0,-2500.0,2.0,0.25,mixed_signs,blind_joint_search,nominal,200,200,0,1.2446030555722283e-60
0.0,-2500.0,2.0,0.25,mixed_signs,oracle,nominal,200,200,0,1.2446030555722283e-60
0.0,-2500.0,2.0,0.25,sparse_and_zeros,blind_joint_search,oracle,200,0,0,1.0
0.0,-2500.0,2.0,0.25,sparse_and_zeros,blind_joint_search,nominal,200,200,0,1.2446030555722283e-60
0.0,-2500.0,2.0,0.25,sparse_and_zeros,oracle,nominal,200,200,0,1.2446030555722283e-60
0.0,-2500.0,2.0,0.25,boundary_values,blind_joint_search,oracle,200,0,14,0.0001220703125
0.0,-2500.0,2.0,0.25,boundary_values,blind_joint_search,nominal,200,186,0,2.039157646249539e-56
0.0,-2500.0,2.0,0.25,boundary_values,oracle,nominal,200,200,0,1.2446030555722283e-60
0.0,-2500.0,2.0,0.25,randomized_1,blind_joint_search,oracle,200,0,0,1.0
0.0,-2500.0,2.0,0.25,randomized_1,blind_joint_search,nominal,200,200,0,1.2446030555722283e-60
0.0,-2500.0,2.0,0.25,randomized_1,oracle,nominal,200,200,0,1.2446030555722283e-60
0.0,-2500.0,2.0,0.25,randomized_2,blind_joint_search,oracle,200,0,2,0.5
0.0,-2500.0,2.0,0.25,randomized_2,blind_joint_search,nominal,200,198,0,4.9784122222889134e-60
0.0,-2500.0,2.0,0.25,randomized_2,oracle,nominal,200,200,0,1.2446030555722283e-60
0.0,-2500.0,2.0,0.25,randomized_3,blind_joint_search,oracle,200,0,0,1.0
0.0,-2500.0,2.0,0.25,randomized_3,blind_joint_search,nominal,200,200,0,1.2446030555722283e-60
0.0,-2500.0,2.0,0.25,randomized_3,oracle,nominal,200,200,0,1.2446030555722283e-60
0.0,-2500.0,2.0,0.25,POOLED_ALL_VECTORS,blind_joint_search,oracle,1200,0,16,3.0517578125e-05
0.0,-2500.0,2.0,0.25,POOLED_ALL_VECTORS,blind_joint_search,nominal,1200,1184,0,0.0
0.0,-2500.0,2.0,0.25,POOLED_ALL_VECTORS,oracle,nominal,1200,1200,0,0.0
0.0,-2500.0,2.0,0.45,mixed_signs,blind_joint_search,oracle,200,2,10,0.03857421875
0.0,-2500.0,2.0,0.45,mixed_signs,blind_joint_search,nominal,200,179,0,2.61012178719941e-54
0.0,-2500.0,2.0,0.45,mixed_signs,oracle,nominal,200,187,0,1.0195788231247695e-56
0.0,-2500.0,2.0,0.45,sparse_and_zeros,blind_joint_search,oracle,200,0,0,1.0
0.0,-2500.0,2.0,0.45,sparse_and_zeros,blind_joint_search,nominal,200,192,0,3.1861838222649046e-58
0.0,-2500.0,2.0,0.45,sparse_and_zeros,oracle,nominal,200,192,0,3.1861838222649046e-58
0.0,-2500.0,2.0,0.45,boundary_values,blind_joint_search,oracle,200,2,21,6.604194641113281e-05
0.0,-2500.0,2.0,0.45,boundary_values,blind_joint_search,nominal,200,167,0,1.0691058840368783e-50
0.0,-2500.0,2.0,0.45,boundary_values,oracle,nominal,200,186,0,2.039157646249539e-56
0.0,-2500.0,2.0,0.45,randomized_1,blind_joint_search,oracle,200,1,14,0.0009765625
0.0,-2500.0,2.0,0.45,randomized_1,blind_joint_search,nominal,200,169,0,2.6727647100921956e-51
0.0,-2500.0,2.0,0.45,randomized_1,oracle,nominal,200,182,0,3.2626522339992623e-55
0.0,-2500.0,2.0,0.45,randomized_2,blind_joint_search,oracle,200,3,23,8.797645568847656e-05
0.0,-2500.0,2.0,0.45,randomized_2,blind_joint_search,nominal,200,164,0,8.552847072295026e-50
0.0,-2500.0,2.0,0.45,randomized_2,oracle,nominal,200,184,0,8.156630584998156e-56
0.0,-2500.0,2.0,0.45,randomized_3,blind_joint_search,oracle,200,3,6,0.5078125
0.0,-2500.0,2.0,0.45,randomized_3,blind_joint_search,nominal,200,185,0,4.078315292499078e-56
0.0,-2500.0,2.0,0.45,randomized_3,oracle,nominal,200,188,0,5.0978941156238473e-57
0.0,-2500.0,2.0,0.45,POOLED_ALL_VECTORS,blind_joint_search,oracle,1200,11,74,1.2888315230163817e-12
0.0,-2500.0,2.0,0.45,POOLED_ALL_VECTORS,blind_joint_search,nominal,1200,1056,0,2.590327e-318
0.0,-2500.0,2.0,0.45,POOLED_ALL_VECTORS,oracle,nominal,1200,1119,0,0.0
0.0,0.0,-2.0,0.0,mixed_signs,blind_joint_search,oracle,1,0,0,1.0
0.0,0.0,-2.0,0.0,mixed_signs,blind_joint_search,nominal,1,1,0,1.0
0.0,0.0,-2.0,0.0,mixed_signs,oracle,nominal,1,1,0,1.0
0.0,0.0,-2.0,0.0,sparse_and_zeros,blind_joint_search,oracle,1,0,0,1.0
0.0,0.0,-2.0,0.0,sparse_and_zeros,blind_joint_search,nominal,1,1,0,1.0
0.0,0.0,-2.0,0.0,sparse_and_zeros,oracle,nominal,1,1,0,1.0
0.0,0.0,-2.0,0.0,boundary_values,blind_joint_search,oracle,1,0,0,1.0
0.0,0.0,-2.0,0.0,boundary_values,blind_joint_search,nominal,1,1,0,1.0
0.0,0.0,-2.0,0.0,boundary_values,oracle,nominal,1,1,0,1.0
0.0,0.0,-2.0,0.0,randomized_1,blind_joint_search,oracle,1,0,0,1.0
0.0,0.0,-2.0,0.0,randomized_1,blind_joint_search,nominal,1,1,0,1.0
0.0,0.0,-2.0,0.0,randomized_1,oracle,nominal,1,1,0,1.0
0.0,0.0,-2.0,0.0,randomized_2,blind_joint_search,oracle,1,0,0,1.0
0.0,0.0,-2.0,0.0,randomized_2,blind_joint_search,nominal,1,1,0,1.0
0.0,0.0,-2.0,0.0,randomized_2,oracle,nominal,1,1,0,1.0
0.0,0.0,-2.0,0.0,randomized_3,blind_joint_search,oracle,1,0,0,1.0
0.0,0.0,-2.0,0.0,randomized_3,blind_joint_search,nominal,1,1,0,1.0
0.0,0.0,-2.0,0.0,randomized_3,oracle,nominal,1,1,0,1.0
0.0,0.0,-2.0,0.0,POOLED_ALL_VECTORS,blind_joint_search,oracle,6,0,0,1.0
0.0,0.0,-2.0,0.0,POOLED_ALL_VECTORS,blind_joint_search,nominal,6,6,0,0.03125
0.0,0.0,-2.0,0.0,POOLED_ALL_VECTORS,oracle,nominal,6,6,0,0.03125
0.0,0.0,-2.0,0.25,mixed_signs,blind_joint_search,oracle,200,0,0,1.0
0.0,0.0,-2.0,0.25,mixed_signs,blind_joint_search,nominal,200,200,0,1.2446030555722283e-60
0.0,0.0,-2.0,0.25,mixed_signs,oracle,nominal,200,200,0,1.2446030555722283e-60
0.0,0.0,-2.0,0.25,sparse_and_zeros,blind_joint_search,oracle,200,0,0,1.0
0.0,0.0,-2.0,0.25,sparse_and_zeros,blind_joint_search,nominal,200,200,0,1.2446030555722283e-60
0.0,0.0,-2.0,0.25,sparse_and_zeros,oracle,nominal,200,200,0,1.2446030555722283e-60
0.0,0.0,-2.0,0.25,boundary_values,blind_joint_search,oracle,200,0,0,1.0
0.0,0.0,-2.0,0.25,boundary_values,blind_joint_search,nominal,200,200,0,1.2446030555722283e-60
0.0,0.0,-2.0,0.25,boundary_values,oracle,nominal,200,200,0,1.2446030555722283e-60
0.0,0.0,-2.0,0.25,randomized_1,blind_joint_search,oracle,200,0,0,1.0
0.0,0.0,-2.0,0.25,randomized_1,blind_joint_search,nominal,200,200,0,1.2446030555722283e-60
0.0,0.0,-2.0,0.25,randomized_1,oracle,nominal,200,200,0,1.2446030555722283e-60
0.0,0.0,-2.0,0.25,randomized_2,blind_joint_search,oracle,200,0,0,1.0
0.0,0.0,-2.0,0.25,randomized_2,blind_joint_search,nominal,200,200,0,1.2446030555722283e-60
0.0,0.0,-2.0,0.25,randomized_2,oracle,nominal,200,200,0,1.2446030555722283e-60
0.0,0.0,-2.0,0.25,randomized_3,blind_joint_search,oracle,200,0,0,1.0
0.0,0.0,-2.0,0.25,randomized_3,blind_joint_search,nominal,200,200,0,1.2446030555722283e-60
0.0,0.0,-2.0,0.25,randomized_3,oracle,nominal,200,200,0,1.2446030555722283e-60
0.0,0.0,-2.0,0.25,POOLED_ALL_VECTORS,blind_joint_search,oracle,1200,0,0,1.0
0.0,0.0,-2.0,0.25,POOLED_ALL_VECTORS,blind_joint_search,nominal,1200,1200,0,0.0
0.0,0.0,-2.0,0.25,POOLED_ALL_VECTORS,oracle,nominal,1200,1200,0,0.0
0.0,0.0,-2.0,0.45,mixed_signs,blind_joint_search,oracle,200,0,0,1.0
0.0,0.0,-2.0,0.45,mixed_signs,blind_joint_search,nominal,200,190,0,1.2744735289059618e-57
0.0,0.0,-2.0,0.45,mixed_signs,oracle,nominal,200,190,0,1.2744735289059618e-57
0.0,0.0,-2.0,0.45,sparse_and_zeros,blind_joint_search,oracle,200,0,0,1.0
0.0,0.0,-2.0,0.45,sparse_and_zeros,blind_joint_search,nominal,200,191,0,6.372367644529809e-58
0.0,0.0,-2.0,0.45,sparse_and_zeros,oracle,nominal,200,191,0,6.372367644529809e-58
0.0,0.0,-2.0,0.45,boundary_values,blind_joint_search,oracle,200,0,0,1.0
0.0,0.0,-2.0,0.45,boundary_values,blind_joint_search,nominal,200,190,0,1.2744735289059618e-57
0.0,0.0,-2.0,0.45,boundary_values,oracle,nominal,200,190,0,1.2744735289059618e-57
0.0,0.0,-2.0,0.45,randomized_1,blind_joint_search,oracle,200,0,0,1.0
0.0,0.0,-2.0,0.45,randomized_1,blind_joint_search,nominal,200,194,0,7.965459555662261e-59
0.0,0.0,-2.0,0.45,randomized_1,oracle,nominal,200,194,0,7.965459555662261e-59
0.0,0.0,-2.0,0.45,randomized_2,blind_joint_search,oracle,200,0,0,1.0
0.0,0.0,-2.0,0.45,randomized_2,blind_joint_search,nominal,200,189,0,2.5489470578119236e-57
0.0,0.0,-2.0,0.45,randomized_2,oracle,nominal,200,189,0,2.5489470578119236e-57
0.0,0.0,-2.0,0.45,randomized_3,blind_joint_search,oracle,200,0,0,1.0
0.0,0.0,-2.0,0.45,randomized_3,blind_joint_search,nominal,200,185,0,4.078315292499078e-56
0.0,0.0,-2.0,0.45,randomized_3,oracle,nominal,200,185,0,4.078315292499078e-56
0.0,0.0,-2.0,0.45,POOLED_ALL_VECTORS,blind_joint_search,oracle,1200,0,0,1.0
0.0,0.0,-2.0,0.45,POOLED_ALL_VECTORS,blind_joint_search,nominal,1200,1139,0,0.0
0.0,0.0,-2.0,0.45,POOLED_ALL_VECTORS,oracle,nominal,1200,1139,0,0.0
0.0,0.0,0.0,0.0,mixed_signs,blind_joint_search,oracle,1,0,0,1.0
0.0,0.0,0.0,0.0,mixed_signs,blind_joint_search,nominal,1,0,0,1.0
0.0,0.0,0.0,0.0,mixed_signs,oracle,nominal,1,0,0,1.0
0.0,0.0,0.0,0.0,sparse_and_zeros,blind_joint_search,oracle,1,0,0,1.0
0.0,0.0,0.0,0.0,sparse_and_zeros,blind_joint_search,nominal,1,0,0,1.0
0.0,0.0,0.0,0.0,sparse_and_zeros,oracle,nominal,1,0,0,1.0
0.0,0.0,0.0,0.0,boundary_values,blind_joint_search,oracle,1,0,0,1.0
0.0,0.0,0.0,0.0,boundary_values,blind_joint_search,nominal,1,0,0,1.0
0.0,0.0,0.0,0.0,boundary_values,oracle,nominal,1,0,0,1.0
0.0,0.0,0.0,0.0,randomized_1,blind_joint_search,oracle,1,0,0,1.0
0.0,0.0,0.0,0.0,randomized_1,blind_joint_search,nominal,1,0,0,1.0
0.0,0.0,0.0,0.0,randomized_1,oracle,nominal,1,0,0,1.0
0.0,0.0,0.0,0.0,randomized_2,blind_joint_search,oracle,1,0,0,1.0
0.0,0.0,0.0,0.0,randomized_2,blind_joint_search,nominal,1,0,0,1.0
0.0,0.0,0.0,0.0,randomized_2,oracle,nominal,1,0,0,1.0
0.0,0.0,0.0,0.0,randomized_3,blind_joint_search,oracle,1,0,0,1.0
0.0,0.0,0.0,0.0,randomized_3,blind_joint_search,nominal,1,0,0,1.0
0.0,0.0,0.0,0.0,randomized_3,oracle,nominal,1,0,0,1.0
0.0,0.0,0.0,0.0,POOLED_ALL_VECTORS,blind_joint_search,oracle,6,0,0,1.0
0.0,0.0,0.0,0.0,POOLED_ALL_VECTORS,blind_joint_search,nominal,6,0,0,1.0
0.0,0.0,0.0,0.0,POOLED_ALL_VECTORS,oracle,nominal,6,0,0,1.0
0.0,0.0,0.0,0.25,mixed_signs,blind_joint_search,oracle,200,0,0,1.0
0.0,0.0,0.0,0.25,mixed_signs,blind_joint_search,nominal,200,0,0,1.0
0.0,0.0,0.0,0.25,mixed_signs,oracle,nominal,200,0,0,1.0
0.0,0.0,0.0,0.25,sparse_and_zeros,blind_joint_search,oracle,200,0,0,1.0
0.0,0.0,0.0,0.25,sparse_and_zeros,blind_joint_search,nominal,200,0,0,1.0
0.0,0.0,0.0,0.25,sparse_and_zeros,oracle,nominal,200,0,0,1.0
0.0,0.0,0.0,0.25,boundary_values,blind_joint_search,oracle,200,0,0,1.0
0.0,0.0,0.0,0.25,boundary_values,blind_joint_search,nominal,200,0,0,1.0
0.0,0.0,0.0,0.25,boundary_values,oracle,nominal,200,0,0,1.0
0.0,0.0,0.0,0.25,randomized_1,blind_joint_search,oracle,200,0,0,1.0
0.0,0.0,0.0,0.25,randomized_1,blind_joint_search,nominal,200,0,0,1.0
0.0,0.0,0.0,0.25,randomized_1,oracle,nominal,200,0,0,1.0
0.0,0.0,0.0,0.25,randomized_2,blind_joint_search,oracle,200,0,0,1.0
0.0,0.0,0.0,0.25,randomized_2,blind_joint_search,nominal,200,0,0,1.0
0.0,0.0,0.0,0.25,randomized_2,oracle,nominal,200,0,0,1.0
0.0,0.0,0.0,0.25,randomized_3,blind_joint_search,oracle,200,0,0,1.0
0.0,0.0,0.0,0.25,randomized_3,blind_joint_search,nominal,200,0,0,1.0
0.0,0.0,0.0,0.25,randomized_3,oracle,nominal,200,0,0,1.0
0.0,0.0,0.0,0.25,POOLED_ALL_VECTORS,blind_joint_search,oracle,1200,0,0,1.0
0.0,0.0,0.0,0.25,POOLED_ALL_VECTORS,blind_joint_search,nominal,1200,0,0,1.0
0.0,0.0,0.0,0.25,POOLED_ALL_VECTORS,oracle,nominal,1200,0,0,1.0
0.0,0.0,0.0,0.45,mixed_signs,blind_joint_search,oracle,200,0,0,1.0
0.0,0.0,0.0,0.45,mixed_signs,blind_joint_search,nominal,200,0,0,1.0
0.0,0.0,0.0,0.45,mixed_signs,oracle,nominal,200,0,0,1.0
0.0,0.0,0.0,0.45,sparse_and_zeros,blind_joint_search,oracle,200,0,0,1.0
0.0,0.0,0.0,0.45,sparse_and_zeros,blind_joint_search,nominal,200,0,0,1.0
0.0,0.0,0.0,0.45,sparse_and_zeros,oracle,nominal,200,0,0,1.0
0.0,0.0,0.0,0.45,boundary_values,blind_joint_search,oracle,200,0,0,1.0
0.0,0.0,0.0,0.45,boundary_values,blind_joint_search,nominal,200,0,0,1.0
0.0,0.0,0.0,0.45,boundary_values,oracle,nominal,200,0,0,1.0
0.0,0.0,0.0,0.45,randomized_1,blind_joint_search,oracle,200,0,0,1.0
0.0,0.0,0.0,0.45,randomized_1,blind_joint_search,nominal,200,0,0,1.0
0.0,0.0,0.0,0.45,randomized_1,oracle,nominal,200,0,0,1.0
0.0,0.0,0.0,0.45,randomized_2,blind_joint_search,oracle,200,0,0,1.0
0.0,0.0,0.0,0.45,randomized_2,blind_joint_search,nominal,200,0,0,1.0
0.0,0.0,0.0,0.45,randomized_2,oracle,nominal,200,0,0,1.0
0.0,0.0,0.0,0.45,randomized_3,blind_joint_search,oracle,200,0,0,1.0
0.0,0.0,0.0,0.45,randomized_3,blind_joint_search,nominal,200,0,0,1.0
0.0,0.0,0.0,0.45,randomized_3,oracle,nominal,200,0,0,1.0
0.0,0.0,0.0,0.45,POOLED_ALL_VECTORS,blind_joint_search,oracle,1200,0,0,1.0
0.0,0.0,0.0,0.45,POOLED_ALL_VECTORS,blind_joint_search,nominal,1200,0,0,1.0
0.0,0.0,0.0,0.45,POOLED_ALL_VECTORS,oracle,nominal,1200,0,0,1.0
0.0,0.0,2.0,0.0,mixed_signs,blind_joint_search,oracle,1,0,0,1.0
0.0,0.0,2.0,0.0,mixed_signs,blind_joint_search,nominal,1,1,0,1.0
0.0,0.0,2.0,0.0,mixed_signs,oracle,nominal,1,1,0,1.0
0.0,0.0,2.0,0.0,sparse_and_zeros,blind_joint_search,oracle,1,0,0,1.0
0.0,0.0,2.0,0.0,sparse_and_zeros,blind_joint_search,nominal,1,1,0,1.0
0.0,0.0,2.0,0.0,sparse_and_zeros,oracle,nominal,1,1,0,1.0
0.0,0.0,2.0,0.0,boundary_values,blind_joint_search,oracle,1,0,0,1.0
0.0,0.0,2.0,0.0,boundary_values,blind_joint_search,nominal,1,1,0,1.0
0.0,0.0,2.0,0.0,boundary_values,oracle,nominal,1,1,0,1.0
0.0,0.0,2.0,0.0,randomized_1,blind_joint_search,oracle,1,0,0,1.0
0.0,0.0,2.0,0.0,randomized_1,blind_joint_search,nominal,1,1,0,1.0
0.0,0.0,2.0,0.0,randomized_1,oracle,nominal,1,1,0,1.0
0.0,0.0,2.0,0.0,randomized_2,blind_joint_search,oracle,1,0,0,1.0
0.0,0.0,2.0,0.0,randomized_2,blind_joint_search,nominal,1,1,0,1.0
0.0,0.0,2.0,0.0,randomized_2,oracle,nominal,1,1,0,1.0
0.0,0.0,2.0,0.0,randomized_3,blind_joint_search,oracle,1,0,0,1.0
0.0,0.0,2.0,0.0,randomized_3,blind_joint_search,nominal,1,1,0,1.0
0.0,0.0,2.0,0.0,randomized_3,oracle,nominal,1,1,0,1.0
0.0,0.0,2.0,0.0,POOLED_ALL_VECTORS,blind_joint_search,oracle,6,0,0,1.0
0.0,0.0,2.0,0.0,POOLED_ALL_VECTORS,blind_joint_search,nominal,6,6,0,0.03125
0.0,0.0,2.0,0.0,POOLED_ALL_VECTORS,oracle,nominal,6,6,0,0.03125
0.0,0.0,2.0,0.25,mixed_signs,blind_joint_search,oracle,200,0,0,1.0
0.0,0.0,2.0,0.25,mixed_signs,blind_joint_search,nominal,200,200,0,1.2446030555722283e-60
0.0,0.0,2.0,0.25,mixed_signs,oracle,nominal,200,200,0,1.2446030555722283e-60
0.0,0.0,2.0,0.25,sparse_and_zeros,blind_joint_search,oracle,200,0,0,1.0
0.0,0.0,2.0,0.25,sparse_and_zeros,blind_joint_search,nominal,200,200,0,1.2446030555722283e-60
0.0,0.0,2.0,0.25,sparse_and_zeros,oracle,nominal,200,200,0,1.2446030555722283e-60
0.0,0.0,2.0,0.25,boundary_values,blind_joint_search,oracle,200,0,0,1.0
0.0,0.0,2.0,0.25,boundary_values,blind_joint_search,nominal,200,200,0,1.2446030555722283e-60
0.0,0.0,2.0,0.25,boundary_values,oracle,nominal,200,200,0,1.2446030555722283e-60
0.0,0.0,2.0,0.25,randomized_1,blind_joint_search,oracle,200,0,0,1.0
0.0,0.0,2.0,0.25,randomized_1,blind_joint_search,nominal,200,200,0,1.2446030555722283e-60
0.0,0.0,2.0,0.25,randomized_1,oracle,nominal,200,200,0,1.2446030555722283e-60
0.0,0.0,2.0,0.25,randomized_2,blind_joint_search,oracle,200,0,0,1.0
0.0,0.0,2.0,0.25,randomized_2,blind_joint_search,nominal,200,200,0,1.2446030555722283e-60
0.0,0.0,2.0,0.25,randomized_2,oracle,nominal,200,200,0,1.2446030555722283e-60
0.0,0.0,2.0,0.25,randomized_3,blind_joint_search,oracle,200,0,0,1.0
0.0,0.0,2.0,0.25,randomized_3,blind_joint_search,nominal,200,200,0,1.2446030555722283e-60
0.0,0.0,2.0,0.25,randomized_3,oracle,nominal,200,200,0,1.2446030555722283e-60
0.0,0.0,2.0,0.25,POOLED_ALL_VECTORS,blind_joint_search,oracle,1200,0,0,1.0
0.0,0.0,2.0,0.25,POOLED_ALL_VECTORS,blind_joint_search,nominal,1200,1200,0,0.0
0.0,0.0,2.0,0.25,POOLED_ALL_VECTORS,oracle,nominal,1200,1200,0,0.0
0.0,0.0,2.0,0.45,mixed_signs,blind_joint_search,oracle,200,0,0,1.0
0.0,0.0,2.0,0.45,mixed_signs,blind_joint_search,nominal,200,184,0,8.156630584998156e-56
0.0,0.0,2.0,0.45,mixed_signs,oracle,nominal,200,184,0,8.156630584998156e-56
0.0,0.0,2.0,0.45,sparse_and_zeros,blind_joint_search,oracle,200,0,0,1.0
0.0,0.0,2.0,0.45,sparse_and_zeros,blind_joint_search,nominal,200,192,0,3.1861838222649046e-58
0.0,0.0,2.0,0.45,sparse_and_zeros,oracle,nominal,200,192,0,3.1861838222649046e-58
0.0,0.0,2.0,0.45,boundary_values,blind_joint_search,oracle,200,0,0,1.0
0.0,0.0,2.0,0.45,boundary_values,blind_joint_search,nominal,200,187,0,1.0195788231247695e-56
0.0,0.0,2.0,0.45,boundary_values,oracle,nominal,200,187,0,1.0195788231247695e-56
0.0,0.0,2.0,0.45,randomized_1,blind_joint_search,oracle,200,0,0,1.0
0.0,0.0,2.0,0.45,randomized_1,blind_joint_search,nominal,200,188,0,5.0978941156238473e-57
0.0,0.0,2.0,0.45,randomized_1,oracle,nominal,200,188,0,5.0978941156238473e-57
0.0,0.0,2.0,0.45,randomized_2,blind_joint_search,oracle,200,0,0,1.0
0.0,0.0,2.0,0.45,randomized_2,blind_joint_search,nominal,200,193,0,1.5930919111324523e-58
0.0,0.0,2.0,0.45,randomized_2,oracle,nominal,200,193,0,1.5930919111324523e-58
0.0,0.0,2.0,0.45,randomized_3,blind_joint_search,oracle,200,0,0,1.0
0.0,0.0,2.0,0.45,randomized_3,blind_joint_search,nominal,200,189,0,2.5489470578119236e-57
0.0,0.0,2.0,0.45,randomized_3,oracle,nominal,200,189,0,2.5489470578119236e-57
0.0,0.0,2.0,0.45,POOLED_ALL_VECTORS,blind_joint_search,oracle,1200,0,0,1.0
0.0,0.0,2.0,0.45,POOLED_ALL_VECTORS,blind_joint_search,nominal,1200,1133,0,0.0
0.0,0.0,2.0,0.45,POOLED_ALL_VECTORS,oracle,nominal,1200,1133,0,0.0
0.0,2500.0,-2.0,0.0,mixed_signs,blind_joint_search,oracle,1,0,0,1.0
0.0,2500.0,-2.0,0.0,mixed_signs,blind_joint_search,nominal,1,1,0,1.0
0.0,2500.0,-2.0,0.0,mixed_signs,oracle,nominal,1,1,0,1.0
0.0,2500.0,-2.0,0.0,sparse_and_zeros,blind_joint_search,oracle,1,0,0,1.0
0.0,2500.0,-2.0,0.0,sparse_and_zeros,blind_joint_search,nominal,1,1,0,1.0
0.0,2500.0,-2.0,0.0,sparse_and_zeros,oracle,nominal,1,1,0,1.0
0.0,2500.0,-2.0,0.0,boundary_values,blind_joint_search,oracle,1,0,0,1.0
0.0,2500.0,-2.0,0.0,boundary_values,blind_joint_search,nominal,1,1,0,1.0
0.0,2500.0,-2.0,0.0,boundary_values,oracle,nominal,1,1,0,1.0
0.0,2500.0,-2.0,0.0,randomized_1,blind_joint_search,oracle,1,0,0,1.0
0.0,2500.0,-2.0,0.0,randomized_1,blind_joint_search,nominal,1,1,0,1.0
0.0,2500.0,-2.0,0.0,randomized_1,oracle,nominal,1,1,0,1.0
0.0,2500.0,-2.0,0.0,randomized_2,blind_joint_search,oracle,1,0,0,1.0
0.0,2500.0,-2.0,0.0,randomized_2,blind_joint_search,nominal,1,1,0,1.0
0.0,2500.0,-2.0,0.0,randomized_2,oracle,nominal,1,1,0,1.0
0.0,2500.0,-2.0,0.0,randomized_3,blind_joint_search,oracle,1,0,0,1.0
0.0,2500.0,-2.0,0.0,randomized_3,blind_joint_search,nominal,1,1,0,1.0
0.0,2500.0,-2.0,0.0,randomized_3,oracle,nominal,1,1,0,1.0
0.0,2500.0,-2.0,0.0,POOLED_ALL_VECTORS,blind_joint_search,oracle,6,0,0,1.0
0.0,2500.0,-2.0,0.0,POOLED_ALL_VECTORS,blind_joint_search,nominal,6,6,0,0.03125
0.0,2500.0,-2.0,0.0,POOLED_ALL_VECTORS,oracle,nominal,6,6,0,0.03125
0.0,2500.0,-2.0,0.25,mixed_signs,blind_joint_search,oracle,200,0,0,1.0
0.0,2500.0,-2.0,0.25,mixed_signs,blind_joint_search,nominal,200,200,0,1.2446030555722283e-60
0.0,2500.0,-2.0,0.25,mixed_signs,oracle,nominal,200,200,0,1.2446030555722283e-60
0.0,2500.0,-2.0,0.25,sparse_and_zeros,blind_joint_search,oracle,200,0,0,1.0
0.0,2500.0,-2.0,0.25,sparse_and_zeros,blind_joint_search,nominal,200,200,0,1.2446030555722283e-60
0.0,2500.0,-2.0,0.25,sparse_and_zeros,oracle,nominal,200,200,0,1.2446030555722283e-60
0.0,2500.0,-2.0,0.25,boundary_values,blind_joint_search,oracle,200,0,0,1.0
0.0,2500.0,-2.0,0.25,boundary_values,blind_joint_search,nominal,200,200,0,1.2446030555722283e-60
0.0,2500.0,-2.0,0.25,boundary_values,oracle,nominal,200,200,0,1.2446030555722283e-60
0.0,2500.0,-2.0,0.25,randomized_1,blind_joint_search,oracle,200,0,0,1.0
0.0,2500.0,-2.0,0.25,randomized_1,blind_joint_search,nominal,200,200,0,1.2446030555722283e-60
0.0,2500.0,-2.0,0.25,randomized_1,oracle,nominal,200,200,0,1.2446030555722283e-60
0.0,2500.0,-2.0,0.25,randomized_2,blind_joint_search,oracle,200,0,0,1.0
0.0,2500.0,-2.0,0.25,randomized_2,blind_joint_search,nominal,200,200,0,1.2446030555722283e-60
0.0,2500.0,-2.0,0.25,randomized_2,oracle,nominal,200,200,0,1.2446030555722283e-60
0.0,2500.0,-2.0,0.25,randomized_3,blind_joint_search,oracle,200,0,0,1.0
0.0,2500.0,-2.0,0.25,randomized_3,blind_joint_search,nominal,200,200,0,1.2446030555722283e-60
0.0,2500.0,-2.0,0.25,randomized_3,oracle,nominal,200,200,0,1.2446030555722283e-60
0.0,2500.0,-2.0,0.25,POOLED_ALL_VECTORS,blind_joint_search,oracle,1200,0,0,1.0
0.0,2500.0,-2.0,0.25,POOLED_ALL_VECTORS,blind_joint_search,nominal,1200,1200,0,0.0
0.0,2500.0,-2.0,0.25,POOLED_ALL_VECTORS,oracle,nominal,1200,1200,0,0.0
0.0,2500.0,-2.0,0.45,mixed_signs,blind_joint_search,oracle,200,0,0,1.0
0.0,2500.0,-2.0,0.45,mixed_signs,blind_joint_search,nominal,200,187,0,1.0195788231247695e-56
0.0,2500.0,-2.0,0.45,mixed_signs,oracle,nominal,200,187,0,1.0195788231247695e-56
0.0,2500.0,-2.0,0.45,sparse_and_zeros,blind_joint_search,oracle,200,0,0,1.0
0.0,2500.0,-2.0,0.45,sparse_and_zeros,blind_joint_search,nominal,200,192,0,3.1861838222649046e-58
0.0,2500.0,-2.0,0.45,sparse_and_zeros,oracle,nominal,200,192,0,3.1861838222649046e-58
0.0,2500.0,-2.0,0.45,boundary_values,blind_joint_search,oracle,200,0,0,1.0
0.0,2500.0,-2.0,0.45,boundary_values,blind_joint_search,nominal,200,183,0,1.6313261169996311e-55
0.0,2500.0,-2.0,0.45,boundary_values,oracle,nominal,200,183,0,1.6313261169996311e-55
0.0,2500.0,-2.0,0.45,randomized_1,blind_joint_search,oracle,200,0,0,1.0
0.0,2500.0,-2.0,0.45,randomized_1,blind_joint_search,nominal,200,183,0,1.6313261169996311e-55
0.0,2500.0,-2.0,0.45,randomized_1,oracle,nominal,200,183,0,1.6313261169996311e-55
0.0,2500.0,-2.0,0.45,randomized_2,blind_joint_search,oracle,200,0,0,1.0
0.0,2500.0,-2.0,0.45,randomized_2,blind_joint_search,nominal,200,185,0,4.078315292499078e-56
0.0,2500.0,-2.0,0.45,randomized_2,oracle,nominal,200,185,0,4.078315292499078e-56
0.0,2500.0,-2.0,0.45,randomized_3,blind_joint_search,oracle,200,0,0,1.0
0.0,2500.0,-2.0,0.45,randomized_3,blind_joint_search,nominal,200,182,0,3.2626522339992623e-55
0.0,2500.0,-2.0,0.45,randomized_3,oracle,nominal,200,182,0,3.2626522339992623e-55
0.0,2500.0,-2.0,0.45,POOLED_ALL_VECTORS,blind_joint_search,oracle,1200,0,0,1.0
0.0,2500.0,-2.0,0.45,POOLED_ALL_VECTORS,blind_joint_search,nominal,1200,1112,0,0.0
0.0,2500.0,-2.0,0.45,POOLED_ALL_VECTORS,oracle,nominal,1200,1112,0,0.0
0.0,2500.0,0.0,0.0,mixed_signs,blind_joint_search,oracle,1,0,0,1.0
0.0,2500.0,0.0,0.0,mixed_signs,blind_joint_search,nominal,1,1,0,1.0
0.0,2500.0,0.0,0.0,mixed_signs,oracle,nominal,1,1,0,1.0
0.0,2500.0,0.0,0.0,sparse_and_zeros,blind_joint_search,oracle,1,0,0,1.0
0.0,2500.0,0.0,0.0,sparse_and_zeros,blind_joint_search,nominal,1,1,0,1.0
0.0,2500.0,0.0,0.0,sparse_and_zeros,oracle,nominal,1,1,0,1.0
0.0,2500.0,0.0,0.0,boundary_values,blind_joint_search,oracle,1,0,0,1.0
0.0,2500.0,0.0,0.0,boundary_values,blind_joint_search,nominal,1,1,0,1.0
0.0,2500.0,0.0,0.0,boundary_values,oracle,nominal,1,1,0,1.0
0.0,2500.0,0.0,0.0,randomized_1,blind_joint_search,oracle,1,0,0,1.0
0.0,2500.0,0.0,0.0,randomized_1,blind_joint_search,nominal,1,1,0,1.0
0.0,2500.0,0.0,0.0,randomized_1,oracle,nominal,1,1,0,1.0
0.0,2500.0,0.0,0.0,randomized_2,blind_joint_search,oracle,1,0,0,1.0
0.0,2500.0,0.0,0.0,randomized_2,blind_joint_search,nominal,1,1,0,1.0
0.0,2500.0,0.0,0.0,randomized_2,oracle,nominal,1,1,0,1.0
0.0,2500.0,0.0,0.0,randomized_3,blind_joint_search,oracle,1,0,0,1.0
0.0,2500.0,0.0,0.0,randomized_3,blind_joint_search,nominal,1,1,0,1.0
0.0,2500.0,0.0,0.0,randomized_3,oracle,nominal,1,1,0,1.0
0.0,2500.0,0.0,0.0,POOLED_ALL_VECTORS,blind_joint_search,oracle,6,0,0,1.0
0.0,2500.0,0.0,0.0,POOLED_ALL_VECTORS,blind_joint_search,nominal,6,6,0,0.03125
0.0,2500.0,0.0,0.0,POOLED_ALL_VECTORS,oracle,nominal,6,6,0,0.03125
0.0,2500.0,0.0,0.25,mixed_signs,blind_joint_search,oracle,200,0,0,1.0
0.0,2500.0,0.0,0.25,mixed_signs,blind_joint_search,nominal,200,200,0,1.2446030555722283e-60
0.0,2500.0,0.0,0.25,mixed_signs,oracle,nominal,200,200,0,1.2446030555722283e-60
0.0,2500.0,0.0,0.25,sparse_and_zeros,blind_joint_search,oracle,200,0,0,1.0
0.0,2500.0,0.0,0.25,sparse_and_zeros,blind_joint_search,nominal,200,200,0,1.2446030555722283e-60
0.0,2500.0,0.0,0.25,sparse_and_zeros,oracle,nominal,200,200,0,1.2446030555722283e-60
0.0,2500.0,0.0,0.25,boundary_values,blind_joint_search,oracle,200,0,0,1.0
0.0,2500.0,0.0,0.25,boundary_values,blind_joint_search,nominal,200,200,0,1.2446030555722283e-60
0.0,2500.0,0.0,0.25,boundary_values,oracle,nominal,200,200,0,1.2446030555722283e-60
0.0,2500.0,0.0,0.25,randomized_1,blind_joint_search,oracle,200,0,0,1.0
0.0,2500.0,0.0,0.25,randomized_1,blind_joint_search,nominal,200,200,0,1.2446030555722283e-60
0.0,2500.0,0.0,0.25,randomized_1,oracle,nominal,200,200,0,1.2446030555722283e-60
0.0,2500.0,0.0,0.25,randomized_2,blind_joint_search,oracle,200,0,0,1.0
0.0,2500.0,0.0,0.25,randomized_2,blind_joint_search,nominal,200,200,0,1.2446030555722283e-60
0.0,2500.0,0.0,0.25,randomized_2,oracle,nominal,200,200,0,1.2446030555722283e-60
0.0,2500.0,0.0,0.25,randomized_3,blind_joint_search,oracle,200,0,0,1.0
0.0,2500.0,0.0,0.25,randomized_3,blind_joint_search,nominal,200,200,0,1.2446030555722283e-60
0.0,2500.0,0.0,0.25,randomized_3,oracle,nominal,200,200,0,1.2446030555722283e-60
0.0,2500.0,0.0,0.25,POOLED_ALL_VECTORS,blind_joint_search,oracle,1200,0,0,1.0
0.0,2500.0,0.0,0.25,POOLED_ALL_VECTORS,blind_joint_search,nominal,1200,1200,0,0.0
0.0,2500.0,0.0,0.25,POOLED_ALL_VECTORS,oracle,nominal,1200,1200,0,0.0
0.0,2500.0,0.0,0.45,mixed_signs,blind_joint_search,oracle,200,0,0,1.0
0.0,2500.0,0.0,0.45,mixed_signs,blind_joint_search,nominal,200,182,0,3.2626522339992623e-55
0.0,2500.0,0.0,0.45,mixed_signs,oracle,nominal,200,182,0,3.2626522339992623e-55
0.0,2500.0,0.0,0.45,sparse_and_zeros,blind_joint_search,oracle,200,0,0,1.0
0.0,2500.0,0.0,0.45,sparse_and_zeros,blind_joint_search,nominal,200,185,0,4.078315292499078e-56
0.0,2500.0,0.0,0.45,sparse_and_zeros,oracle,nominal,200,185,0,4.078315292499078e-56
0.0,2500.0,0.0,0.45,boundary_values,blind_joint_search,oracle,200,0,0,1.0
0.0,2500.0,0.0,0.45,boundary_values,blind_joint_search,nominal,200,187,0,1.0195788231247695e-56
0.0,2500.0,0.0,0.45,boundary_values,oracle,nominal,200,187,0,1.0195788231247695e-56
0.0,2500.0,0.0,0.45,randomized_1,blind_joint_search,oracle,200,0,0,1.0
0.0,2500.0,0.0,0.45,randomized_1,blind_joint_search,nominal,200,180,0,1.305060893599705e-54
0.0,2500.0,0.0,0.45,randomized_1,oracle,nominal,200,180,0,1.305060893599705e-54
0.0,2500.0,0.0,0.45,randomized_2,blind_joint_search,oracle,200,0,0,1.0
0.0,2500.0,0.0,0.45,randomized_2,blind_joint_search,nominal,200,175,0,4.176194859519056e-53
0.0,2500.0,0.0,0.45,randomized_2,oracle,nominal,200,175,0,4.176194859519056e-53
0.0,2500.0,0.0,0.45,randomized_3,blind_joint_search,oracle,200,0,0,1.0
0.0,2500.0,0.0,0.45,randomized_3,blind_joint_search,nominal,200,186,0,2.039157646249539e-56
0.0,2500.0,0.0,0.45,randomized_3,oracle,nominal,200,186,0,2.039157646249539e-56
0.0,2500.0,0.0,0.45,POOLED_ALL_VECTORS,blind_joint_search,oracle,1200,0,0,1.0
0.0,2500.0,0.0,0.45,POOLED_ALL_VECTORS,blind_joint_search,nominal,1200,1095,0,0.0
0.0,2500.0,0.0,0.45,POOLED_ALL_VECTORS,oracle,nominal,1200,1095,0,0.0
0.0,2500.0,2.0,0.0,mixed_signs,blind_joint_search,oracle,1,0,0,1.0
0.0,2500.0,2.0,0.0,mixed_signs,blind_joint_search,nominal,1,1,0,1.0
0.0,2500.0,2.0,0.0,mixed_signs,oracle,nominal,1,1,0,1.0
0.0,2500.0,2.0,0.0,sparse_and_zeros,blind_joint_search,oracle,1,0,0,1.0
0.0,2500.0,2.0,0.0,sparse_and_zeros,blind_joint_search,nominal,1,1,0,1.0
0.0,2500.0,2.0,0.0,sparse_and_zeros,oracle,nominal,1,1,0,1.0
0.0,2500.0,2.0,0.0,boundary_values,blind_joint_search,oracle,1,0,0,1.0
0.0,2500.0,2.0,0.0,boundary_values,blind_joint_search,nominal,1,1,0,1.0
0.0,2500.0,2.0,0.0,boundary_values,oracle,nominal,1,1,0,1.0
0.0,2500.0,2.0,0.0,randomized_1,blind_joint_search,oracle,1,0,0,1.0
0.0,2500.0,2.0,0.0,randomized_1,blind_joint_search,nominal,1,1,0,1.0
0.0,2500.0,2.0,0.0,randomized_1,oracle,nominal,1,1,0,1.0
0.0,2500.0,2.0,0.0,randomized_2,blind_joint_search,oracle,1,0,0,1.0
0.0,2500.0,2.0,0.0,randomized_2,blind_joint_search,nominal,1,1,0,1.0
0.0,2500.0,2.0,0.0,randomized_2,oracle,nominal,1,1,0,1.0
0.0,2500.0,2.0,0.0,randomized_3,blind_joint_search,oracle,1,0,0,1.0
0.0,2500.0,2.0,0.0,randomized_3,blind_joint_search,nominal,1,1,0,1.0
0.0,2500.0,2.0,0.0,randomized_3,oracle,nominal,1,1,0,1.0
0.0,2500.0,2.0,0.0,POOLED_ALL_VECTORS,blind_joint_search,oracle,6,0,0,1.0
0.0,2500.0,2.0,0.0,POOLED_ALL_VECTORS,blind_joint_search,nominal,6,6,0,0.03125
0.0,2500.0,2.0,0.0,POOLED_ALL_VECTORS,oracle,nominal,6,6,0,0.03125
0.0,2500.0,2.0,0.25,mixed_signs,blind_joint_search,oracle,200,0,0,1.0
0.0,2500.0,2.0,0.25,mixed_signs,blind_joint_search,nominal,200,200,0,1.2446030555722283e-60
0.0,2500.0,2.0,0.25,mixed_signs,oracle,nominal,200,200,0,1.2446030555722283e-60
0.0,2500.0,2.0,0.25,sparse_and_zeros,blind_joint_search,oracle,200,0,0,1.0
0.0,2500.0,2.0,0.25,sparse_and_zeros,blind_joint_search,nominal,200,200,0,1.2446030555722283e-60
0.0,2500.0,2.0,0.25,sparse_and_zeros,oracle,nominal,200,200,0,1.2446030555722283e-60
0.0,2500.0,2.0,0.25,boundary_values,blind_joint_search,oracle,200,0,0,1.0
0.0,2500.0,2.0,0.25,boundary_values,blind_joint_search,nominal,200,200,0,1.2446030555722283e-60
0.0,2500.0,2.0,0.25,boundary_values,oracle,nominal,200,200,0,1.2446030555722283e-60
0.0,2500.0,2.0,0.25,randomized_1,blind_joint_search,oracle,200,0,0,1.0
0.0,2500.0,2.0,0.25,randomized_1,blind_joint_search,nominal,200,200,0,1.2446030555722283e-60
0.0,2500.0,2.0,0.25,randomized_1,oracle,nominal,200,200,0,1.2446030555722283e-60
0.0,2500.0,2.0,0.25,randomized_2,blind_joint_search,oracle,200,0,0,1.0
0.0,2500.0,2.0,0.25,randomized_2,blind_joint_search,nominal,200,200,0,1.2446030555722283e-60
0.0,2500.0,2.0,0.25,randomized_2,oracle,nominal,200,200,0,1.2446030555722283e-60
0.0,2500.0,2.0,0.25,randomized_3,blind_joint_search,oracle,200,0,0,1.0
0.0,2500.0,2.0,0.25,randomized_3,blind_joint_search,nominal,200,200,0,1.2446030555722283e-60
0.0,2500.0,2.0,0.25,randomized_3,oracle,nominal,200,200,0,1.2446030555722283e-60
0.0,2500.0,2.0,0.25,POOLED_ALL_VECTORS,blind_joint_search,oracle,1200,0,0,1.0
0.0,2500.0,2.0,0.25,POOLED_ALL_VECTORS,blind_joint_search,nominal,1200,1200,0,0.0
0.0,2500.0,2.0,0.25,POOLED_ALL_VECTORS,oracle,nominal,1200,1200,0,0.0
0.0,2500.0,2.0,0.45,mixed_signs,blind_joint_search,oracle,200,0,0,1.0
0.0,2500.0,2.0,0.45,mixed_signs,blind_joint_search,nominal,200,188,0,5.0978941156238473e-57
0.0,2500.0,2.0,0.45,mixed_signs,oracle,nominal,200,188,0,5.0978941156238473e-57
0.0,2500.0,2.0,0.45,sparse_and_zeros,blind_joint_search,oracle,200,0,0,1.0
0.0,2500.0,2.0,0.45,sparse_and_zeros,blind_joint_search,nominal,200,187,0,1.0195788231247695e-56
0.0,2500.0,2.0,0.45,sparse_and_zeros,oracle,nominal,200,187,0,1.0195788231247695e-56
0.0,2500.0,2.0,0.45,boundary_values,blind_joint_search,oracle,200,0,0,1.0
0.0,2500.0,2.0,0.45,boundary_values,blind_joint_search,nominal,200,181,0,6.525304467998525e-55
0.0,2500.0,2.0,0.45,boundary_values,oracle,nominal,200,181,0,6.525304467998525e-55
0.0,2500.0,2.0,0.45,randomized_1,blind_joint_search,oracle,200,0,0,1.0
0.0,2500.0,2.0,0.45,randomized_1,blind_joint_search,nominal,200,175,0,4.176194859519056e-53
0.0,2500.0,2.0,0.45,randomized_1,oracle,nominal,200,175,0,4.176194859519056e-53
0.0,2500.0,2.0,0.45,randomized_2,blind_joint_search,oracle,200,0,0,1.0
0.0,2500.0,2.0,0.45,randomized_2,blind_joint_search,nominal,200,182,0,3.2626522339992623e-55
0.0,2500.0,2.0,0.45,randomized_2,oracle,nominal,200,182,0,3.2626522339992623e-55
0.0,2500.0,2.0,0.45,randomized_3,blind_joint_search,oracle,200,0,0,1.0
0.0,2500.0,2.0,0.45,randomized_3,blind_joint_search,nominal,200,189,0,2.5489470578119236e-57
0.0,2500.0,2.0,0.45,randomized_3,oracle,nominal,200,189,0,2.5489470578119236e-57
0.0,2500.0,2.0,0.45,POOLED_ALL_VECTORS,blind_joint_search,oracle,1200,0,0,1.0
0.0,2500.0,2.0,0.45,POOLED_ALL_VECTORS,blind_joint_search,nominal,1200,1102,0,0.0
0.0,2500.0,2.0,0.45,POOLED_ALL_VECTORS,oracle,nominal,1200,1102,0,0.0
0.005,-2500.0,-2.0,0.0,mixed_signs,blind_joint_search,oracle,1,0,0,1.0
0.005,-2500.0,-2.0,0.0,mixed_signs,blind_joint_search,nominal,1,1,0,1.0
0.005,-2500.0,-2.0,0.0,mixed_signs,oracle,nominal,1,1,0,1.0
0.005,-2500.0,-2.0,0.0,sparse_and_zeros,blind_joint_search,oracle,1,0,0,1.0
0.005,-2500.0,-2.0,0.0,sparse_and_zeros,blind_joint_search,nominal,1,1,0,1.0
0.005,-2500.0,-2.0,0.0,sparse_and_zeros,oracle,nominal,1,1,0,1.0
0.005,-2500.0,-2.0,0.0,boundary_values,blind_joint_search,oracle,1,0,0,1.0
0.005,-2500.0,-2.0,0.0,boundary_values,blind_joint_search,nominal,1,1,0,1.0
0.005,-2500.0,-2.0,0.0,boundary_values,oracle,nominal,1,1,0,1.0
0.005,-2500.0,-2.0,0.0,randomized_1,blind_joint_search,oracle,1,0,0,1.0
0.005,-2500.0,-2.0,0.0,randomized_1,blind_joint_search,nominal,1,1,0,1.0
0.005,-2500.0,-2.0,0.0,randomized_1,oracle,nominal,1,1,0,1.0
0.005,-2500.0,-2.0,0.0,randomized_2,blind_joint_search,oracle,1,0,0,1.0
0.005,-2500.0,-2.0,0.0,randomized_2,blind_joint_search,nominal,1,1,0,1.0
0.005,-2500.0,-2.0,0.0,randomized_2,oracle,nominal,1,1,0,1.0
0.005,-2500.0,-2.0,0.0,randomized_3,blind_joint_search,oracle,1,0,0,1.0
0.005,-2500.0,-2.0,0.0,randomized_3,blind_joint_search,nominal,1,1,0,1.0
0.005,-2500.0,-2.0,0.0,randomized_3,oracle,nominal,1,1,0,1.0
0.005,-2500.0,-2.0,0.0,POOLED_ALL_VECTORS,blind_joint_search,oracle,6,0,0,1.0
0.005,-2500.0,-2.0,0.0,POOLED_ALL_VECTORS,blind_joint_search,nominal,6,6,0,0.03125
0.005,-2500.0,-2.0,0.0,POOLED_ALL_VECTORS,oracle,nominal,6,6,0,0.03125
0.005,-2500.0,-2.0,0.25,mixed_signs,blind_joint_search,oracle,200,0,5,0.0625
0.005,-2500.0,-2.0,0.25,mixed_signs,blind_joint_search,nominal,200,195,0,3.982729777831131e-59
0.005,-2500.0,-2.0,0.25,mixed_signs,oracle,nominal,200,200,0,1.2446030555722283e-60
0.005,-2500.0,-2.0,0.25,sparse_and_zeros,blind_joint_search,oracle,200,0,0,1.0
0.005,-2500.0,-2.0,0.25,sparse_and_zeros,blind_joint_search,nominal,200,200,0,1.2446030555722283e-60
0.005,-2500.0,-2.0,0.25,sparse_and_zeros,oracle,nominal,200,200,0,1.2446030555722283e-60
0.005,-2500.0,-2.0,0.25,boundary_values,blind_joint_search,oracle,200,0,0,1.0
0.005,-2500.0,-2.0,0.25,boundary_values,blind_joint_search,nominal,200,200,0,1.2446030555722283e-60
0.005,-2500.0,-2.0,0.25,boundary_values,oracle,nominal,200,200,0,1.2446030555722283e-60
0.005,-2500.0,-2.0,0.25,randomized_1,blind_joint_search,oracle,200,0,0,1.0
0.005,-2500.0,-2.0,0.25,randomized_1,blind_joint_search,nominal,200,199,0,2.4892061111444567e-60
0.005,-2500.0,-2.0,0.25,randomized_1,oracle,nominal,200,199,0,2.4892061111444567e-60
0.005,-2500.0,-2.0,0.25,randomized_2,blind_joint_search,oracle,200,0,0,1.0
0.005,-2500.0,-2.0,0.25,randomized_2,blind_joint_search,nominal,200,200,0,1.2446030555722283e-60
0.005,-2500.0,-2.0,0.25,randomized_2,oracle,nominal,200,200,0,1.2446030555722283e-60
0.005,-2500.0,-2.0,0.25,randomized_3,blind_joint_search,oracle,200,0,0,1.0
0.005,-2500.0,-2.0,0.25,randomized_3,blind_joint_search,nominal,200,200,0,1.2446030555722283e-60
0.005,-2500.0,-2.0,0.25,randomized_3,oracle,nominal,200,200,0,1.2446030555722283e-60
0.005,-2500.0,-2.0,0.25,POOLED_ALL_VECTORS,blind_joint_search,oracle,1200,0,5,0.0625
0.005,-2500.0,-2.0,0.25,POOLED_ALL_VECTORS,blind_joint_search,nominal,1200,1194,0,0.0
0.005,-2500.0,-2.0,0.25,POOLED_ALL_VECTORS,oracle,nominal,1200,1199,0,0.0
0.005,-2500.0,-2.0,0.45,mixed_signs,blind_joint_search,oracle,200,1,26,4.172325134277344e-07
0.005,-2500.0,-2.0,0.45,mixed_signs,blind_joint_search,nominal,200,163,0,1.7105694144590052e-49
0.005,-2500.0,-2.0,0.45,mixed_signs,oracle,nominal,200,188,0,5.0978941156238473e-57
0.005,-2500.0,-2.0,0.45,sparse_and_zeros,blind_joint_search,oracle,200,0,0,1.0
0.005,-2500.0,-2.0,0.45,sparse_and_zeros,blind_joint_search,nominal,200,191,0,6.372367644529809e-58
0.005,-2500.0,-2.0,0.45,sparse_and_zeros,oracle,nominal,200,191,0,6.372367644529809e-58
0.005,-2500.0,-2.0,0.45,boundary_values,blind_joint_search,oracle,200,0,0,1.0
0.005,-2500.0,-2.0,0.45,boundary_values,blind_joint_search,nominal,200,185,0,4.078315292499078e-56
0.005,-2500.0,-2.0,0.45,boundary_values,oracle,nominal,200,185,0,4.078315292499078e-56
0.005,-2500.0,-2.0,0.45,randomized_1,blind_joint_search,oracle,200,0,0,1.0
0.005,-2500.0,-2.0,0.45,randomized_1,blind_joint_search,nominal,200,177,0,1.044048714879764e-53
0.005,-2500.0,-2.0,0.45,randomized_1,oracle,nominal,200,177,0,1.044048714879764e-53
0.005,-2500.0,-2.0,0.45,randomized_2,blind_joint_search,oracle,200,0,0,1.0
0.005,-2500.0,-2.0,0.45,randomized_2,blind_joint_search,nominal,200,173,0,1.6704779438076223e-52
0.005,-2500.0,-2.0,0.45,randomized_2,oracle,nominal,200,173,0,1.6704779438076223e-52
0.005,-2500.0,-2.0,0.45,randomized_3,blind_joint_search,oracle,200,0,0,1.0
0.005,-2500.0,-2.0,0.45,randomized_3,blind_joint_search,nominal,200,182,0,3.2626522339992623e-55
0.005,-2500.0,-2.0,0.45,randomized_3,oracle,nominal,200,182,0,3.2626522339992623e-55
0.005,-2500.0,-2.0,0.45,POOLED_ALL_VECTORS,blind_joint_search,oracle,1200,1,26,4.172325134277344e-07
0.005,-2500.0,-2.0,0.45,POOLED_ALL_VECTORS,blind_joint_search,nominal,1200,1071,0,8e-323
0.005,-2500.0,-2.0,0.45,POOLED_ALL_VECTORS,oracle,nominal,1200,1096,0,0.0
0.005,-2500.0,0.0,0.0,mixed_signs,blind_joint_search,oracle,1,0,0,1.0
0.005,-2500.0,0.0,0.0,mixed_signs,blind_joint_search,nominal,1,1,0,1.0
0.005,-2500.0,0.0,0.0,mixed_signs,oracle,nominal,1,1,0,1.0
0.005,-2500.0,0.0,0.0,sparse_and_zeros,blind_joint_search,oracle,1,0,0,1.0
0.005,-2500.0,0.0,0.0,sparse_and_zeros,blind_joint_search,nominal,1,1,0,1.0
0.005,-2500.0,0.0,0.0,sparse_and_zeros,oracle,nominal,1,1,0,1.0
0.005,-2500.0,0.0,0.0,boundary_values,blind_joint_search,oracle,1,0,0,1.0
0.005,-2500.0,0.0,0.0,boundary_values,blind_joint_search,nominal,1,1,0,1.0
0.005,-2500.0,0.0,0.0,boundary_values,oracle,nominal,1,1,0,1.0
0.005,-2500.0,0.0,0.0,randomized_1,blind_joint_search,oracle,1,0,0,1.0
0.005,-2500.0,0.0,0.0,randomized_1,blind_joint_search,nominal,1,1,0,1.0
0.005,-2500.0,0.0,0.0,randomized_1,oracle,nominal,1,1,0,1.0
0.005,-2500.0,0.0,0.0,randomized_2,blind_joint_search,oracle,1,0,0,1.0
0.005,-2500.0,0.0,0.0,randomized_2,blind_joint_search,nominal,1,1,0,1.0
0.005,-2500.0,0.0,0.0,randomized_2,oracle,nominal,1,1,0,1.0
0.005,-2500.0,0.0,0.0,randomized_3,blind_joint_search,oracle,1,0,0,1.0
0.005,-2500.0,0.0,0.0,randomized_3,blind_joint_search,nominal,1,1,0,1.0
0.005,-2500.0,0.0,0.0,randomized_3,oracle,nominal,1,1,0,1.0
0.005,-2500.0,0.0,0.0,POOLED_ALL_VECTORS,blind_joint_search,oracle,6,0,0,1.0
0.005,-2500.0,0.0,0.0,POOLED_ALL_VECTORS,blind_joint_search,nominal,6,6,0,0.03125
0.005,-2500.0,0.0,0.0,POOLED_ALL_VECTORS,oracle,nominal,6,6,0,0.03125
0.005,-2500.0,0.0,0.25,mixed_signs,blind_joint_search,oracle,200,0,5,0.0625
0.005,-2500.0,0.0,0.25,mixed_signs,blind_joint_search,nominal,200,195,0,3.982729777831131e-59
0.005,-2500.0,0.0,0.25,mixed_signs,oracle,nominal,200,200,0,1.2446030555722283e-60
0.005,-2500.0,0.0,0.25,sparse_and_zeros,blind_joint_search,oracle,200,0,0,1.0
0.005,-2500.0,0.0,0.25,sparse_and_zeros,blind_joint_search,nominal,200,200,0,1.2446030555722283e-60
0.005,-2500.0,0.0,0.25,sparse_and_zeros,oracle,nominal,200,200,0,1.2446030555722283e-60
0.005,-2500.0,0.0,0.25,boundary_values,blind_joint_search,oracle,200,0,0,1.0
0.005,-2500.0,0.0,0.25,boundary_values,blind_joint_search,nominal,200,200,0,1.2446030555722283e-60
0.005,-2500.0,0.0,0.25,boundary_values,oracle,nominal,200,200,0,1.2446030555722283e-60
0.005,-2500.0,0.0,0.25,randomized_1,blind_joint_search,oracle,200,0,0,1.0
0.005,-2500.0,0.0,0.25,randomized_1,blind_joint_search,nominal,200,200,0,1.2446030555722283e-60
0.005,-2500.0,0.0,0.25,randomized_1,oracle,nominal,200,200,0,1.2446030555722283e-60
0.005,-2500.0,0.0,0.25,randomized_2,blind_joint_search,oracle,200,0,0,1.0
0.005,-2500.0,0.0,0.25,randomized_2,blind_joint_search,nominal,200,200,0,1.2446030555722283e-60
0.005,-2500.0,0.0,0.25,randomized_2,oracle,nominal,200,200,0,1.2446030555722283e-60
0.005,-2500.0,0.0,0.25,randomized_3,blind_joint_search,oracle,200,0,0,1.0
0.005,-2500.0,0.0,0.25,randomized_3,blind_joint_search,nominal,200,200,0,1.2446030555722283e-60
0.005,-2500.0,0.0,0.25,randomized_3,oracle,nominal,200,200,0,1.2446030555722283e-60
0.005,-2500.0,0.0,0.25,POOLED_ALL_VECTORS,blind_joint_search,oracle,1200,0,5,0.0625
0.005,-2500.0,0.0,0.25,POOLED_ALL_VECTORS,blind_joint_search,nominal,1200,1195,0,0.0
0.005,-2500.0,0.0,0.25,POOLED_ALL_VECTORS,oracle,nominal,1200,1200,0,0.0
0.005,-2500.0,0.0,0.45,mixed_signs,blind_joint_search,oracle,200,3,27,8.430331945419312e-06
0.005,-2500.0,0.0,0.45,mixed_signs,blind_joint_search,nominal,200,161,0,6.842277657836021e-49
0.005,-2500.0,0.0,0.45,mixed_signs,oracle,nominal,200,185,0,4.078315292499078e-56
0.005,-2500.0,0.0,0.45,sparse_and_zeros,blind_joint_search,oracle,200,0,0,1.0
0.005,-2500.0,0.0,0.45,sparse_and_zeros,blind_joint_search,nominal,200,189,0,2.5489470578119236e-57
0.005,-2500.0,0.0,0.45,sparse_and_zeros,oracle,nominal,200,189,0,2.5489470578119236e-57
0.005,-2500.0,0.0,0.45,boundary_values,blind_joint_search,oracle,200,0,0,1.0
0.005,-2500.0,0.0,0.45,boundary_values,blind_joint_search,nominal,200,186,0,2.039157646249539e-56
0.005,-2500.0,0.0,0.45,boundary_values,oracle,nominal,200,186,0,2.039157646249539e-56
0.005,-2500.0,0.0,0.45,randomized_1,blind_joint_search,oracle,200,0,0,1.0
0.005,-2500.0,0.0,0.45,randomized_1,blind_joint_search,nominal,200,173,0,1.6704779438076223e-52
0.005,-2500.0,0.0,0.45,randomized_1,oracle,nominal,200,173,0,1.6704779438076223e-52
0.005,-2500.0,0.0,0.45,randomized_2,blind_joint_search,oracle,200,0,0,1.0
0.005,-2500.0,0.0,0.45,randomized_2,blind_joint_search,nominal,200,181,0,6.525304467998525e-55
0.005,-2500.0,0.0,0.45,randomized_2,oracle,nominal,200,181,0,6.525304467998525e-55
0.005,-2500.0,0.0,0.45,randomized_3,blind_joint_search,oracle,200,0,0,1.0
0.005,-2500.0,0.0,0.45,randomized_3,blind_joint_search,nominal,200,178,0,5.22024357439882e-54
0.005,-2500.0,0.0,0.45,randomized_3,oracle,nominal,200,178,0,5.22024357439882e-54
0.005,-2500.0,0.0,0.45,POOLED_ALL_VECTORS,blind_joint_search,oracle,1200,3,27,8.430331945419312e-06
0.005,-2500.0,0.0,0.45,POOLED_ALL_VECTORS,blind_joint_search,nominal,1200,1068,0,6.3e-322
0.005,-2500.0,0.0,0.45,POOLED_ALL_VECTORS,oracle,nominal,1200,1092,0,0.0
0.005,-2500.0,2.0,0.0,mixed_signs,blind_joint_search,oracle,1,0,0,1.0
0.005,-2500.0,2.0,0.0,mixed_signs,blind_joint_search,nominal,1,1,0,1.0
0.005,-2500.0,2.0,0.0,mixed_signs,oracle,nominal,1,1,0,1.0
0.005,-2500.0,2.0,0.0,sparse_and_zeros,blind_joint_search,oracle,1,0,0,1.0
0.005,-2500.0,2.0,0.0,sparse_and_zeros,blind_joint_search,nominal,1,1,0,1.0
0.005,-2500.0,2.0,0.0,sparse_and_zeros,oracle,nominal,1,1,0,1.0
0.005,-2500.0,2.0,0.0,boundary_values,blind_joint_search,oracle,1,0,0,1.0
0.005,-2500.0,2.0,0.0,boundary_values,blind_joint_search,nominal,1,1,0,1.0
0.005,-2500.0,2.0,0.0,boundary_values,oracle,nominal,1,1,0,1.0
0.005,-2500.0,2.0,0.0,randomized_1,blind_joint_search,oracle,1,0,0,1.0
0.005,-2500.0,2.0,0.0,randomized_1,blind_joint_search,nominal,1,1,0,1.0
0.005,-2500.0,2.0,0.0,randomized_1,oracle,nominal,1,1,0,1.0
0.005,-2500.0,2.0,0.0,randomized_2,blind_joint_search,oracle,1,0,0,1.0
0.005,-2500.0,2.0,0.0,randomized_2,blind_joint_search,nominal,1,1,0,1.0
0.005,-2500.0,2.0,0.0,randomized_2,oracle,nominal,1,1,0,1.0
0.005,-2500.0,2.0,0.0,randomized_3,blind_joint_search,oracle,1,0,0,1.0
0.005,-2500.0,2.0,0.0,randomized_3,blind_joint_search,nominal,1,1,0,1.0
0.005,-2500.0,2.0,0.0,randomized_3,oracle,nominal,1,1,0,1.0
0.005,-2500.0,2.0,0.0,POOLED_ALL_VECTORS,blind_joint_search,oracle,6,0,0,1.0
0.005,-2500.0,2.0,0.0,POOLED_ALL_VECTORS,blind_joint_search,nominal,6,6,0,0.03125
0.005,-2500.0,2.0,0.0,POOLED_ALL_VECTORS,oracle,nominal,6,6,0,0.03125
0.005,-2500.0,2.0,0.25,mixed_signs,blind_joint_search,oracle,200,0,4,0.125
0.005,-2500.0,2.0,0.25,mixed_signs,blind_joint_search,nominal,200,196,0,1.9913648889155653e-59
0.005,-2500.0,2.0,0.25,mixed_signs,oracle,nominal,200,200,0,1.2446030555722283e-60
0.005,-2500.0,2.0,0.25,sparse_and_zeros,blind_joint_search,oracle,200,0,0,1.0
0.005,-2500.0,2.0,0.25,sparse_and_zeros,blind_joint_search,nominal,200,200,0,1.2446030555722283e-60
0.005,-2500.0,2.0,0.25,sparse_and_zeros,oracle,nominal,200,200,0,1.2446030555722283e-60
0.005,-2500.0,2.0,0.25,boundary_values,blind_joint_search,oracle,200,0,0,1.0
0.005,-2500.0,2.0,0.25,boundary_values,blind_joint_search,nominal,200,200,0,1.2446030555722283e-60
0.005,-2500.0,2.0,0.25,boundary_values,oracle,nominal,200,200,0,1.2446030555722283e-60
0.005,-2500.0,2.0,0.25,randomized_1,blind_joint_search,oracle,200,0,0,1.0
0.005,-2500.0,2.0,0.25,randomized_1,blind_joint_search,nominal,200,200,0,1.2446030555722283e-60
0.005,-2500.0,2.0,0.25,randomized_1,oracle,nominal,200,200,0,1.2446030555722283e-60
0.005,-2500.0,2.0,0.25,randomized_2,blind_joint_search,oracle,200,0,0,1.0
0.005,-2500.0,2.0,0.25,randomized_2,blind_joint_search,nominal,200,200,0,1.2446030555722283e-60
0.005,-2500.0,2.0,0.25,randomized_2,oracle,nominal,200,200,0,1.2446030555722283e-60
0.005,-2500.0,2.0,0.25,randomized_3,blind_joint_search,oracle,200,0,0,1.0
0.005,-2500.0,2.0,0.25,randomized_3,blind_joint_search,nominal,200,200,0,1.2446030555722283e-60
0.005,-2500.0,2.0,0.25,randomized_3,oracle,nominal,200,200,0,1.2446030555722283e-60
0.005,-2500.0,2.0,0.25,POOLED_ALL_VECTORS,blind_joint_search,oracle,1200,0,4,0.125
0.005,-2500.0,2.0,0.25,POOLED_ALL_VECTORS,blind_joint_search,nominal,1200,1196,0,0.0
0.005,-2500.0,2.0,0.25,POOLED_ALL_VECTORS,oracle,nominal,1200,1200,0,0.0
0.005,-2500.0,2.0,0.45,mixed_signs,blind_joint_search,oracle,200,1,36,5.529727786779404e-10
0.005,-2500.0,2.0,0.45,mixed_signs,blind_joint_search,nominal,200,156,0,2.1895288505075267e-47
0.005,-2500.0,2.0,0.45,mixed_signs,oracle,nominal,200,191,0,6.372367644529809e-58
0.005,-2500.0,2.0,0.45,sparse_and_zeros,blind_joint_search,oracle,200,0,0,1.0
0.005,-2500.0,2.0,0.45,sparse_and_zeros,blind_joint_search,nominal,200,189,0,2.5489470578119236e-57
0.005,-2500.0,2.0,0.45,sparse_and_zeros,oracle,nominal,200,189,0,2.5489470578119236e-57
0.005,-2500.0,2.0,0.45,boundary_values,blind_joint_search,oracle,200,0,0,1.0
0.005,-2500.0,2.0,0.45,boundary_values,blind_joint_search,nominal,200,183,0,1.6313261169996311e-55
0.005,-2500.0,2.0,0.45,boundary_values,oracle,nominal,200,183,0,1.6313261169996311e-55
0.005,-2500.0,2.0,0.45,randomized_1,blind_joint_search,oracle,200,0,0,1.0
0.005,-2500.0,2.0,0.45,randomized_1,blind_joint_search,nominal,200,169,0,2.6727647100921956e-51
0.005,-2500.0,2.0,0.45,randomized_1,oracle,nominal,200,169,0,2.6727647100921956e-51
0.005,-2500.0,2.0,0.45,randomized_2,blind_joint_search,oracle,200,0,0,1.0
0.005,-2500.0,2.0,0.45,randomized_2,blind_joint_search,nominal,200,174,0,8.352389719038111e-53
0.005,-2500.0,2.0,0.45,randomized_2,oracle,nominal,200,174,0,8.352389719038111e-53
0.005,-2500.0,2.0,0.45,randomized_3,blind_joint_search,oracle,200,0,0,1.0
0.005,-2500.0,2.0,0.45,randomized_3,blind_joint_search,nominal,200,181,0,6.525304467998525e-55
0.005,-2500.0,2.0,0.45,randomized_3,oracle,nominal,200,181,0,6.525304467998525e-55
0.005,-2500.0,2.0,0.45,POOLED_ALL_VECTORS,blind_joint_search,oracle,1200,1,36,5.529727786779404e-10
0.005,-2500.0,2.0,0.45,POOLED_ALL_VECTORS,blind_joint_search,nominal,1200,1052,0,4.144523e-317
0.005,-2500.0,2.0,0.45,POOLED_ALL_VECTORS,oracle,nominal,1200,1087,0,0.0
0.005,0.0,-2.0,0.0,mixed_signs,blind_joint_search,oracle,1,0,0,1.0
0.005,0.0,-2.0,0.0,mixed_signs,blind_joint_search,nominal,1,1,0,1.0
0.005,0.0,-2.0,0.0,mixed_signs,oracle,nominal,1,1,0,1.0
0.005,0.0,-2.0,0.0,sparse_and_zeros,blind_joint_search,oracle,1,0,0,1.0
0.005,0.0,-2.0,0.0,sparse_and_zeros,blind_joint_search,nominal,1,1,0,1.0
0.005,0.0,-2.0,0.0,sparse_and_zeros,oracle,nominal,1,1,0,1.0
0.005,0.0,-2.0,0.0,boundary_values,blind_joint_search,oracle,1,0,0,1.0
0.005,0.0,-2.0,0.0,boundary_values,blind_joint_search,nominal,1,1,0,1.0
0.005,0.0,-2.0,0.0,boundary_values,oracle,nominal,1,1,0,1.0
0.005,0.0,-2.0,0.0,randomized_1,blind_joint_search,oracle,1,0,0,1.0
0.005,0.0,-2.0,0.0,randomized_1,blind_joint_search,nominal,1,1,0,1.0
0.005,0.0,-2.0,0.0,randomized_1,oracle,nominal,1,1,0,1.0
0.005,0.0,-2.0,0.0,randomized_2,blind_joint_search,oracle,1,0,0,1.0
0.005,0.0,-2.0,0.0,randomized_2,blind_joint_search,nominal,1,1,0,1.0
0.005,0.0,-2.0,0.0,randomized_2,oracle,nominal,1,1,0,1.0
0.005,0.0,-2.0,0.0,randomized_3,blind_joint_search,oracle,1,0,0,1.0
0.005,0.0,-2.0,0.0,randomized_3,blind_joint_search,nominal,1,1,0,1.0
0.005,0.0,-2.0,0.0,randomized_3,oracle,nominal,1,1,0,1.0
0.005,0.0,-2.0,0.0,POOLED_ALL_VECTORS,blind_joint_search,oracle,6,0,0,1.0
0.005,0.0,-2.0,0.0,POOLED_ALL_VECTORS,blind_joint_search,nominal,6,6,0,0.03125
0.005,0.0,-2.0,0.0,POOLED_ALL_VECTORS,oracle,nominal,6,6,0,0.03125
0.005,0.0,-2.0,0.25,mixed_signs,blind_joint_search,oracle,200,0,0,1.0
0.005,0.0,-2.0,0.25,mixed_signs,blind_joint_search,nominal,200,200,0,1.2446030555722283e-60
0.005,0.0,-2.0,0.25,mixed_signs,oracle,nominal,200,200,0,1.2446030555722283e-60
0.005,0.0,-2.0,0.25,sparse_and_zeros,blind_joint_search,oracle,200,0,0,1.0
0.005,0.0,-2.0,0.25,sparse_and_zeros,blind_joint_search,nominal,200,200,0,1.2446030555722283e-60
0.005,0.0,-2.0,0.25,sparse_and_zeros,oracle,nominal,200,200,0,1.2446030555722283e-60
0.005,0.0,-2.0,0.25,boundary_values,blind_joint_search,oracle,200,0,0,1.0
0.005,0.0,-2.0,0.25,boundary_values,blind_joint_search,nominal,200,200,0,1.2446030555722283e-60
0.005,0.0,-2.0,0.25,boundary_values,oracle,nominal,200,200,0,1.2446030555722283e-60
0.005,0.0,-2.0,0.25,randomized_1,blind_joint_search,oracle,200,0,0,1.0
0.005,0.0,-2.0,0.25,randomized_1,blind_joint_search,nominal,200,200,0,1.2446030555722283e-60
0.005,0.0,-2.0,0.25,randomized_1,oracle,nominal,200,200,0,1.2446030555722283e-60
0.005,0.0,-2.0,0.25,randomized_2,blind_joint_search,oracle,200,0,0,1.0
0.005,0.0,-2.0,0.25,randomized_2,blind_joint_search,nominal,200,200,0,1.2446030555722283e-60
0.005,0.0,-2.0,0.25,randomized_2,oracle,nominal,200,200,0,1.2446030555722283e-60
0.005,0.0,-2.0,0.25,randomized_3,blind_joint_search,oracle,200,0,0,1.0
0.005,0.0,-2.0,0.25,randomized_3,blind_joint_search,nominal,200,200,0,1.2446030555722283e-60
0.005,0.0,-2.0,0.25,randomized_3,oracle,nominal,200,200,0,1.2446030555722283e-60
0.005,0.0,-2.0,0.25,POOLED_ALL_VECTORS,blind_joint_search,oracle,1200,0,0,1.0
0.005,0.0,-2.0,0.25,POOLED_ALL_VECTORS,blind_joint_search,nominal,1200,1200,0,0.0
0.005,0.0,-2.0,0.25,POOLED_ALL_VECTORS,oracle,nominal,1200,1200,0,0.0
0.005,0.0,-2.0,0.45,mixed_signs,blind_joint_search,oracle,200,0,0,1.0
0.005,0.0,-2.0,0.45,mixed_signs,blind_joint_search,nominal,200,192,0,3.1861838222649046e-58
0.005,0.0,-2.0,0.45,mixed_signs,oracle,nominal,200,192,0,3.1861838222649046e-58
0.005,0.0,-2.0,0.45,sparse_and_zeros,blind_joint_search,oracle,200,0,0,1.0
0.005,0.0,-2.0,0.45,sparse_and_zeros,blind_joint_search,nominal,200,191,0,6.372367644529809e-58
0.005,0.0,-2.0,0.45,sparse_and_zeros,oracle,nominal,200,191,0,6.372367644529809e-58
0.005,0.0,-2.0,0.45,boundary_values,blind_joint_search,oracle,200,0,0,1.0
0.005,0.0,-2.0,0.45,boundary_values,blind_joint_search,nominal,200,195,0,3.982729777831131e-59
0.005,0.0,-2.0,0.45,boundary_values,oracle,nominal,200,195,0,3.982729777831131e-59
0.005,0.0,-2.0,0.45,randomized_1,blind_joint_search,oracle,200,0,0,1.0
0.005,0.0,-2.0,0.45,randomized_1,blind_joint_search,nominal,200,191,0,6.372367644529809e-58
0.005,0.0,-2.0,0.45,randomized_1,oracle,nominal,200,191,0,6.372367644529809e-58
0.005,0.0,-2.0,0.45,randomized_2,blind_joint_search,oracle,200,0,0,1.0
0.005,0.0,-2.0,0.45,randomized_2,blind_joint_search,nominal,200,192,0,3.1861838222649046e-58
0.005,0.0,-2.0,0.45,randomized_2,oracle,nominal,200,192,0,3.1861838222649046e-58
0.005,0.0,-2.0,0.45,randomized_3,blind_joint_search,oracle,200,0,0,1.0
0.005,0.0,-2.0,0.45,randomized_3,blind_joint_search,nominal,200,193,0,1.5930919111324523e-58
0.005,0.0,-2.0,0.45,randomized_3,oracle,nominal,200,193,0,1.5930919111324523e-58
0.005,0.0,-2.0,0.45,POOLED_ALL_VECTORS,blind_joint_search,oracle,1200,0,0,1.0
0.005,0.0,-2.0,0.45,POOLED_ALL_VECTORS,blind_joint_search,nominal,1200,1154,0,0.0
0.005,0.0,-2.0,0.45,POOLED_ALL_VECTORS,oracle,nominal,1200,1154,0,0.0
0.005,0.0,0.0,0.0,mixed_signs,blind_joint_search,oracle,1,0,0,1.0
0.005,0.0,0.0,0.0,mixed_signs,blind_joint_search,nominal,1,1,0,1.0
0.005,0.0,0.0,0.0,mixed_signs,oracle,nominal,1,1,0,1.0
0.005,0.0,0.0,0.0,sparse_and_zeros,blind_joint_search,oracle,1,0,0,1.0
0.005,0.0,0.0,0.0,sparse_and_zeros,blind_joint_search,nominal,1,1,0,1.0
0.005,0.0,0.0,0.0,sparse_and_zeros,oracle,nominal,1,1,0,1.0
0.005,0.0,0.0,0.0,boundary_values,blind_joint_search,oracle,1,0,0,1.0
0.005,0.0,0.0,0.0,boundary_values,blind_joint_search,nominal,1,1,0,1.0
0.005,0.0,0.0,0.0,boundary_values,oracle,nominal,1,1,0,1.0
0.005,0.0,0.0,0.0,randomized_1,blind_joint_search,oracle,1,0,0,1.0
0.005,0.0,0.0,0.0,randomized_1,blind_joint_search,nominal,1,1,0,1.0
0.005,0.0,0.0,0.0,randomized_1,oracle,nominal,1,1,0,1.0
0.005,0.0,0.0,0.0,randomized_2,blind_joint_search,oracle,1,0,0,1.0
0.005,0.0,0.0,0.0,randomized_2,blind_joint_search,nominal,1,1,0,1.0
0.005,0.0,0.0,0.0,randomized_2,oracle,nominal,1,1,0,1.0
0.005,0.0,0.0,0.0,randomized_3,blind_joint_search,oracle,1,0,0,1.0
0.005,0.0,0.0,0.0,randomized_3,blind_joint_search,nominal,1,1,0,1.0
0.005,0.0,0.0,0.0,randomized_3,oracle,nominal,1,1,0,1.0
0.005,0.0,0.0,0.0,POOLED_ALL_VECTORS,blind_joint_search,oracle,6,0,0,1.0
0.005,0.0,0.0,0.0,POOLED_ALL_VECTORS,blind_joint_search,nominal,6,6,0,0.03125
0.005,0.0,0.0,0.0,POOLED_ALL_VECTORS,oracle,nominal,6,6,0,0.03125
0.005,0.0,0.0,0.25,mixed_signs,blind_joint_search,oracle,200,0,0,1.0
0.005,0.0,0.0,0.25,mixed_signs,blind_joint_search,nominal,200,200,0,1.2446030555722283e-60
0.005,0.0,0.0,0.25,mixed_signs,oracle,nominal,200,200,0,1.2446030555722283e-60
0.005,0.0,0.0,0.25,sparse_and_zeros,blind_joint_search,oracle,200,0,0,1.0
0.005,0.0,0.0,0.25,sparse_and_zeros,blind_joint_search,nominal,200,200,0,1.2446030555722283e-60
0.005,0.0,0.0,0.25,sparse_and_zeros,oracle,nominal,200,200,0,1.2446030555722283e-60
0.005,0.0,0.0,0.25,boundary_values,blind_joint_search,oracle,200,0,0,1.0
0.005,0.0,0.0,0.25,boundary_values,blind_joint_search,nominal,200,200,0,1.2446030555722283e-60
0.005,0.0,0.0,0.25,boundary_values,oracle,nominal,200,200,0,1.2446030555722283e-60
0.005,0.0,0.0,0.25,randomized_1,blind_joint_search,oracle,200,0,0,1.0
0.005,0.0,0.0,0.25,randomized_1,blind_joint_search,nominal,200,200,0,1.2446030555722283e-60
0.005,0.0,0.0,0.25,randomized_1,oracle,nominal,200,200,0,1.2446030555722283e-60
0.005,0.0,0.0,0.25,randomized_2,blind_joint_search,oracle,200,0,0,1.0
0.005,0.0,0.0,0.25,randomized_2,blind_joint_search,nominal,200,200,0,1.2446030555722283e-60
0.005,0.0,0.0,0.25,randomized_2,oracle,nominal,200,200,0,1.2446030555722283e-60
0.005,0.0,0.0,0.25,randomized_3,blind_joint_search,oracle,200,0,0,1.0
0.005,0.0,0.0,0.25,randomized_3,blind_joint_search,nominal,200,200,0,1.2446030555722283e-60
0.005,0.0,0.0,0.25,randomized_3,oracle,nominal,200,200,0,1.2446030555722283e-60
0.005,0.0,0.0,0.25,POOLED_ALL_VECTORS,blind_joint_search,oracle,1200,0,0,1.0
0.005,0.0,0.0,0.25,POOLED_ALL_VECTORS,blind_joint_search,nominal,1200,1200,0,0.0
0.005,0.0,0.0,0.25,POOLED_ALL_VECTORS,oracle,nominal,1200,1200,0,0.0
0.005,0.0,0.0,0.45,mixed_signs,blind_joint_search,oracle,200,0,0,1.0
0.005,0.0,0.0,0.45,mixed_signs,blind_joint_search,nominal,200,191,0,6.372367644529809e-58
0.005,0.0,0.0,0.45,mixed_signs,oracle,nominal,200,191,0,6.372367644529809e-58
0.005,0.0,0.0,0.45,sparse_and_zeros,blind_joint_search,oracle,200,0,0,1.0
0.005,0.0,0.0,0.45,sparse_and_zeros,blind_joint_search,nominal,200,185,0,4.078315292499078e-56
0.005,0.0,0.0,0.45,sparse_and_zeros,oracle,nominal,200,185,0,4.078315292499078e-56
0.005,0.0,0.0,0.45,boundary_values,blind_joint_search,oracle,200,0,0,1.0
0.005,0.0,0.0,0.45,boundary_values,blind_joint_search,nominal,200,189,0,2.5489470578119236e-57
0.005,0.0,0.0,0.45,boundary_values,oracle,nominal,200,189,0,2.5489470578119236e-57
0.005,0.0,0.0,0.45,randomized_1,blind_joint_search,oracle,200,0,0,1.0
0.005,0.0,0.0,0.45,randomized_1,blind_joint_search,nominal,200,188,0,5.0978941156238473e-57
0.005,0.0,0.0,0.45,randomized_1,oracle,nominal,200,188,0,5.0978941156238473e-57
0.005,0.0,0.0,0.45,randomized_2,blind_joint_search,oracle,200,0,0,1.0
0.005,0.0,0.0,0.45,randomized_2,blind_joint_search,nominal,200,185,0,4.078315292499078e-56
0.005,0.0,0.0,0.45,randomized_2,oracle,nominal,200,185,0,4.078315292499078e-56
0.005,0.0,0.0,0.45,randomized_3,blind_joint_search,oracle,200,0,0,1.0
0.005,0.0,0.0,0.45,randomized_3,blind_joint_search,nominal,200,192,0,3.1861838222649046e-58
0.005,0.0,0.0,0.45,randomized_3,oracle,nominal,200,192,0,3.1861838222649046e-58
0.005,0.0,0.0,0.45,POOLED_ALL_VECTORS,blind_joint_search,oracle,1200,0,0,1.0
0.005,0.0,0.0,0.45,POOLED_ALL_VECTORS,blind_joint_search,nominal,1200,1130,0,0.0
0.005,0.0,0.0,0.45,POOLED_ALL_VECTORS,oracle,nominal,1200,1130,0,0.0
0.005,0.0,2.0,0.0,mixed_signs,blind_joint_search,oracle,1,0,0,1.0
0.005,0.0,2.0,0.0,mixed_signs,blind_joint_search,nominal,1,1,0,1.0
0.005,0.0,2.0,0.0,mixed_signs,oracle,nominal,1,1,0,1.0
0.005,0.0,2.0,0.0,sparse_and_zeros,blind_joint_search,oracle,1,0,0,1.0
0.005,0.0,2.0,0.0,sparse_and_zeros,blind_joint_search,nominal,1,1,0,1.0
0.005,0.0,2.0,0.0,sparse_and_zeros,oracle,nominal,1,1,0,1.0
0.005,0.0,2.0,0.0,boundary_values,blind_joint_search,oracle,1,0,0,1.0
0.005,0.0,2.0,0.0,boundary_values,blind_joint_search,nominal,1,1,0,1.0
0.005,0.0,2.0,0.0,boundary_values,oracle,nominal,1,1,0,1.0
0.005,0.0,2.0,0.0,randomized_1,blind_joint_search,oracle,1,0,0,1.0
0.005,0.0,2.0,0.0,randomized_1,blind_joint_search,nominal,1,1,0,1.0
0.005,0.0,2.0,0.0,randomized_1,oracle,nominal,1,1,0,1.0
0.005,0.0,2.0,0.0,randomized_2,blind_joint_search,oracle,1,0,0,1.0
0.005,0.0,2.0,0.0,randomized_2,blind_joint_search,nominal,1,1,0,1.0
0.005,0.0,2.0,0.0,randomized_2,oracle,nominal,1,1,0,1.0
0.005,0.0,2.0,0.0,randomized_3,blind_joint_search,oracle,1,0,0,1.0
0.005,0.0,2.0,0.0,randomized_3,blind_joint_search,nominal,1,1,0,1.0
0.005,0.0,2.0,0.0,randomized_3,oracle,nominal,1,1,0,1.0
0.005,0.0,2.0,0.0,POOLED_ALL_VECTORS,blind_joint_search,oracle,6,0,0,1.0
0.005,0.0,2.0,0.0,POOLED_ALL_VECTORS,blind_joint_search,nominal,6,6,0,0.03125
0.005,0.0,2.0,0.0,POOLED_ALL_VECTORS,oracle,nominal,6,6,0,0.03125
0.005,0.0,2.0,0.25,mixed_signs,blind_joint_search,oracle,200,0,0,1.0
0.005,0.0,2.0,0.25,mixed_signs,blind_joint_search,nominal,200,200,0,1.2446030555722283e-60
0.005,0.0,2.0,0.25,mixed_signs,oracle,nominal,200,200,0,1.2446030555722283e-60
0.005,0.0,2.0,0.25,sparse_and_zeros,blind_joint_search,oracle,200,0,0,1.0
0.005,0.0,2.0,0.25,sparse_and_zeros,blind_joint_search,nominal,200,200,0,1.2446030555722283e-60
0.005,0.0,2.0,0.25,sparse_and_zeros,oracle,nominal,200,200,0,1.2446030555722283e-60
0.005,0.0,2.0,0.25,boundary_values,blind_joint_search,oracle,200,0,0,1.0
0.005,0.0,2.0,0.25,boundary_values,blind_joint_search,nominal,200,200,0,1.2446030555722283e-60
0.005,0.0,2.0,0.25,boundary_values,oracle,nominal,200,200,0,1.2446030555722283e-60
0.005,0.0,2.0,0.25,randomized_1,blind_joint_search,oracle,200,0,0,1.0
0.005,0.0,2.0,0.25,randomized_1,blind_joint_search,nominal,200,200,0,1.2446030555722283e-60
0.005,0.0,2.0,0.25,randomized_1,oracle,nominal,200,200,0,1.2446030555722283e-60
0.005,0.0,2.0,0.25,randomized_2,blind_joint_search,oracle,200,0,0,1.0
0.005,0.0,2.0,0.25,randomized_2,blind_joint_search,nominal,200,200,0,1.2446030555722283e-60
0.005,0.0,2.0,0.25,randomized_2,oracle,nominal,200,200,0,1.2446030555722283e-60
0.005,0.0,2.0,0.25,randomized_3,blind_joint_search,oracle,200,0,0,1.0
0.005,0.0,2.0,0.25,randomized_3,blind_joint_search,nominal,200,200,0,1.2446030555722283e-60
0.005,0.0,2.0,0.25,randomized_3,oracle,nominal,200,200,0,1.2446030555722283e-60
0.005,0.0,2.0,0.25,POOLED_ALL_VECTORS,blind_joint_search,oracle,1200,0,0,1.0
0.005,0.0,2.0,0.25,POOLED_ALL_VECTORS,blind_joint_search,nominal,1200,1200,0,0.0
0.005,0.0,2.0,0.25,POOLED_ALL_VECTORS,oracle,nominal,1200,1200,0,0.0
0.005,0.0,2.0,0.45,mixed_signs,blind_joint_search,oracle,200,0,0,1.0
0.005,0.0,2.0,0.45,mixed_signs,blind_joint_search,nominal,200,188,0,5.0978941156238473e-57
0.005,0.0,2.0,0.45,mixed_signs,oracle,nominal,200,188,0,5.0978941156238473e-57
0.005,0.0,2.0,0.45,sparse_and_zeros,blind_joint_search,oracle,200,0,0,1.0
0.005,0.0,2.0,0.45,sparse_and_zeros,blind_joint_search,nominal,200,195,0,3.982729777831131e-59
0.005,0.0,2.0,0.45,sparse_and_zeros,oracle,nominal,200,195,0,3.982729777831131e-59
0.005,0.0,2.0,0.45,boundary_values,blind_joint_search,oracle,200,0,0,1.0
0.005,0.0,2.0,0.45,boundary_values,blind_joint_search,nominal,200,186,0,2.039157646249539e-56
0.005,0.0,2.0,0.45,boundary_values,oracle,nominal,200,186,0,2.039157646249539e-56
0.005,0.0,2.0,0.45,randomized_1,blind_joint_search,oracle,200,0,0,1.0
0.005,0.0,2.0,0.45,randomized_1,blind_joint_search,nominal,200,194,0,7.965459555662261e-59
0.005,0.0,2.0,0.45,randomized_1,oracle,nominal,200,194,0,7.965459555662261e-59
0.005,0.0,2.0,0.45,randomized_2,blind_joint_search,oracle,200,0,0,1.0
0.005,0.0,2.0,0.45,randomized_2,blind_joint_search,nominal,200,182,0,3.2626522339992623e-55
0.005,0.0,2.0,0.45,randomized_2,oracle,nominal,200,182,0,3.2626522339992623e-55
0.005,0.0,2.0,0.45,randomized_3,blind_joint_search,oracle,200,0,0,1.0
0.005,0.0,2.0,0.45,randomized_3,blind_joint_search,nominal,200,194,0,7.965459555662261e-59
0.005,0.0,2.0,0.45,randomized_3,oracle,nominal,200,194,0,7.965459555662261e-59
0.005,0.0,2.0,0.45,POOLED_ALL_VECTORS,blind_joint_search,oracle,1200,0,0,1.0
0.005,0.0,2.0,0.45,POOLED_ALL_VECTORS,blind_joint_search,nominal,1200,1139,0,0.0
0.005,0.0,2.0,0.45,POOLED_ALL_VECTORS,oracle,nominal,1200,1139,0,0.0
0.005,2500.0,-2.0,0.0,mixed_signs,blind_joint_search,oracle,1,0,0,1.0
0.005,2500.0,-2.0,0.0,mixed_signs,blind_joint_search,nominal,1,1,0,1.0
0.005,2500.0,-2.0,0.0,mixed_signs,oracle,nominal,1,1,0,1.0
0.005,2500.0,-2.0,0.0,sparse_and_zeros,blind_joint_search,oracle,1,0,0,1.0
0.005,2500.0,-2.0,0.0,sparse_and_zeros,blind_joint_search,nominal,1,1,0,1.0
0.005,2500.0,-2.0,0.0,sparse_and_zeros,oracle,nominal,1,1,0,1.0
0.005,2500.0,-2.0,0.0,boundary_values,blind_joint_search,oracle,1,0,0,1.0
0.005,2500.0,-2.0,0.0,boundary_values,blind_joint_search,nominal,1,1,0,1.0
0.005,2500.0,-2.0,0.0,boundary_values,oracle,nominal,1,1,0,1.0
0.005,2500.0,-2.0,0.0,randomized_1,blind_joint_search,oracle,1,0,0,1.0
0.005,2500.0,-2.0,0.0,randomized_1,blind_joint_search,nominal,1,1,0,1.0
0.005,2500.0,-2.0,0.0,randomized_1,oracle,nominal,1,1,0,1.0
0.005,2500.0,-2.0,0.0,randomized_2,blind_joint_search,oracle,1,0,0,1.0
0.005,2500.0,-2.0,0.0,randomized_2,blind_joint_search,nominal,1,1,0,1.0
0.005,2500.0,-2.0,0.0,randomized_2,oracle,nominal,1,1,0,1.0
0.005,2500.0,-2.0,0.0,randomized_3,blind_joint_search,oracle,1,0,0,1.0
0.005,2500.0,-2.0,0.0,randomized_3,blind_joint_search,nominal,1,1,0,1.0
0.005,2500.0,-2.0,0.0,randomized_3,oracle,nominal,1,1,0,1.0
0.005,2500.0,-2.0,0.0,POOLED_ALL_VECTORS,blind_joint_search,oracle,6,0,0,1.0
0.005,2500.0,-2.0,0.0,POOLED_ALL_VECTORS,blind_joint_search,nominal,6,6,0,0.03125
0.005,2500.0,-2.0,0.0,POOLED_ALL_VECTORS,oracle,nominal,6,6,0,0.03125
0.005,2500.0,-2.0,0.25,mixed_signs,blind_joint_search,oracle,200,0,0,1.0
0.005,2500.0,-2.0,0.25,mixed_signs,blind_joint_search,nominal,200,200,0,1.2446030555722283e-60
0.005,2500.0,-2.0,0.25,mixed_signs,oracle,nominal,200,200,0,1.2446030555722283e-60
0.005,2500.0,-2.0,0.25,sparse_and_zeros,blind_joint_search,oracle,200,0,0,1.0
0.005,2500.0,-2.0,0.25,sparse_and_zeros,blind_joint_search,nominal,200,200,0,1.2446030555722283e-60
0.005,2500.0,-2.0,0.25,sparse_and_zeros,oracle,nominal,200,200,0,1.2446030555722283e-60
0.005,2500.0,-2.0,0.25,boundary_values,blind_joint_search,oracle,200,0,0,1.0
0.005,2500.0,-2.0,0.25,boundary_values,blind_joint_search,nominal,200,198,0,4.9784122222889134e-60
0.005,2500.0,-2.0,0.25,boundary_values,oracle,nominal,200,198,0,4.9784122222889134e-60
0.005,2500.0,-2.0,0.25,randomized_1,blind_joint_search,oracle,200,0,0,1.0
0.005,2500.0,-2.0,0.25,randomized_1,blind_joint_search,nominal,200,200,0,1.2446030555722283e-60
0.005,2500.0,-2.0,0.25,randomized_1,oracle,nominal,200,200,0,1.2446030555722283e-60
0.005,2500.0,-2.0,0.25,randomized_2,blind_joint_search,oracle,200,0,0,1.0
0.005,2500.0,-2.0,0.25,randomized_2,blind_joint_search,nominal,200,200,0,1.2446030555722283e-60
0.005,2500.0,-2.0,0.25,randomized_2,oracle,nominal,200,200,0,1.2446030555722283e-60
0.005,2500.0,-2.0,0.25,randomized_3,blind_joint_search,oracle,200,0,0,1.0
0.005,2500.0,-2.0,0.25,randomized_3,blind_joint_search,nominal,200,200,0,1.2446030555722283e-60
0.005,2500.0,-2.0,0.25,randomized_3,oracle,nominal,200,200,0,1.2446030555722283e-60
0.005,2500.0,-2.0,0.25,POOLED_ALL_VECTORS,blind_joint_search,oracle,1200,0,0,1.0
0.005,2500.0,-2.0,0.25,POOLED_ALL_VECTORS,blind_joint_search,nominal,1200,1198,0,0.0
0.005,2500.0,-2.0,0.25,POOLED_ALL_VECTORS,oracle,nominal,1200,1198,0,0.0
0.005,2500.0,-2.0,0.45,mixed_signs,blind_joint_search,oracle,200,0,0,1.0
0.005,2500.0,-2.0,0.45,mixed_signs,blind_joint_search,nominal,200,185,0,4.078315292499078e-56
0.005,2500.0,-2.0,0.45,mixed_signs,oracle,nominal,200,185,0,4.078315292499078e-56
0.005,2500.0,-2.0,0.45,sparse_and_zeros,blind_joint_search,oracle,200,0,0,1.0
0.005,2500.0,-2.0,0.45,sparse_and_zeros,blind_joint_search,nominal,200,191,0,6.372367644529809e-58
0.005,2500.0,-2.0,0.45,sparse_and_zeros,oracle,nominal,200,191,0,6.372367644529809e-58
0.005,2500.0,-2.0,0.45,boundary_values,blind_joint_search,oracle,200,0,0,1.0
0.005,2500.0,-2.0,0.45,boundary_values,blind_joint_search,nominal,200,169,0,2.6727647100921956e-51
0.005,2500.0,-2.0,0.45,boundary_values,oracle,nominal,200,169,0,2.6727647100921956e-51
0.005,2500.0,-2.0,0.45,randomized_1,blind_joint_search,oracle,200,0,0,1.0
0.005,2500.0,-2.0,0.45,randomized_1,blind_joint_search,nominal,200,167,0,1.0691058840368783e-50
0.005,2500.0,-2.0,0.45,randomized_1,oracle,nominal,200,167,0,1.0691058840368783e-50
0.005,2500.0,-2.0,0.45,randomized_2,blind_joint_search,oracle,200,0,0,1.0
0.005,2500.0,-2.0,0.45,randomized_2,blind_joint_search,nominal,200,169,0,2.6727647100921956e-51
0.005,2500.0,-2.0,0.45,randomized_2,oracle,nominal,200,169,0,2.6727647100921956e-51
0.005,2500.0,-2.0,0.45,randomized_3,blind_joint_search,oracle,200,0,0,1.0
0.005,2500.0,-2.0,0.45,randomized_3,blind_joint_search,nominal,200,177,0,1.044048714879764e-53
0.005,2500.0,-2.0,0.45,randomized_3,oracle,nominal,200,177,0,1.044048714879764e-53
0.005,2500.0,-2.0,0.45,POOLED_ALL_VECTORS,blind_joint_search,oracle,1200,0,0,1.0
0.005,2500.0,-2.0,0.45,POOLED_ALL_VECTORS,blind_joint_search,nominal,1200,1058,0,6.4758e-319
0.005,2500.0,-2.0,0.45,POOLED_ALL_VECTORS,oracle,nominal,1200,1058,0,6.4758e-319
0.005,2500.0,0.0,0.0,mixed_signs,blind_joint_search,oracle,1,0,0,1.0
0.005,2500.0,0.0,0.0,mixed_signs,blind_joint_search,nominal,1,1,0,1.0
0.005,2500.0,0.0,0.0,mixed_signs,oracle,nominal,1,1,0,1.0
0.005,2500.0,0.0,0.0,sparse_and_zeros,blind_joint_search,oracle,1,0,0,1.0
0.005,2500.0,0.0,0.0,sparse_and_zeros,blind_joint_search,nominal,1,1,0,1.0
0.005,2500.0,0.0,0.0,sparse_and_zeros,oracle,nominal,1,1,0,1.0
0.005,2500.0,0.0,0.0,boundary_values,blind_joint_search,oracle,1,0,0,1.0
0.005,2500.0,0.0,0.0,boundary_values,blind_joint_search,nominal,1,1,0,1.0
0.005,2500.0,0.0,0.0,boundary_values,oracle,nominal,1,1,0,1.0
0.005,2500.0,0.0,0.0,randomized_1,blind_joint_search,oracle,1,0,0,1.0
0.005,2500.0,0.0,0.0,randomized_1,blind_joint_search,nominal,1,1,0,1.0
0.005,2500.0,0.0,0.0,randomized_1,oracle,nominal,1,1,0,1.0
0.005,2500.0,0.0,0.0,randomized_2,blind_joint_search,oracle,1,0,0,1.0
0.005,2500.0,0.0,0.0,randomized_2,blind_joint_search,nominal,1,1,0,1.0
0.005,2500.0,0.0,0.0,randomized_2,oracle,nominal,1,1,0,1.0
0.005,2500.0,0.0,0.0,randomized_3,blind_joint_search,oracle,1,0,0,1.0
0.005,2500.0,0.0,0.0,randomized_3,blind_joint_search,nominal,1,1,0,1.0
0.005,2500.0,0.0,0.0,randomized_3,oracle,nominal,1,1,0,1.0
0.005,2500.0,0.0,0.0,POOLED_ALL_VECTORS,blind_joint_search,oracle,6,0,0,1.0
0.005,2500.0,0.0,0.0,POOLED_ALL_VECTORS,blind_joint_search,nominal,6,6,0,0.03125
0.005,2500.0,0.0,0.0,POOLED_ALL_VECTORS,oracle,nominal,6,6,0,0.03125
0.005,2500.0,0.0,0.25,mixed_signs,blind_joint_search,oracle,200,0,0,1.0
0.005,2500.0,0.0,0.25,mixed_signs,blind_joint_search,nominal,200,200,0,1.2446030555722283e-60
0.005,2500.0,0.0,0.25,mixed_signs,oracle,nominal,200,200,0,1.2446030555722283e-60
0.005,2500.0,0.0,0.25,sparse_and_zeros,blind_joint_search,oracle,200,0,0,1.0
0.005,2500.0,0.0,0.25,sparse_and_zeros,blind_joint_search,nominal,200,200,0,1.2446030555722283e-60
0.005,2500.0,0.0,0.25,sparse_and_zeros,oracle,nominal,200,200,0,1.2446030555722283e-60
0.005,2500.0,0.0,0.25,boundary_values,blind_joint_search,oracle,200,0,0,1.0
0.005,2500.0,0.0,0.25,boundary_values,blind_joint_search,nominal,200,199,0,2.4892061111444567e-60
0.005,2500.0,0.0,0.25,boundary_values,oracle,nominal,200,199,0,2.4892061111444567e-60
0.005,2500.0,0.0,0.25,randomized_1,blind_joint_search,oracle,200,0,0,1.0
0.005,2500.0,0.0,0.25,randomized_1,blind_joint_search,nominal,200,200,0,1.2446030555722283e-60
0.005,2500.0,0.0,0.25,randomized_1,oracle,nominal,200,200,0,1.2446030555722283e-60
0.005,2500.0,0.0,0.25,randomized_2,blind_joint_search,oracle,200,0,0,1.0
0.005,2500.0,0.0,0.25,randomized_2,blind_joint_search,nominal,200,200,0,1.2446030555722283e-60
0.005,2500.0,0.0,0.25,randomized_2,oracle,nominal,200,200,0,1.2446030555722283e-60
0.005,2500.0,0.0,0.25,randomized_3,blind_joint_search,oracle,200,0,0,1.0
0.005,2500.0,0.0,0.25,randomized_3,blind_joint_search,nominal,200,200,0,1.2446030555722283e-60
0.005,2500.0,0.0,0.25,randomized_3,oracle,nominal,200,200,0,1.2446030555722283e-60
0.005,2500.0,0.0,0.25,POOLED_ALL_VECTORS,blind_joint_search,oracle,1200,0,0,1.0
0.005,2500.0,0.0,0.25,POOLED_ALL_VECTORS,blind_joint_search,nominal,1200,1199,0,0.0
0.005,2500.0,0.0,0.25,POOLED_ALL_VECTORS,oracle,nominal,1200,1199,0,0.0
0.005,2500.0,0.0,0.45,mixed_signs,blind_joint_search,oracle,200,0,0,1.0
0.005,2500.0,0.0,0.45,mixed_signs,blind_joint_search,nominal,200,182,0,3.2626522339992623e-55
0.005,2500.0,0.0,0.45,mixed_signs,oracle,nominal,200,182,0,3.2626522339992623e-55
0.005,2500.0,0.0,0.45,sparse_and_zeros,blind_joint_search,oracle,200,0,0,1.0
0.005,2500.0,0.0,0.45,sparse_and_zeros,blind_joint_search,nominal,200,190,0,1.2744735289059618e-57
0.005,2500.0,0.0,0.45,sparse_and_zeros,oracle,nominal,200,190,0,1.2744735289059618e-57
0.005,2500.0,0.0,0.45,boundary_values,blind_joint_search,oracle,200,0,0,1.0
0.005,2500.0,0.0,0.45,boundary_values,blind_joint_search,nominal,200,174,0,8.352389719038111e-53
0.005,2500.0,0.0,0.45,boundary_values,oracle,nominal,200,174,0,8.352389719038111e-53
0.005,2500.0,0.0,0.45,randomized_1,blind_joint_search,oracle,200,0,0,1.0
0.005,2500.0,0.0,0.45,randomized_1,blind_joint_search,nominal,200,169,0,2.6727647100921956e-51
0.005,2500.0,0.0,0.45,randomized_1,oracle,nominal,200,169,0,2.6727647100921956e-51
0.005,2500.0,0.0,0.45,randomized_2,blind_joint_search,oracle,200,0,0,1.0
0.005,2500.0,0.0,0.45,randomized_2,blind_joint_search,nominal,200,176,0,2.088097429759528e-53
0.005,2500.0,0.0,0.45,randomized_2,oracle,nominal,200,176,0,2.088097429759528e-53
0.005,2500.0,0.0,0.45,randomized_3,blind_joint_search,oracle,200,0,0,1.0
0.005,2500.0,0.0,0.45,randomized_3,blind_joint_search,nominal,200,186,0,2.039157646249539e-56
0.005,2500.0,0.0,0.45,randomized_3,oracle,nominal,200,186,0,2.039157646249539e-56
0.005,2500.0,0.0,0.45,POOLED_ALL_VECTORS,blind_joint_search,oracle,1200,0,0,1.0
0.005,2500.0,0.0,0.45,POOLED_ALL_VECTORS,blind_joint_search,nominal,1200,1077,0,0.0
0.005,2500.0,0.0,0.45,POOLED_ALL_VECTORS,oracle,nominal,1200,1077,0,0.0
0.005,2500.0,2.0,0.0,mixed_signs,blind_joint_search,oracle,1,0,0,1.0
0.005,2500.0,2.0,0.0,mixed_signs,blind_joint_search,nominal,1,1,0,1.0
0.005,2500.0,2.0,0.0,mixed_signs,oracle,nominal,1,1,0,1.0
0.005,2500.0,2.0,0.0,sparse_and_zeros,blind_joint_search,oracle,1,0,0,1.0
0.005,2500.0,2.0,0.0,sparse_and_zeros,blind_joint_search,nominal,1,1,0,1.0
0.005,2500.0,2.0,0.0,sparse_and_zeros,oracle,nominal,1,1,0,1.0
0.005,2500.0,2.0,0.0,boundary_values,blind_joint_search,oracle,1,0,0,1.0
0.005,2500.0,2.0,0.0,boundary_values,blind_joint_search,nominal,1,1,0,1.0
0.005,2500.0,2.0,0.0,boundary_values,oracle,nominal,1,1,0,1.0
0.005,2500.0,2.0,0.0,randomized_1,blind_joint_search,oracle,1,0,0,1.0
0.005,2500.0,2.0,0.0,randomized_1,blind_joint_search,nominal,1,1,0,1.0
0.005,2500.0,2.0,0.0,randomized_1,oracle,nominal,1,1,0,1.0
0.005,2500.0,2.0,0.0,randomized_2,blind_joint_search,oracle,1,0,0,1.0
0.005,2500.0,2.0,0.0,randomized_2,blind_joint_search,nominal,1,1,0,1.0
0.005,2500.0,2.0,0.0,randomized_2,oracle,nominal,1,1,0,1.0
0.005,2500.0,2.0,0.0,randomized_3,blind_joint_search,oracle,1,0,0,1.0
0.005,2500.0,2.0,0.0,randomized_3,blind_joint_search,nominal,1,1,0,1.0
0.005,2500.0,2.0,0.0,randomized_3,oracle,nominal,1,1,0,1.0
0.005,2500.0,2.0,0.0,POOLED_ALL_VECTORS,blind_joint_search,oracle,6,0,0,1.0
0.005,2500.0,2.0,0.0,POOLED_ALL_VECTORS,blind_joint_search,nominal,6,6,0,0.03125
0.005,2500.0,2.0,0.0,POOLED_ALL_VECTORS,oracle,nominal,6,6,0,0.03125
0.005,2500.0,2.0,0.25,mixed_signs,blind_joint_search,oracle,200,0,0,1.0
0.005,2500.0,2.0,0.25,mixed_signs,blind_joint_search,nominal,200,200,0,1.2446030555722283e-60
0.005,2500.0,2.0,0.25,mixed_signs,oracle,nominal,200,200,0,1.2446030555722283e-60
0.005,2500.0,2.0,0.25,sparse_and_zeros,blind_joint_search,oracle,200,0,0,1.0
0.005,2500.0,2.0,0.25,sparse_and_zeros,blind_joint_search,nominal,200,200,0,1.2446030555722283e-60
0.005,2500.0,2.0,0.25,sparse_and_zeros,oracle,nominal,200,200,0,1.2446030555722283e-60
0.005,2500.0,2.0,0.25,boundary_values,blind_joint_search,oracle,200,0,0,1.0
0.005,2500.0,2.0,0.25,boundary_values,blind_joint_search,nominal,200,200,0,1.2446030555722283e-60
0.005,2500.0,2.0,0.25,boundary_values,oracle,nominal,200,200,0,1.2446030555722283e-60
0.005,2500.0,2.0,0.25,randomized_1,blind_joint_search,oracle,200,0,0,1.0
0.005,2500.0,2.0,0.25,randomized_1,blind_joint_search,nominal,200,200,0,1.2446030555722283e-60
0.005,2500.0,2.0,0.25,randomized_1,oracle,nominal,200,200,0,1.2446030555722283e-60
0.005,2500.0,2.0,0.25,randomized_2,blind_joint_search,oracle,200,0,0,1.0
0.005,2500.0,2.0,0.25,randomized_2,blind_joint_search,nominal,200,200,0,1.2446030555722283e-60
0.005,2500.0,2.0,0.25,randomized_2,oracle,nominal,200,200,0,1.2446030555722283e-60
0.005,2500.0,2.0,0.25,randomized_3,blind_joint_search,oracle,200,0,0,1.0
0.005,2500.0,2.0,0.25,randomized_3,blind_joint_search,nominal,200,200,0,1.2446030555722283e-60
0.005,2500.0,2.0,0.25,randomized_3,oracle,nominal,200,200,0,1.2446030555722283e-60
0.005,2500.0,2.0,0.25,POOLED_ALL_VECTORS,blind_joint_search,oracle,1200,0,0,1.0
0.005,2500.0,2.0,0.25,POOLED_ALL_VECTORS,blind_joint_search,nominal,1200,1200,0,0.0
0.005,2500.0,2.0,0.25,POOLED_ALL_VECTORS,oracle,nominal,1200,1200,0,0.0
0.005,2500.0,2.0,0.45,mixed_signs,blind_joint_search,oracle,200,0,0,1.0
0.005,2500.0,2.0,0.45,mixed_signs,blind_joint_search,nominal,200,183,0,1.6313261169996311e-55
0.005,2500.0,2.0,0.45,mixed_signs,oracle,nominal,200,183,0,1.6313261169996311e-55
0.005,2500.0,2.0,0.45,sparse_and_zeros,blind_joint_search,oracle,200,0,0,1.0
0.005,2500.0,2.0,0.45,sparse_and_zeros,blind_joint_search,nominal,200,191,0,6.372367644529809e-58
0.005,2500.0,2.0,0.45,sparse_and_zeros,oracle,nominal,200,191,0,6.372367644529809e-58
0.005,2500.0,2.0,0.45,boundary_values,blind_joint_search,oracle,200,0,0,1.0
0.005,2500.0,2.0,0.45,boundary_values,blind_joint_search,nominal,200,165,0,4.276423536147513e-50
0.005,2500.0,2.0,0.45,boundary_values,oracle,nominal,200,165,0,4.276423536147513e-50
0.005,2500.0,2.0,0.45,randomized_1,blind_joint_search,oracle,200,0,0,1.0
0.005,2500.0,2.0,0.45,randomized_1,blind_joint_search,nominal,200,170,0,1.3363823550460978e-51
0.005,2500.0,2.0,0.45,randomized_1,oracle,nominal,200,170,0,1.3363823550460978e-51
0.005,2500.0,2.0,0.45,randomized_2,blind_joint_search,oracle,200,0,0,1.0
0.005,2500.0,2.0,0.45,randomized_2,blind_joint_search,nominal,200,174,0,8.352389719038111e-53
0.005,2500.0,2.0,0.45,randomized_2,oracle,nominal,200,174,0,8.352389719038111e-53
0.005,2500.0,2.0,0.45,randomized_3,blind_joint_search,oracle,200,0,0,1.0
0.005,2500.0,2.0,0.45,randomized_3,blind_joint_search,nominal,200,185,0,4.078315292499078e-56
0.005,2500.0,2.0,0.45,randomized_3,oracle,nominal,200,185,0,4.078315292499078e-56
0.005,2500.0,2.0,0.45,POOLED_ALL_VECTORS,blind_joint_search,oracle,1200,0,0,1.0
0.005,2500.0,2.0,0.45,POOLED_ALL_VECTORS,blind_joint_search,nominal,1200,1068,0,6.3e-322
0.005,2500.0,2.0,0.45,POOLED_ALL_VECTORS,oracle,nominal,1200,1068,0,6.3e-322
